Stage,ChangeList 1,ChangeList 2,ChangeList 3,Changelist Avg, ,Hashlite 1,Hashlite 2,Hashlite 3,Hashlite Avg, ,,
0,0.001,0.001,0.001,0.001, ,0.101,0.137,0.118,0.118666667, ,,
1,0,0,0,0,Sum,0.189,0.197,0.193,0.193, ,,
2,0.002,0.001,0.001,0.001333333,16.74933333,0.001,0,0.001,0.000666667,9.381666667,7.367666667,       
3,0.001,0.001,0.001,0.001, ,0,0,0,0, ,,
4,0.002,0.001,0.001,0.001333333, ,0.001,0.001,0,0.000666667, ,,
5,0.001,0.001,0.001,0.001, ,0,0,0,0, ,,
6,0.002,0.001,0.001,0.001333333, ,0,0,0,0, ,,
7,0.001,0.001,0.001,0.001, ,0,0,0,0, ,,
8,0.002,0.001,0.001,0.001333333, ,0.002,0,0,0.000666667, ,,
9,0.001,0.001,0.001,0.001, ,0.001,0,0.001,0.000666667, ,,
10,0.002,0.001,0.002,0.001666667, ,0,0,0,0, ,,
11,0.003,0.001,0.001,0.001666667, ,0.001,0,0,0.000333333, ,,
12,0.002,0.001,0.001,0.001333333, ,0,0,0,0, ,,
13,0.001,0.001,0.001,0.001, ,0,0.001,0,0.000333333, ,,
14,0.003,0.001,0.001,0.001666667, ,0.001,0,0,0.000333333, ,,
15,0.001,0.001,0.001,0.001, ,0,0,0.001,0.000333333, ,,
16,0.002,0.001,0.001,0.001333333, ,0,0,0,0, ,,
17,0.001,0.001,0.001,0.001, ,0.001,0,0,0.000333333, ,,
18,0.002,0.001,0.001,0.001333333, ,0,0,0,0, ,,
19,0,0.001,0.001,0.000666667, ,0,0,0,0, ,,
20,0.002,0.001,0.001,0.001333333, ,0.001,0,0,0.000333333, ,,
21,0.001,0.001,0.002,0.001333333, ,0,0.001,0.001,0.000666667, ,,
22,0.001,0.001,0.001,0.001, ,0,0,0,0, ,,
23,0.001,0.001,0.001,0.001, ,0,0,0,0, ,,
24,0.001,0.007,0.001,0.003, ,0,0,0,0, ,,
25,0.001,0.001,0.001,0.001, ,0.001,0,0,0.000333333, ,,
26,0.002,0.001,0.001,0.001333333, ,0,0,0,0, ,,
27,0.001,0.001,0.001,0.001, ,0,0,0,0, ,,
28,0.001,0.001,0.001,0.001, ,0,0,0,0, ,,
29,0.001,0.002,0.001,0.001333333, ,0,0,0.001,0.000333333, ,,
30,0.001,0.001,0.001,0.001, ,0,0.001,0,0.000333333, ,,
31,0.002,0.001,0.001,0.001333333, ,0.001,0,0,0.000333333, ,,
32,0.001,0.001,0.001,0.001, ,0,0,0,0, ,,
33,0.001,0.001,0.001,0.001, ,0,0,0,0, ,,
34,0.002,0.001,0.001,0.001333333, ,0,0,0,0, ,,
35,0.001,0.001,0.001,0.001, ,0,0,0,0, ,,
36,0.001,0.001,0.001,0.001, ,0,0,0.001,0.000333333, ,,
37,0.001,0.001,0.001,0.001, ,0.001,0.001,0,0.000666667, ,,
38,0.001,0.001,0.001,0.001, ,0,0,0,0, ,,
39,0.001,0.001,0.001,0.001, ,0,0,0,0, ,,
40,0.001,0.001,0.001,0.001, ,0,0,0,0, ,,
41,0.001,0.001,0.001,0.001, ,0.001,0,0,0.000333333, ,,
42,0.001,0.001,0.001,0.001, ,0,0,0,0, ,,
43,0.001,0.001,0.001,0.001, ,0,0,0.001,0.000333333, ,,
44,0.001,0.001,0.001,0.001, ,0.001,0,0,0.000333333, ,,
45,0.001,0.001,0.001,0.001, ,0,0.001,0,0.000333333, ,,
46,0.001,0.001,0.001,0.001, ,0,0,0,0, ,,
47,0.002,0.001,0.001,0.001333333, ,0,0,0,0, ,,
48,0.001,0.001,0.001,0.001, ,0.001,0,0.001,0.000666667, ,,
49,0.001,0.001,0.001,0.001, ,0,0,0,0, ,,
50,0.001,0.001,0.002,0.001333333, ,0,0,0,0, ,,
51,0.001,0.001,0.001,0.001, ,0.001,0,0,0.000333333, ,,
52,0.001,0.001,0.001,0.001, ,0,0,0,0, ,,
53,0.001,0.001,0.001,0.001, ,0,0.001,0,0.000333333, ,,
54,0.001,0.001,0.001,0.001, ,0,0,0,0, ,,
55,0.001,0.001,0.001,0.001, ,0.001,0,0.001,0.000666667, ,,
56,0.001,0.001,0.001,0.001, ,0,0,0,0, ,,
57,0.001,0.002,0.001,0.001333333, ,0,0,0,0, ,,
58,0.001,0.001,0.001,0.001, ,0.001,0,0,0.000333333, ,,
59,0.001,0.001,0.001,0.001, ,0,0.001,0,0.000333333, ,,
60,0.001,0.001,0.001,0.001, ,0,0,0.001,0.000333333, ,,
61,0.001,0.001,0.001,0.001, ,0,0,0,0, ,,
62,0.001,0.001,0.001,0.001, ,0.001,0,0,0.000333333, ,,
63,0.001,0.001,0.001,0.001, ,0,0,0,0, ,,
64,0.002,0.001,0.001,0.001333333, ,0,0,0.001,0.000333333, ,,
65,0.001,0.001,0.001,0.001, ,0.001,0.001,0,0.000666667, ,,
66,0.001,0.001,0.001,0.001, ,0,0,0,0, ,,
67,0.001,0.001,0.001,0.001, ,0,0,0.001,0.000333333, ,,
68,0.005,0.001,0.001,0.002333333, ,0,0,0,0, ,,
69,0.002,0.001,0.001,0.001333333, ,0.001,0.001,0,0.000666667, ,,
70,0.001,0.001,0.001,0.001, ,0,0,0,0, ,,
71,0.001,0.001,0.001,0.001, ,0,0,0,0, ,,
72,0.001,0.001,0.001,0.001, ,0.001,0,0.001,0.000666667, ,,
73,0.001,0.001,0.001,0.001, ,0,0,0,0, ,,
74,0.001,0.001,0.001,0.001, ,0,0.001,0,0.000333333, ,,
75,0.001,0.001,0.002,0.001333333, ,0,0,0,0, ,,
76,0.001,0.001,0.001,0.001, ,0.001,0,0,0.000333333, ,,
77,0.001,0.001,0.001,0.001, ,0,0,0.001,0.000333333, ,,
78,0.001,0.001,0.001,0.001, ,0,0,0,0, ,,
79,0.002,0.001,0.001,0.001333333, ,0,0,0,0, ,,
80,0.001,0.002,0.001,0.001333333, ,0,0,0,0, ,,
81,0.001,0.001,0.001,0.001, ,0.001,0.001,0.001,0.001, ,,
82,0.001,0.001,0.001,0.001, ,0,0,0,0, ,,
83,0.001,0.001,0.001,0.001, ,0,0,0,0, ,,
84,0.001,0.001,0.001,0.001, ,0,0,0,0, ,,
85,0.001,0.001,0.001,0.001, ,0.001,0,0.001,0.000666667, ,,
86,0.001,0.001,0.006,0.002666667, ,0,0,0,0, ,,
87,0.001,0.001,0.002,0.001333333, ,0,0.001,0,0.000333333, ,,
88,0.001,0.001,0.001,0.001, ,0,0,0,0, ,,
89,0.001,0.001,0.001,0.001, ,0.001,0,0.001,0.000666667, ,,
90,0.002,0.001,0.001,0.001333333, ,0,0,0,0, ,,
91,0.001,0.001,0.001,0.001, ,0,0,0,0, ,,
92,0.001,0.001,0.001,0.001, ,0,0.001,0.001,0.000666667, ,,
93,0.001,0.001,0.001,0.001, ,0.001,0,0,0.000333333, ,,
94,0.001,0.001,0.001,0.001, ,0,0,0,0, ,,
95,0.001,0.001,0.001,0.001, ,0,0,0,0, ,,
96,0.001,0.001,0.001,0.001, ,0.001,0,0.001,0.000666667, ,,
97,0.001,0.001,0.001,0.001, ,0,0.001,0,0.000333333, ,,
98,0.001,0.001,0.001,0.001, ,0.001,0,0,0.000333333, ,,
99,0.001,0.001,0.001,0.001, ,0,0,0,0, ,,
100,0.001,0.001,0.001,0.001, ,0,0,0,0, ,,
101,0.001,0.001,0.001,0.001, ,0.001,0,0.001,0.000666667, ,,
102,0.002,0.001,0.001,0.001333333, ,0,0,0,0, ,,
103,0.001,0.001,0.001,0.001, ,0,0.001,0,0.000333333, ,,
104,0.001,0.001,0.001,0.001, ,0,0,0,0, ,,
105,0.001,0.001,0.002,0.001333333, ,0.001,0,0,0.000333333, ,,
106,0.001,0.002,0.001,0.001333333, ,0,0,0.001,0.000333333, ,,
107,0.001,0.001,0.001,0.001, ,0,0,0,0, ,,
108,0.001,0.001,0.001,0.001, ,0.001,0.001,0,0.000666667, ,,
109,0.001,0.001,0.001,0.001, ,0,0,0,0, ,,
110,0.001,0.001,0.001,0.001, ,0,0,0.001,0.000333333, ,,
111,0.001,0.001,0.001,0.001, ,0,0,0,0, ,,
112,0.002,0.001,0.001,0.001333333, ,0.001,0,0,0.000333333, ,,
113,0.001,0.001,0.001,0.001, ,0,0.001,0,0.000333333, ,,
114,0.001,0.001,0.001,0.001, ,0,0,0.001,0.000333333, ,,
115,0.001,0.001,0.001,0.001, ,0,0,0,0, ,,
116,0.001,0.001,0.001,0.001, ,0.001,0,0,0.000333333, ,,
117,0.001,0.001,0.001,0.001, ,0,0,0,0, ,,
118,0.001,0.001,0.001,0.001, ,0,0.001,0.001,0.000666667, ,,
119,0.001,0.001,0.001,0.001, ,0,0,0,0, ,,
120,0.001,0.001,0.001,0.001, ,0.001,0,0,0.000333333, ,,
121,0.002,0.002,0.001,0.001666667, ,0,0,0,0, ,,
122,0.001,0.001,0.001,0.001, ,0,0,0.001,0.000333333, ,,
123,0.001,0.001,0.002,0.001333333, ,0.001,0.001,0,0.000666667, ,,
124,0.001,0.001,0.001,0.001, ,0,0,0,0, ,,
125,0.001,0.001,0.001,0.001, ,0,0,0.001,0.000333333, ,,
126,0.001,0.001,0.001,0.001, ,0,0,0,0, ,,
127,0.001,0.007,0.001,0.003, ,0.001,0.001,0,0.000666667, ,,
128,0.001,0.001,0.001,0.001, ,0,0,0.001,0.000333333, ,,
129,0.001,0.001,0.001,0.001, ,0,0,0,0, ,,
130,0.002,0.001,0.001,0.001333333, ,0.001,0.001,0,0.000666667, ,,
131,0.001,0.001,0.001,0.001, ,0,0,0.001,0.000333333, ,,
132,0.001,0.001,0.001,0.001, ,0,0,0,0, ,,
133,0.001,0.001,0.001,0.001, ,0.001,0,0,0.000333333, ,,
134,0.001,0.001,0.001,0.001, ,0,0.001,0.001,0.000666667, ,,
135,0.001,0.002,0.001,0.001333333, ,0,0,0,0, ,,
136,0.001,0.001,0.001,0.001, ,0.001,0,0,0.000333333, ,,
137,0.001,0.001,0.002,0.001333333, ,0,0.001,0.001,0.000666667, ,,
138,0.001,0.001,0.001,0.001, ,0.001,0,0.001,0.000666667, ,,
139,0.001,0.001,0.001,0.001, ,0,0,0,0, ,,
140,0.001,0.001,0.001,0.001, ,0.001,0.001,0.001,0.001, ,,
141,0.002,0.001,0.001,0.001333333, ,0,0,0,0, ,,
142,0.001,0.001,0.001,0.001, ,0,0,0,0, ,,
143,0.001,0.001,0.001,0.001, ,0.001,0.001,0.001,0.001, ,,
144,0.001,0.001,0.001,0.001, ,0,0,0,0, ,,
145,0.001,0.001,0.001,0.001, ,0.001,0,0,0.000333333, ,,
146,0.001,0.001,0.001,0.001, ,0,0.001,0.001,0.000666667, ,,
147,0.001,0.001,0.001,0.001, ,0,0,0,0, ,,
148,0.001,0.002,0.001,0.001333333, ,0.001,0,0.001,0.000666667, ,,
149,0.001,0.001,0.001,0.001, ,0,0.001,0,0.000333333, ,,
150,0.001,0.001,0.001,0.001, ,0,0,0,0, ,,
151,0.001,0.001,0.002,0.001333333, ,0.001,0,0.001,0.000666667, ,,
152,0.002,0.001,0.001,0.001333333, ,0,0,0,0, ,,
153,0.001,0.001,0.001,0.001, ,0.001,0.001,0,0.000666667, ,,
154,0.001,0.001,0.001,0.001, ,0,0,0.001,0.000333333, ,,
155,0.001,0.001,0.001,0.001, ,0,0,0,0, ,,
156,0.001,0.001,0.001,0.001, ,0.001,0.001,0.001,0.001, ,,
157,0.001,0.001,0.001,0.001, ,0,0,0,0, ,,
158,0.001,0.001,0.001,0.001, ,0.001,0,0,0.000333333, ,,
159,0.001,0.002,0.001,0.001333333, ,0,0.001,0.001,0.000666667, ,,
160,0.002,0.001,0.001,0.001333333, ,0,0,0,0, ,,
161,0.001,0.001,0.001,0.001, ,0.001,0,0.001,0.000666667, ,,
162,0.001,0.001,0.001,0.001, ,0,0.001,0,0.000333333, ,,
163,0.001,0.001,0.001,0.001, ,0.001,0,0,0.000333333, ,,
164,0.001,0.001,0.002,0.001333333, ,0,0,0.001,0.000333333, ,,
165,0.001,0.001,0.001,0.001, ,0,0.001,0,0.000333333, ,,
166,0.002,0.001,0.001,0.001333333, ,0.001,0,0.001,0.000666667, ,,
167,0.001,0.001,0.001,0.001, ,0,0,0,0, ,,
168,0.002,0.001,0.001,0.001333333, ,0.001,0.001,0,0.000666667, ,,
169,0.001,0.001,0.001,0.001, ,0,0,0.001,0.000333333, ,,
170,0.001,0.001,0.001,0.001, ,0,0,0,0, ,,
171,0.007,0.001,0.001,0.003, ,0.001,0.001,0.001,0.001, ,,
172,0.001,0.001,0.001,0.001, ,0,0,0,0, ,,
173,0.002,0.002,0.001,0.001666667, ,0.001,0,0,0.000333333, ,,
174,0.001,0.001,0.002,0.001333333, ,0,0.001,0.001,0.000666667, ,,
175,0.001,0.001,0.001,0.001, ,0,0,0,0, ,,
176,0.001,0.001,0.001,0.001, ,0.001,0,0.001,0.000666667, ,,
177,0.001,0.001,0.001,0.001, ,0,0.001,0,0.000333333, ,,
178,0.001,0.001,0.002,0.001333333, ,0.001,0,0,0.000333333, ,,
179,0.002,0.001,0.001,0.001333333, ,0,0.001,0.001,0.000666667, ,,
180,0.001,0.001,0.001,0.001, ,0.006,0.003,0.006,0.005, ,,
181,0.001,0.001,0.001,0.001, ,0.001,0.001,0,0.000666667, ,,
182,0.001,0.002,0.001,0.001333333, ,0,0,0.001,0.000333333, ,,
183,0.001,0.001,0.001,0.001, ,0.001,0.001,0,0.000666667, ,,
184,0.002,0.001,0.001,0.001333333, ,0,0,0.001,0.000333333, ,,
185,0.001,0.001,0.002,0.001333333, ,0.001,0.001,0.001,0.001, ,,
186,0.001,0.001,0.001,0.001, ,0.001,0,0,0.000333333, ,,
187,0.001,0.001,0.001,0.001, ,0,0.001,0.001,0.000666667, ,,
188,0.002,0.001,0.001,0.001333333, ,0.001,0,0,0.000333333, ,,
189,0.001,0.001,0.007,0.003, ,0,0,0,0, ,,
190,0.001,0.001,0.001,0.001, ,0,0.001,0.001,0.000666667, ,,
191,0.001,0.001,0.002,0.001333333, ,0.001,0,0,0.000333333, ,,
192,0.001,0.002,0.001,0.001333333, ,0,0,0.001,0.000333333, ,,
193,0.002,0.001,0.001,0.001333333, ,0.001,0.001,0,0.000666667, ,,
194,0.001,0.001,0.001,0.001, ,0,0,0,0, ,,
195,0.001,0.001,0.001,0.001, ,0,0,0.001,0.000333333, ,,
196,0.001,0.001,0.001,0.001, ,0.001,0,0,0.000333333, ,,
197,0.001,0.001,0.001,0.001, ,0,0.001,0,0.000333333, ,,
198,0.001,0.001,0.001,0.001, ,0,0,0.001,0.000333333, ,,
199,0.002,0.001,0.001,0.001333333, ,0,0,0,0, ,,
200,0.001,0.001,0.001,0.001, ,0.001,0,0,0.000333333, ,,
201,0.001,0.001,0.002,0.001333333, ,0,0.001,0.001,0.000666667, ,,
202,0.001,0.001,0.001,0.001, ,0,0,0,0, ,,
203,0.001,0.001,0.001,0.001, ,0.001,0,0.001,0.000666667, ,,
204,0.001,0.001,0.001,0.001, ,0,0.001,0,0.000333333, ,,
205,0.001,0.001,0.001,0.001, ,0,0,0,0, ,,
206,0.001,0.002,0.001,0.001333333, ,0.001,0,0.001,0.000666667, ,,
207,0.002,0.001,0.001,0.001333333, ,0,0.001,0,0.000333333, ,,
208,0.001,0.001,0.001,0.001, ,0,0,0,0, ,,
209,0.001,0.002,0.001,0.001333333, ,0,0,0,0, ,,
210,0.001,0.001,0.001,0.001, ,0.001,0,0.001,0.000666667, ,,
211,0.001,0.001,0.001,0.001, ,0,0,0,0, ,,
212,0.001,0.001,0.001,0.001, ,0,0.001,0,0.000333333, ,,
213,0.001,0.001,0.001,0.001, ,0,0,0.001,0.000333333, ,,
214,0.001,0.001,0.001,0.001, ,0.001,0,0,0.000333333, ,,
215,0.001,0.001,0.002,0.001333333, ,0,0,0,0, ,,
216,0.002,0.001,0.001,0.001333333, ,0,0.001,0,0.000333333, ,,
217,0.001,0.002,0.001,0.001333333, ,0,0,0.001,0.000333333, ,,
218,0.001,0.001,0.001,0.001, ,0.001,0,0,0.000333333, ,,
219,0.001,0.001,0.001,0.001, ,0,0,0,0, ,,
220,0.001,0.001,0.001,0.001, ,0,0.001,0.001,0.000666667, ,,
221,0.001,0.001,0.001,0.001, ,0.001,0,0,0.000333333, ,,
222,0.001,0.001,0.001,0.001, ,0,0,0,0, ,,
223,0.001,0.001,0.001,0.001, ,0,0,0.001,0.000333333, ,,
224,0.002,0.001,0.001,0.001333333, ,0.001,0.001,0,0.000666667, ,,
225,0.001,0.001,0.001,0.001, ,0,0,0,0, ,,
226,0.001,0.001,0.001,0.001, ,0,0,0,0, ,,
227,0.001,0.001,0.001,0.001, ,0.001,0,0.001,0.000666667, ,,
228,0.001,0.001,0.001,0.001, ,0,0.001,0,0.000333333, ,,
229,0.001,0.001,0.001,0.001, ,0,0,0,0, ,,
230,0.001,0.007,0.002,0.003333333, ,0,0,0,0, ,,
231,0.001,0.001,0.001,0.001, ,0.001,0,0.001,0.000666667, ,,
232,0.002,0.001,0.001,0.001333333, ,0,0,0,0, ,,
233,0.001,0.001,0.001,0.001, ,0,0,0,0, ,,
234,0.001,0.001,0.001,0.001, ,0,0.001,0,0.000333333, ,,
235,0.001,0.001,0.001,0.001, ,0,0,0,0, ,,
236,0.001,0.001,0.001,0.001, ,0.001,0,0.001,0.000666667, ,,
237,0.001,0.001,0.001,0.001, ,0,0,0,0, ,,
238,0.001,0.001,0.001,0.001, ,0,0,0,0, ,,
239,0.001,0.002,0.001,0.001333333, ,0.001,0.001,0,0.000666667, ,,
240,0.001,0.001,0.001,0.001, ,0,0,0.001,0.000333333, ,,
241,0.001,0.001,0.001,0.001, ,0,0,0,0, ,,
242,0.001,0.001,0.001,0.001, ,0,0,0,0, ,,
243,0.001,0.001,0.001,0.001, ,0.001,0,0,0.000333333, ,,
244,0.001,0.001,0.001,0.001, ,0,0.001,0.001,0.000666667, ,,
245,0.002,0.001,0.001,0.001333333, ,0,0,0,0, ,,
246,0.001,0.001,0.002,0.001333333, ,0,0,0,0, ,,
247,0.001,0.001,0.001,0.001, ,0.001,0,0,0.000333333, ,,
248,0.001,0.001,0.001,0.001, ,0,0,0.001,0.000333333, ,,
249,0.001,0.001,0.001,0.001, ,0,0.001,0,0.000333333, ,,
250,0.001,0.001,0.001,0.001, ,0,0,0,0, ,,
251,0.001,0.001,0.001,0.001, ,0.001,0,0,0.000333333, ,,
252,0.001,0.001,0.001,0.001, ,0,0,0,0, ,,
253,0.001,0.001,0.001,0.001, ,0,0,0.001,0.000333333, ,,
254,0.001,0.002,0.001,0.001333333, ,0,0.001,0,0.000333333, ,,
255,0.002,0.001,0.001,0.001333333, ,0,0,0,0, ,,
256,0.001,0.001,0.001,0.001, ,0.001,0,0,0.000333333, ,,
257,0.001,0.001,0.001,0.001, ,0,0,0.001,0.000333333, ,,
258,0.001,0.001,0.001,0.001, ,0,0,0,0, ,,
259,0.001,0.001,0.001,0.001, ,0.001,0.001,0,0.000666667, ,,
260,0.001,0.001,0.001,0.001, ,0,0,0.001,0.000333333, ,,
261,0.001,0.001,0.002,0.001333333, ,0,0,0,0, ,,
262,0.001,0.001,0.001,0.001, ,0,0,0,0, ,,
263,0.001,0.001,0.001,0.001, ,0.001,0.001,0,0.000666667, ,,
264,0.001,0.001,0.001,0.001, ,0,0,0.001,0.000333333, ,,
265,0.001,0.001,0.001,0.001, ,0,0,0,0, ,,
266,0.002,0.001,0.001,0.001333333, ,0.001,0,0,0.000333333, ,,
267,0.001,0.001,0.001,0.001, ,0,0.001,0.001,0.000666667, ,,
268,0.001,0.001,0.001,0.001, ,0,0,0,0, ,,
269,0.001,0.002,0.001,0.001333333, ,0.001,0,0,0.000333333, ,,
270,0.001,0.001,0.001,0.001, ,0,0,0.001,0.000333333, ,,
271,0.001,0.001,0.001,0.001, ,0,0.001,0,0.000333333, ,,
272,0.001,0.001,0.001,0.001, ,0.001,0,0,0.000333333, ,,
273,0.001,0.002,0.001,0.001333333, ,0,0,0.001,0.000333333, ,,
274,0.006,0.001,0.002,0.003, ,0,0.001,0,0.000333333, ,,
275,0.001,0.001,0.001,0.001, ,0.001,0,0,0.000333333, ,,
276,0.001,0.002,0.001,0.001333333, ,0,0,0.001,0.000333333, ,,
277,0.001,0.001,0.001,0.001, ,0,0,0,0, ,,
278,0.001,0.001,0.001,0.001, ,0,0,0,0, ,,
279,0.002,0.001,0.001,0.001333333, ,0.001,0.001,0,0.000666667, ,,
280,0.001,0.001,0.001,0.001, ,0,0,0.001,0.000333333, ,,
281,0.001,0.001,0.001,0.001, ,0,0,0,0, ,,
282,0.001,0.001,0.001,0.001, ,0,0,0,0, ,,
283,0.001,0.001,0.002,0.001333333, ,0.001,0,0,0.000333333, ,,
284,0.001,0.001,0.001,0.001, ,0,0.001,0,0.000333333, ,,
285,0.001,0.001,0.001,0.001, ,0,0,0.001,0.000333333, ,,
286,0.001,0.001,0.001,0.001, ,0,0,0,0, ,,
287,0.002,0.001,0.001,0.001333333, ,0.001,0,0,0.000333333, ,,
288,0.001,0.002,0.001,0.001333333, ,0,0.001,0.001,0.000666667, ,,
289,0.001,0.001,0.001,0.001, ,0,0,0,0, ,,
290,0.001,0.001,0.001,0.001, ,0.001,0,0,0.000333333, ,,
291,0.001,0.001,0.001,0.001, ,0,0,0,0, ,,
292,0.001,0.001,0.007,0.003, ,0,0.001,0.001,0.000666667, ,,
293,0.001,0.001,0.001,0.001, ,0,0,0,0, ,,
294,0.001,0.001,0.001,0.001, ,0.001,0,0,0.000333333, ,,
295,0.001,0.001,0.001,0.001, ,0,0,0,0, ,,
296,0.001,0.001,0.002,0.001333333, ,0,0.001,0.001,0.000666667, ,,
297,0.001,0.001,0.001,0.001, ,0.001,0,0,0.000333333, ,,
298,0.002,0.001,0.001,0.001333333, ,0,0,0,0, ,,
299,0.001,0.001,0.001,0.001, ,0,0,0.001,0.000333333, ,,
300,0.001,0.001,0.001,0.001, ,0.001,0.001,0,0.000666667, ,,
301,0.001,0.001,0.001,0.001, ,0,0,0,0, ,,
302,0.001,0.002,0.001,0.001333333, ,0,0,0.001,0.000333333, ,,
303,0.001,0.001,0.001,0.001, ,0.007,0.004,0.006,0.005666667, ,,
304,0.001,0.001,0.001,0.001, ,0,0.001,0.001,0.000666667, ,,
305,0.001,0.001,0.002,0.001333333, ,0,0,0,0, ,,
306,0.002,0.001,0.001,0.001333333, ,0.001,0,0,0.000333333, ,,
307,0.001,0.001,0.001,0.001, ,0,0.001,0.001,0.000666667, ,,
308,0.001,0.001,0.001,0.001, ,0.001,0,0,0.000333333, ,,
309,0.001,0.001,0.001,0.001, ,0,0,0.001,0.000333333, ,,
310,0.001,0.001,0.001,0.001, ,0.001,0.001,0,0.000666667, ,,
311,0.001,0.001,0.001,0.001, ,0,0,0.001,0.000333333, ,,
312,0.002,0.001,0.001,0.001333333, ,0.001,0,0,0.000333333, ,,
313,0.001,0.001,0.001,0.001, ,0,0.001,0,0.000333333, ,,
314,0.001,0.002,0.002,0.001666667, ,0.001,0,0.001,0.000666667, ,,
315,0.001,0.001,0.001,0.001, ,0,0,0,0, ,,
316,0.001,0.001,0.001,0.001, ,0,0.001,0.001,0.000666667, ,,
317,0.002,0.001,0.001,0.001333333, ,0.001,0,0,0.000333333, ,,
318,0.001,0.001,0.001,0.001, ,0,0,0,0, ,,
319,0.002,0.001,0.001,0.001333333, ,0.001,0.001,0.001,0.001, ,,
320,0.001,0.001,0.001,0.001, ,0,0,0,0, ,,
321,0.001,0.002,0.001,0.001333333, ,0.001,0,0.001,0.000666667, ,,
322,0.001,0.001,0.001,0.001, ,0,0.001,0,0.000333333, ,,
323,0.002,0.001,0.001,0.001333333, ,0.001,0,0,0.000333333, ,,
324,0.001,0.001,0.001,0.001, ,0,0,0.001,0.000333333, ,,
325,0.001,0.001,0.002,0.001333333, ,0.001,0,0,0.000333333, ,,
326,0.001,0.001,0.001,0.001, ,0,0.001,0,0.000333333, ,,
327,0.001,0.001,0.001,0.001, ,0,0,0.001,0.000333333, ,,
328,0.002,0.001,0.001,0.001333333, ,0.001,0,0,0.000333333, ,,
329,0.001,0.001,0.001,0.001, ,0,0,0,0, ,,
330,0.001,0.001,0.001,0.001, ,0,0.001,0.001,0.000666667, ,,
331,0.001,0.002,0.001,0.001333333, ,0.001,0,0,0.000333333, ,,
332,0.001,0.001,0.001,0.001, ,0,0,0,0, ,,
333,0.002,0.006,0.001,0.003, ,0.001,0.001,0.001,0.001, ,,
334,0.001,0.001,0.001,0.001, ,0,0,0,0, ,,
335,0.001,0.001,0.001,0.001, ,0,0.001,0.001,0.000666667, ,,
336,0.001,0.001,0.001,0.001, ,0.001,0,0,0.000333333, ,,
337,0.001,0.001,0.001,0.001, ,0,0,0,0, ,,
338,0.001,0.002,0.002,0.001666667, ,0,0,0.001,0.000333333, ,,
339,0.002,0.001,0.001,0.001333333, ,0.001,0.001,0,0.000666667, ,,
340,0.001,0.001,0.001,0.001, ,0,0,0,0, ,,
341,0.001,0.001,0.001,0.001, ,0,0,0.001,0.000333333, ,,
342,0.001,0.001,0.001,0.001, ,0.001,0.001,0,0.000666667, ,,
343,0.001,0.001,0.001,0.001, ,0,0,0,0, ,,
344,0.001,0.001,0.001,0.001, ,0.001,0,0.001,0.000666667, ,,
345,0.002,0.001,0.001,0.001333333, ,0,0,0,0, ,,
346,0.001,0.001,0.001,0.001, ,0,0.001,0,0.000333333, ,,
347,0.001,0.001,0.002,0.001333333, ,0.001,0,0.001,0.000666667, ,,
348,0.001,0.001,0.001,0.001, ,0,0.001,0,0.000333333, ,,
349,0.002,0.001,0.001,0.001333333, ,0.015,0,0.001,0.005333333, ,,
350,0.001,0.001,0.001,0.001, ,0,0,0,0, ,,
351,0.001,0.002,0.001,0.001333333, ,0.001,0.001,0.001,0.001, ,,
352,0.001,0.001,0.001,0.001, ,0,0,0,0, ,,
353,0.001,0.001,0.001,0.001, ,0,0,0,0, ,,
354,0.002,0.001,0.001,0.001333333, ,0.001,0.001,0.001,0.001, ,,
355,0.001,0.001,0.002,0.001333333, ,0,0,0,0, ,,
356,0.001,0.001,0.001,0.001, ,0,0,0,0, ,,
357,0.001,0.001,0.001,0.001, ,0.001,0.001,0.001,0.001, ,,
358,0.002,0.001,0.001,0.001333333, ,0,0,0,0, ,,
359,0.001,0.001,0.001,0.001, ,0,0,0.001,0.000333333, ,,
360,0.001,0.001,0.001,0.001, ,0.001,0.001,0,0.000666667, ,,
361,0.001,0.002,0.001,0.001333333, ,0,0,0.001,0.000333333, ,,
362,0.001,0.001,0.001,0.001, ,0,0.001,0,0.000333333, ,,
363,0.002,0.001,0.001,0.001333333, ,0.001,0,0,0.000333333, ,,
364,0.001,0.001,0.001,0.001, ,0,0,0.001,0.000333333, ,,
365,0.001,0.001,0.001,0.001, ,0.001,0.001,0,0.000666667, ,,
366,0.001,0.001,0.001,0.001, ,0,0,0.001,0.000333333, ,,
367,0.001,0.001,0.002,0.001333333, ,0,0,0,0, ,,
368,0.002,0.001,0.001,0.001333333, ,0.001,0.001,0.001,0.001, ,,
369,0.001,0.001,0.001,0.001, ,0,0,0,0, ,,
370,0.001,0.002,0.001,0.001333333, ,0.001,0.001,0.001,0.001, ,,
371,0.001,0.001,0.001,0.001, ,0,0,0,0, ,,
372,0.001,0.001,0.001,0.001, ,0,0.001,0.001,0.000666667, ,,
373,0.002,0.001,0.002,0.001666667, ,0.001,0,0,0.000333333, ,,
374,0.001,0.001,0.001,0.001, ,0,0.001,0.001,0.000666667, ,,
375,0.001,0.001,0.001,0.001, ,0.001,0,0,0.000333333, ,,
376,0.007,0.001,0.001,0.003, ,0,0,0.001,0.000333333, ,,
377,0.001,0.001,0.001,0.001, ,0,0.001,0,0.000333333, ,,
378,0.001,0.001,0.001,0.001, ,0.001,0,0.001,0.000666667, ,,
379,0.002,0.002,0.001,0.001666667, ,0,0.001,0.001,0.000666667, ,,
380,0.001,0.001,0.002,0.001333333, ,0.001,0,0,0.000333333, ,,
381,0.001,0.001,0.001,0.001, ,0,0.001,0.001,0.000666667, ,,
382,0.001,0.001,0.001,0.001, ,0.001,0,0,0.000333333, ,,
383,0.002,0.001,0.001,0.001333333, ,0,0.001,0.001,0.000666667, ,,
384,0.001,0.001,0.001,0.001, ,0.001,0,0,0.000333333, ,,
385,0.001,0.001,0.001,0.001, ,0,0.001,0.001,0.000666667, ,,
386,0.002,0.001,0.001,0.001333333, ,0.001,0.001,0.001,0.001, ,,
387,0.001,0.001,0.002,0.001333333, ,0,0.001,0.001,0.000666667, ,,
388,0.001,0.002,0.001,0.001333333, ,0.001,0,0,0.000333333, ,,
389,0.001,0.001,0.001,0.001, ,0.001,0.001,0.001,0.001, ,,
390,0.001,0.001,0.001,0.001, ,0,0.001,0.001,0.000666667, ,,
391,0.002,0.001,0.001,0.001333333, ,0.001,0,0,0.000333333, ,,
392,0.001,0.001,0.001,0.001, ,0,0.001,0.001,0.000666667, ,,
393,0.002,0.001,0.001,0.001333333, ,0.001,0,0.001,0.000666667, ,,
394,0.001,0.002,0.002,0.001666667, ,0,0.001,0,0.000333333, ,,
395,0.001,0.001,0.006,0.002666667, ,0.001,0,0.001,0.000666667, ,,
396,0.001,0.001,0.001,0.001, ,0,0.001,0.001,0.000666667, ,,
397,0.001,0.001,0.001,0.001, ,0.001,0.001,0.001,0.001, ,,
398,0.002,0.001,0.001,0.001333333, ,0,0,0.001,0.000333333, ,,
399,0.001,0.001,0.001,0.001, ,0.001,0.001,0.001,0.001, ,,
400,0.001,0.001,0.001,0.001, ,0.001,0.001,0.001,0.001, ,,
401,0.001,0.001,0.001,0.001, ,0,0.001,0.001,0.000666667, ,,
402,0.001,0.002,0.002,0.001666667, ,0.001,0,0,0.000333333, ,,
403,0.002,0.001,0.001,0.001333333, ,0.001,0.001,0.001,0.001, ,,
404,0.001,0.001,0.001,0.001, ,0,0.001,0.001,0.000666667, ,,
405,0.001,0.001,0.001,0.001, ,0.001,0.001,0.002,0.001333333, ,,
406,0.001,0.001,0.001,0.001, ,0.001,0.001,0.001,0.001, ,,
407,0.001,0.001,0.002,0.001333333, ,0.001,0,0.001,0.000666667, ,,
408,0.001,0.002,0.001,0.001333333, ,0,0.002,0.001,0.001, ,,
409,0.002,0.001,0.001,0.001333333, ,0.001,0.001,0.001,0.001, ,,
410,0.001,0.001,0.001,0.001, ,0.001,0,0,0.000333333, ,,
411,0.001,0.001,0.001,0.001, ,0,0.001,0.001,0.000666667, ,,
412,0.001,0.001,0.001,0.001, ,0.001,0.001,0.001,0.001, ,,
413,0.001,0.001,0.002,0.001333333, ,0.001,0.001,0.002,0.001333333, ,,
414,0.001,0.001,0.001,0.001, ,0,0,0.001,0.000333333, ,,
415,0.002,0.002,0.001,0.001666667, ,0.001,0.001,0.001,0.001, ,,
416,0.001,0.001,0.001,0.001, ,0.001,0.001,0.001,0.001, ,,
417,0.001,0.001,0.001,0.001, ,0.001,0.001,0.001,0.001, ,,
418,0.001,0.001,0.002,0.001333333, ,0,0.001,0.001,0.000666667, ,,
419,0.002,0.001,0.001,0.001333333, ,0.001,0.001,0.001,0.001, ,,
420,0.001,0.001,0.001,0.001, ,0.001,0.001,0.001,0.001, ,,
421,0.001,0.002,0.001,0.001333333, ,0.001,0,0.001,0.000666667, ,,
422,0.001,0.001,0.001,0.001, ,0.001,0.001,0.001,0.001, ,,
423,0.002,0.001,0.002,0.001666667, ,0,0.001,0.001,0.000666667, ,,
424,0.001,0.001,0.001,0.001, ,0.001,0.001,0.001,0.001, ,,
425,0.001,0.001,0.001,0.001, ,0,0.001,0.001,0.000666667, ,,
426,0.001,0.001,0.001,0.001, ,0.001,0.001,0.001,0.001, ,,
427,0.001,0.002,0.001,0.001333333, ,0.001,0.046,0,0.015666667, ,,
428,0.002,0.001,0.001,0.001333333, ,0,0.001,0.002,0.001, ,,
429,0.001,0.001,0.002,0.001333333, ,0.001,0.001,0,0.000666667, ,,
430,0.001,0.001,0.001,0.001, ,0.001,0.001,0.001,0.001, ,,
431,0.001,0.001,0.001,0.001, ,0,0.001,0.001,0.000666667, ,,
432,0.002,0.001,0.001,0.001333333, ,0.001,0,0.001,0.000666667, ,,
433,0.001,0.001,0.001,0.001, ,0.001,0.001,0.001,0.001, ,,
434,0.001,0.002,0.002,0.001666667, ,0,0.001,0.001,0.000666667, ,,
435,0.001,0.001,0.001,0.001, ,0.001,0.001,0.001,0.001, ,,
436,0.002,0.006,0.001,0.003, ,0.001,0.001,0.001,0.001, ,,
437,0.001,0.001,0.001,0.001, ,0,0.001,0,0.000333333, ,,
438,0.001,0.001,0.001,0.001, ,0.001,0,0.001,0.000666667, ,,
439,0.001,0.001,0.001,0.001, ,0,0.001,0.001,0.000666667, ,,
440,0.001,0.002,0.002,0.001666667, ,0.001,0.001,0.001,0.001, ,,
441,0.002,0.001,0.001,0.001333333, ,0.001,0.001,0.001,0.001, ,,
442,0.001,0.001,0.001,0.001, ,0,0,0.001,0.000333333, ,,
443,0.001,0.002,0.001,0.001333333, ,0.001,0.001,0.001,0.001, ,,
444,0.001,0.001,0.001,0.001, ,0.001,0.001,0,0.000666667, ,,
445,0.002,0.001,0.002,0.001666667, ,0,0,0.001,0.000333333, ,,
446,0.001,0.002,0.001,0.001333333, ,0.001,0.001,0.001,0.001, ,,
447,0.001,0.001,0.002,0.001333333, ,0,0,0,0, ,,
448,0.001,0.001,0.001,0.001, ,0,0.001,0.001,0.000666667, ,,
449,0.001,0.001,0.001,0.001, ,0.001,0,0.001,0.000666667, ,,
450,0.001,0.002,0.001,0.001333333, ,0,0.001,0,0.000333333, ,,
451,0.002,0.001,0.001,0.001333333, ,0.001,0,0.001,0.000666667, ,,
452,0.001,0.001,0.001,0.001, ,0,0.001,0,0.000333333, ,,
453,0.001,0.001,0.002,0.001333333, ,0.001,0.001,0.001,0.001, ,,
454,0.001,0.001,0.001,0.001, ,0,0,0.001,0.000333333, ,,
455,0.002,0.001,0.001,0.001333333, ,0.001,0.001,0,0.000666667, ,,
456,0.001,0.001,0.001,0.001, ,0,0,0.001,0.000333333, ,,
457,0.001,0.002,0.001,0.001333333, ,0.001,0.001,0.001,0.001, ,,
458,0.001,0.001,0.001,0.001, ,0,0.001,0.001,0.000666667, ,,
459,0.001,0.001,0.001,0.001, ,0.001,0,0,0.000333333, ,,
460,0.001,0.001,0.002,0.001333333, ,0.001,0.001,0.001,0.001, ,,
461,0.002,0.001,0.001,0.001333333, ,0,0.001,0.001,0.000666667, ,,
462,0.001,0.001,0.001,0.001, ,0.001,0,0.001,0.000666667, ,,
463,0.001,0.001,0.001,0.001, ,0.001,0.001,0.001,0.001, ,,
464,0.001,0.001,0.001,0.001, ,0,0.001,0.001,0.000666667, ,,
465,0.001,0.002,0.001,0.001333333, ,0.001,0.001,0.001,0.001, ,,
466,0.001,0.001,0.001,0.001, ,0.001,0.001,0.001,0.001, ,,
467,0.002,0.001,0.002,0.001666667, ,0,0.001,0.001,0.000666667, ,,
468,0.001,0.001,0.001,0.001, ,0.001,0,0.001,0.000666667, ,,
469,0.002,0.001,0.001,0.001333333, ,0.001,0.001,0.001,0.001, ,,
470,0.001,0.001,0.001,0.001, ,0.001,0.001,0.001,0.001, ,,
471,0.001,0.002,0.001,0.001333333, ,0,0.001,0.001,0.000666667, ,,
472,0.002,0.001,0.002,0.001666667, ,0.001,0.001,0.001,0.001, ,,
473,0.001,0.001,0.001,0.001, ,0,0,0.001,0.000333333, ,,
474,0.001,0.001,0.001,0.001, ,0.001,0.001,0,0.000666667, ,,
475,0.002,0.001,0.001,0.001333333, ,0.001,0.001,0.001,0.001, ,,
476,0.001,0.001,0.001,0.001, ,0,0.001,0.001,0.000666667, ,,
477,0.002,0.002,0.001,0.001666667, ,0.001,0.001,0.001,0.001, ,,
478,0.006,0.001,0.002,0.003, ,0.001,0,0.001,0.000666667, ,,
479,0.001,0.001,0.001,0.001, ,0,0.001,0.001,0.000666667, ,,
480,0.002,0.001,0.001,0.001333333, ,0.001,0.001,0,0.000666667, ,,
481,0.001,0.001,0.001,0.001, ,0,0,0.001,0.000333333, ,,
482,0.002,0.001,0.001,0.001333333, ,0.001,0.001,0.001,0.001, ,,
483,0.001,0.001,0.002,0.001333333, ,0.001,0.001,0.001,0.001, ,,
484,0.001,0.002,0.001,0.001333333, ,0,0,0.001,0.000333333, ,,
485,0.002,0.001,0.001,0.001333333, ,0.001,0.001,0.001,0.001, ,,
486,0.001,0.001,0.001,0.001, ,0,0.001,0.001,0.000666667, ,,
487,0.001,0.001,0.001,0.001, ,0.001,0,0.001,0.000666667, ,,
488,0.002,0.001,0.001,0.001333333, ,0.001,0.001,0.001,0.001, ,,
489,0.001,0.001,0.001,0.001, ,0,0.001,0,0.000333333, ,,
490,0.001,0.001,0.002,0.001333333, ,0.001,0,0.001,0.000666667, ,,
491,0.002,0.002,0.001,0.001666667, ,0,0.001,0.001,0.000666667, ,,
492,0.001,0.001,0.001,0.001, ,0.001,0.001,0.001,0.001, ,,
493,0.001,0.001,0.001,0.001, ,0.001,0.001,0.001,0.001, ,,
494,0.001,0.001,0.001,0.001, ,0,0,0.001,0.000333333, ,,
495,0.001,0.001,0.001,0.001, ,0.001,0.001,0.001,0.001, ,,
496,0.001,0.002,0.002,0.001666667, ,0.001,0.001,0.001,0.001, ,,
497,0.002,0.001,0.006,0.003, ,0.001,0.001,0.001,0.001, ,,
498,0.001,0.001,0.001,0.001, ,0,0.001,0.001,0.000666667, ,,
499,0.001,0.001,0.001,0.001, ,0.001,0.001,0.001,0.001, ,,
500,0.002,0.001,0.002,0.001666667, ,0.001,0,0.001,0.000666667, ,,
501,0.001,0.001,0.001,0.001, ,0,0.001,0.001,0.000666667, ,,
502,0.001,0.001,0.001,0.001, ,0.001,0.001,0.001,0.001, ,,
503,0.001,0.002,0.001,0.001333333, ,0,0,0.001,0.000333333, ,,
504,0.002,0.001,0.001,0.001333333, ,0.001,0.001,0,0.000666667, ,,
505,0.001,0.001,0.002,0.001333333, ,0,0.001,0.001,0.000666667, ,,
506,0.001,0.001,0.001,0.001, ,0.001,0,0.001,0.000666667, ,,
507,0.001,0.001,0.001,0.001, ,0.001,0.001,0.001,0.001, ,,
508,0.001,0.001,0.001,0.001, ,0,0.001,0.001,0.000666667, ,,
509,0.001,0.001,0.001,0.001, ,0.001,0.001,0.001,0.001, ,,
510,0.002,0.002,0.001,0.001666667, ,0.001,0,0.001,0.000666667, ,,
511,0.001,0.001,0.002,0.001333333, ,0,0.001,0.001,0.000666667, ,,
512,0.001,0.001,0.001,0.001, ,0.001,0.001,0.001,0.001, ,,
513,0.001,0.001,0.001,0.001, ,0.001,0.001,0.001,0.001, ,,
514,0.001,0.001,0.001,0.001, ,0.001,0.001,0.001,0.001, ,,
515,0.002,0.001,0.001,0.001333333, ,0,0.001,0.001,0.000666667, ,,
516,0.001,0.001,0.001,0.001, ,0.001,0.001,0.001,0.001, ,,
517,0.001,0.002,0.002,0.001666667, ,0.001,0.001,0.001,0.001, ,,
518,0.001,0.001,0.001,0.001, ,0,0.001,0.001,0.000666667, ,,
519,0.001,0.001,0.001,0.001, ,0.001,0,0.001,0.000666667, ,,
520,0.001,0.001,0.001,0.001, ,0.001,0.001,0.001,0.001, ,,
521,0.001,0.001,0.001,0.001, ,0,0.001,0.001,0.000666667, ,,
522,0.002,0.001,0.001,0.001333333, ,0.001,0,0.001,0.000666667, ,,
523,0.001,0.002,0.002,0.001666667, ,0,0.001,0.001,0.000666667, ,,
524,0.001,0.001,0.001,0.001, ,0.001,0.001,0,0.000666667, ,,
525,0.001,0.001,0.001,0.001, ,0.001,0,0.001,0.000666667, ,,
526,0.001,0.001,0.001,0.001, ,0,0.001,0.001,0.000666667, ,,
527,0.001,0.001,0.001,0.001, ,0.001,0.001,0.001,0.001, ,,
528,0.002,0.001,0.001,0.001333333, ,0,0,0.001,0.000333333, ,,
529,0.001,0.001,0.001,0.001, ,0.001,0.001,0.001,0.001, ,,
530,0.001,0.002,0.002,0.001666667, ,0,0.001,0.001,0.000666667, ,,
531,0.001,0.001,0.001,0.001, ,0.001,0,0.001,0.000666667, ,,
532,0.001,0.001,0.001,0.001, ,0.001,0.001,0.001,0.001, ,,
533,0.001,0.001,0.001,0.001, ,0,0.002,0,0.000666667, ,,
534,0.001,0.001,0.001,0.001, ,0.001,0,0.001,0.000666667, ,,
535,0.002,0.001,0.001,0.001333333, ,0.005,0.011,0.011,0.009, ,,
536,0.001,0.001,0.002,0.001333333, ,0.001,0,0.001,0.000666667, ,,
537,0.001,0.001,0.001,0.001, ,0,0.001,0.001,0.000666667, ,,
538,0.001,0.007,0.001,0.003, ,0.001,0,0,0.000333333, ,,
539,0.001,0.002,0.001,0.001333333, ,0,0.001,0.001,0.000666667, ,,
540,0.001,0.001,0.001,0.001, ,0,0,0,0, ,,
541,0.001,0.001,0.001,0.001, ,0.001,0.001,0.001,0.001, ,,
542,0.002,0.001,0.001,0.001333333, ,0,0,0,0, ,,
543,0.001,0.001,0.001,0.001, ,0,0.001,0.001,0.000666667, ,,
544,0.001,0.001,0.002,0.001333333, ,0.001,0.001,0,0.000666667, ,,
545,0.001,0.001,0.001,0.001, ,0,0,0.001,0.000333333, ,,
546,0.001,0.001,0.001,0.001, ,0.001,0.001,0,0.000666667, ,,
547,0.001,0.002,0.001,0.001333333, ,0,0,0.001,0.000333333, ,,
548,0.002,0.001,0.001,0.001333333, ,0,0.001,0,0.000333333, ,,
549,0.001,0.001,0.001,0.001, ,0.001,0.001,0.001,0.001, ,,
550,0.001,0.001,0.001,0.001, ,0,0,0,0, ,,
551,0.001,0.001,0.002,0.001333333, ,0,0.001,0.001,0.000666667, ,,
552,0.001,0.001,0.001,0.001, ,0.001,0,0,0.000333333, ,,
553,0.001,0.001,0.001,0.001, ,0,0,0.001,0.000333333, ,,
554,0.001,0.001,0.001,0.001, ,0.001,0.001,0,0.000666667, ,,
555,0.001,0.001,0.001,0.001, ,0,0,0.001,0.000333333, ,,
556,0.002,0.002,0.001,0.001666667, ,0,0.001,0,0.000333333, ,,
557,0.001,0.001,0.001,0.001, ,0.001,0,0.001,0.000666667, ,,
558,0.001,0.001,0.001,0.001, ,0,0.001,0,0.000333333, ,,
559,0.001,0.001,0.001,0.001, ,0,0,0.001,0.000333333, ,,
560,0.001,0.001,0.002,0.001333333, ,0.001,0.001,0,0.000666667, ,,
561,0.001,0.001,0.001,0.001, ,0,0,0.001,0.000333333, ,,
562,0.001,0.001,0.001,0.001, ,0.001,0.001,0,0.000666667, ,,
563,0.001,0.002,0.001,0.001333333, ,0,0.001,0.001,0.000666667, ,,
564,0.002,0.001,0.001,0.001333333, ,0.001,0,0.001,0.000666667, ,,
565,0.001,0.001,0.001,0.001, ,0,0.001,0,0.000333333, ,,
566,0.001,0.001,0.001,0.001, ,0.001,0,0.001,0.000666667, ,,
567,0.001,0.001,0.001,0.001, ,0,0.001,0,0.000333333, ,,
568,0.001,0.001,0.002,0.001333333, ,0,0,0.001,0.000333333, ,,
569,0.001,0.001,0.001,0.001, ,0.001,0.001,0.001,0.001, ,,
570,0.002,0.002,0.001,0.001666667, ,0,0,0,0, ,,
571,0.001,0.001,0.001,0.001, ,0.001,0.001,0.001,0.001, ,,
572,0.001,0.001,0.001,0.001, ,0,0,0.001,0.000333333, ,,
573,0.001,0.001,0.002,0.001333333, ,0.001,0.001,0,0.000666667, ,,
574,0.002,0.001,0.001,0.001333333, ,0,0,0.001,0.000333333, ,,
575,0.001,0.001,0.001,0.001, ,0,0.001,0,0.000333333, ,,
576,0.001,0.001,0.001,0.001, ,0.001,0,0.001,0.000666667, ,,
577,0.001,0.002,0.001,0.001333333, ,0,0.001,0,0.000333333, ,,
578,0.002,0.001,0.001,0.001333333, ,0.001,0.001,0.001,0.001, ,,
579,0.001,0.001,0.001,0.001, ,0,0,0.001,0.000333333, ,,
580,0.007,0.001,0.002,0.003333333, ,0.001,0.001,0,0.000666667, ,,
581,0.001,0.001,0.001,0.001, ,0,0,0.001,0.000333333, ,,
582,0.002,0.001,0.001,0.001333333, ,0.001,0.001,0.001,0.001, ,,
583,0.001,0.001,0.001,0.001, ,0,0,0,0, ,,
584,0.001,0.001,0.001,0.001, ,0.001,0.001,0.001,0.001, ,,
585,0.001,0.002,0.002,0.001666667, ,0,0,0,0, ,,
586,0.001,0.001,0.001,0.001, ,0.001,0.001,0.001,0.001, ,,
587,0.001,0.001,0.001,0.001, ,0,0,0,0, ,,
588,0.002,0.001,0.001,0.001333333, ,0.001,0.001,0.001,0.001, ,,
589,0.001,0.001,0.001,0.001, ,0,0,0.001,0.000333333, ,,
590,0.001,0.001,0.001,0.001, ,0.001,0.001,0,0.000666667, ,,
591,0.001,0.001,0.002,0.001333333, ,0,0.001,0.001,0.000666667, ,,
592,0.001,0.002,0.001,0.001333333, ,0.001,0,0.001,0.000666667, ,,
593,0.001,0.001,0.001,0.001, ,0,0.001,0,0.000333333, ,,
594,0.002,0.001,0.001,0.001333333, ,0.001,0,0.001,0.000666667, ,,
595,0.001,0.001,0.001,0.001, ,0,0.001,0.001,0.000666667, ,,
596,0.001,0.001,0.002,0.001333333, ,0.001,0,0.001,0.000666667, ,,
597,0.001,0.001,0.001,0.001, ,0.001,0.001,0.001,0.001, ,,
598,0.001,0.001,0.002,0.001333333, ,0.001,0.001,0,0.000666667, ,,
599,0.001,0.002,0.002,0.001666667, ,0,0.001,0.001,0.000666667, ,,
600,0.002,0.001,0.006,0.003, ,0.001,0,0.001,0.000666667, ,,
601,0.001,0.001,0.001,0.001, ,0.001,0.001,0,0.000666667, ,,
602,0.001,0.001,0.001,0.001, ,0,0,0.001,0.000333333, ,,
603,0.001,0.001,0.001,0.001, ,0.001,0.001,0.001,0.001, ,,
604,0.001,0.001,0.002,0.001333333, ,0,0,0,0, ,,
605,0.002,0.001,0.001,0.001333333, ,0.001,0.001,0.001,0.001, ,,
606,0.001,0.002,0.001,0.001333333, ,0,0.001,0.001,0.000666667, ,,
607,0.001,0.001,0.001,0.001, ,0.001,0,0,0.000333333, ,,
608,0.001,0.001,0.001,0.001, ,0,0.001,0.001,0.000666667, ,,
609,0.001,0.001,0.002,0.001333333, ,0.001,0,0,0.000333333, ,,
610,0.001,0.001,0.001,0.001, ,0,0.001,0.001,0.000666667, ,,
611,0.002,0.001,0.001,0.001333333, ,0.001,0,0.001,0.000666667, ,,
612,0.001,0.001,0.001,0.001, ,0,0.001,0,0.000333333, ,,
613,0.001,0.002,0.001,0.001333333, ,0.001,0,0.001,0.000666667, ,,
614,0.001,0.001,0.002,0.001333333, ,0,0.001,0.001,0.000666667, ,,
615,0.001,0.001,0.001,0.001, ,0.001,0.001,0.001,0.001, ,,
616,0.002,0.002,0.001,0.001666667, ,0,0,0,0, ,,
617,0.001,0.001,0.001,0.001, ,0.001,0.001,0.001,0.001, ,,
618,0.001,0.001,0.002,0.001333333, ,0,0,0.001,0.000333333, ,,
619,0.001,0.002,0.001,0.001333333, ,0.001,0.001,0.001,0.001, ,,
620,0.001,0.001,0.001,0.001, ,0,0,0,0, ,,
621,0.001,0.001,0.001,0.001, ,0.001,0.001,0.001,0.001, ,,
622,0.001,0.002,0.001,0.001333333, ,0,0,0,0, ,,
623,0.001,0.001,0.001,0.001, ,0,0,0.001,0.000333333, ,,
624,0.002,0.001,0.002,0.001666667, ,0.001,0.001,0,0.000666667, ,,
625,0.001,0.001,0.001,0.001, ,0,0,0.001,0.000333333, ,,
626,0.001,0.001,0.001,0.001, ,0.001,0.001,0,0.000666667, ,,
627,0.001,0.002,0.001,0.001333333, ,0,0,0.001,0.000333333, ,,
628,0.001,0.001,0.001,0.001, ,0,0.001,0,0.000333333, ,,
629,0.001,0.002,0.001,0.001333333, ,0.001,0,0,0.000333333, ,,
630,0.001,0.001,0.002,0.001333333, ,0,0,0.001,0.000333333, ,,
631,0.002,0.001,0.001,0.001333333, ,0,0.001,0,0.000333333, ,,
632,0.001,0.002,0.001,0.001333333, ,0.001,0,0.001,0.000666667, ,,
633,0.001,0.001,0.001,0.001, ,0,0,0,0, ,,
634,0.001,0.001,0.001,0.001, ,0,0.001,0,0.000333333, ,,
635,0.001,0.001,0.002,0.001333333, ,0.001,0,0.001,0.000666667, ,,
636,0.001,0.002,0.001,0.001333333, ,0,0,0,0, ,,
637,0.001,0.001,0.001,0.001, ,0,0,0,0, ,,
638,0.002,0.001,0.001,0.001333333, ,0,0.001,0.001,0.000666667, ,,
639,0.001,0.001,0.001,0.001, ,0.001,0,0,0.000333333, ,,
640,0.001,0.007,0.001,0.003, ,0,0,0.001,0.000333333, ,,
641,0.001,0.001,0.002,0.001333333, ,0,0.001,0,0.000333333, ,,
642,0.001,0.001,0.001,0.001, ,0.001,0,0.001,0.000666667, ,,
643,0.002,0.002,0.001,0.001666667, ,0,0.001,0,0.000333333, ,,
644,0.001,0.002,0.001,0.001333333, ,0.001,0,0.001,0.000666667, ,,
645,0.001,0.001,0.001,0.001, ,0,0.001,0,0.000333333, ,,
646,0.001,0.001,0.002,0.001333333, ,0.001,0,0.001,0.000666667, ,,
647,0.001,0.001,0.001,0.001, ,0,0.001,0,0.000333333, ,,
648,0.001,0.002,0.001,0.001333333, ,0.001,0,0.001,0.000666667, ,,
649,0.002,0.001,0.001,0.001333333, ,0,0.001,0.001,0.000666667, ,,
650,0.001,0.001,0.001,0.001, ,0,0,0,0, ,,
651,0.001,0.001,0.001,0.001, ,0.001,0.001,0.001,0.001, ,,
652,0.001,0.001,0.002,0.001333333, ,0,0.001,0.001,0.000666667, ,,
653,0.001,0.002,0.001,0.001333333, ,0.001,0,0,0.000333333, ,,
654,0.001,0.001,0.001,0.001, ,0,0.001,0.001,0.000666667, ,,
655,0.002,0.001,0.001,0.001333333, ,0.001,0,0.001,0.000666667, ,,
656,0.001,0.002,0.001,0.001333333, ,0,0.001,0,0.000333333, ,,
657,0.001,0.001,0.001,0.001, ,0.001,0,0.001,0.000666667, ,,
658,0.001,0.001,0.002,0.001333333, ,0,0.001,0.001,0.000666667, ,,
659,0.001,0.001,0.001,0.001, ,0.001,0,0,0.000333333, ,,
660,0.001,0.002,0.001,0.001333333, ,0,0.001,0.001,0.000666667, ,,
661,0.001,0.001,0.001,0.001, ,0.001,0,0,0.000333333, ,,
662,0.002,0.001,0.001,0.001333333, ,0,0.001,0.001,0.000666667, ,,
663,0.001,0.002,0.002,0.001666667, ,0.001,0,0,0.000333333, ,,
664,0.001,0.001,0.001,0.001, ,0,0.001,0.001,0.000666667, ,,
665,0.001,0.001,0.001,0.001, ,0,0,0,0, ,,
666,0.001,0.002,0.001,0.001333333, ,0.001,0,0.001,0.000666667, ,,
667,0.002,0.001,0.001,0.001333333, ,0,0.001,0,0.000333333, ,,
668,0.001,0.001,0.001,0.001, ,0,0,0.001,0.000333333, ,,
669,0.002,0.001,0.002,0.001666667, ,0.001,0.001,0,0.000666667, ,,
670,0.001,0.001,0.001,0.001, ,0,0,0,0, ,,
671,0.001,0.002,0.001,0.001333333, ,0,0,0.001,0.000333333, ,,
672,0.001,0.001,0.001,0.001, ,0.001,0.001,0,0.000666667, ,,
673,0.001,0.001,0.001,0.001, ,0,0,0.001,0.000333333, ,,
674,0.001,0.001,0.002,0.001333333, ,0,0,0,0, ,,
675,0.002,0.001,0.001,0.001333333, ,0.001,0.001,0.001,0.001, ,,
676,0.001,0.001,0.001,0.001, ,0,0,0,0, ,,
677,0.001,0.001,0.001,0.001, ,0,0.001,0.001,0.000666667, ,,
678,0.001,0.001,0.001,0.001, ,0.001,0,0.001,0.000666667, ,,
679,0.001,0.001,0.001,0.001, ,0,0.001,0.001,0.000666667, ,,
680,0.001,0.001,0.002,0.001333333, ,0.001,0,0.001,0.000666667, ,,
681,0.002,0.002,0.001,0.001666667, ,0,0.001,0,0.000333333, ,,
682,0.006,0.001,0.001,0.002666667, ,0.001,0,0.001,0.000666667, ,,
683,0.001,0.001,0.001,0.001, ,0,0.001,0.001,0.000666667, ,,
684,0.001,0.002,0.001,0.001333333, ,0.001,0.001,0,0.000666667, ,,
685,0.002,0.001,0.002,0.001666667, ,0,0,0.001,0.000333333, ,,
686,0.001,0.002,0.001,0.001333333, ,0.001,0.001,0.001,0.001, ,,
687,0.001,0.001,0.001,0.001, ,0,0,0,0, ,,
688,0.001,0.001,0.001,0.001, ,0.001,0.001,0.001,0.001, ,,
689,0.001,0.001,0.001,0.001, ,0,0,0.001,0.000333333, ,,
690,0.002,0.001,0.001,0.001333333, ,0.001,0.001,0,0.000666667, ,,
691,0.001,0.002,0.001,0.001333333, ,0,0,0.001,0.000333333, ,,
692,0.001,0.001,0.002,0.001333333, ,0.001,0.001,0.001,0.001, ,,
693,0.001,0.001,0.001,0.001, ,0,0.001,0.001,0.000666667, ,,
694,0.001,0.002,0.001,0.001333333, ,0.001,0,0,0.000333333, ,,
695,0.001,0.001,0.001,0.001, ,0.001,0.001,0.001,0.001, ,,
696,0.002,0.001,0.001,0.001333333, ,0,0,0.001,0.000333333, ,,
697,0.001,0.002,0.001,0.001333333, ,0.001,0.001,0,0.000666667, ,,
698,0.001,0.001,0.002,0.001333333, ,0,0.001,0.001,0.000666667, ,,
699,0.001,0.001,0.001,0.001, ,0.001,0,0.001,0.000666667, ,,
700,0.001,0.001,0.001,0.001, ,0,0.001,0.001,0.000666667, ,,
701,0.001,0.002,0.001,0.001333333, ,0.001,0,0.001,0.000666667, ,,
702,0.001,0.001,0.007,0.003, ,0,0.001,0,0.000333333, ,,
703,0.002,0.002,0.001,0.001666667, ,0.001,0.001,0.001,0.001, ,,
704,0.001,0.001,0.001,0.001, ,0,0,0.001,0.000333333, ,,
705,0.001,0.002,0.002,0.001666667, ,0.001,0.001,0.001,0.001, ,,
706,0.001,0.002,0.001,0.001333333, ,0.001,0.001,0.001,0.001, ,,
707,0.002,0.001,0.001,0.001333333, ,0,0.001,0.001,0.000666667, ,,
708,0.001,0.002,0.001,0.001333333, ,0.001,0.001,0.001,0.001, ,,
709,0.001,0.001,0.001,0.001, ,0.001,0,0.001,0.000666667, ,,
710,0.001,0.001,0.002,0.001333333, ,0,0.001,0,0.000333333, ,,
711,0.001,0.002,0.001,0.001333333, ,0.001,0.001,0.001,0.001, ,,
712,0.001,0.001,0.001,0.001, ,0.001,0.001,0.001,0.001, ,,
713,0.002,0.001,0.001,0.001333333, ,0.001,0,0.001,0.000666667, ,,
714,0.001,0.002,0.001,0.001333333, ,0,0.001,0.001,0.000666667, ,,
715,0.001,0.001,0.001,0.001, ,0.001,0.001,0.002,0.001333333, ,,
716,0.001,0.001,0.002,0.001333333, ,0.001,0.001,0.001,0.001, ,,
717,0.001,0.001,0.001,0.001, ,0,0.001,0.001,0.000666667, ,,
718,0.001,0.002,0.001,0.001333333, ,0.001,0,0.001,0.000666667, ,,
719,0.001,0.001,0.001,0.001, ,0.001,0.001,0.001,0.001, ,,
720,0.002,0.001,0.001,0.001333333, ,0,0.001,0.001,0.000666667, ,,
721,0.001,0.001,0.001,0.001, ,0.001,0.001,0.001,0.001, ,,
722,0.001,0.002,0.002,0.001666667, ,0.001,0.001,0.001,0.001, ,,
723,0.001,0.001,0.001,0.001, ,0,0.001,0.001,0.000666667, ,,
724,0.001,0.001,0.001,0.001, ,0.001,0,0,0.000333333, ,,
725,0.001,0.001,0.001,0.001, ,0.001,0.001,0.001,0.001, ,,
726,0.002,0.001,0.001,0.001333333, ,0,0.001,0.001,0.000666667, ,,
727,0.001,0.001,0.001,0.001, ,0.001,0,0.001,0.000666667, ,,
728,0.001,0.002,0.001,0.001333333, ,0,0.001,0.001,0.000666667, ,,
729,0.001,0.001,0.002,0.001333333, ,0.001,0.001,0,0.000666667, ,,
730,0.001,0.001,0.001,0.001, ,0,0,0.001,0.000333333, ,,
731,0.001,0.001,0.001,0.001, ,0.001,0.001,0.001,0.001, ,,
732,0.002,0.001,0.001,0.001333333, ,0.001,0,0,0.000333333, ,,
733,0.001,0.002,0.001,0.001333333, ,0,0.001,0.001,0.000666667, ,,
734,0.001,0.001,0.001,0.001, ,0,0,0,0, ,,
735,0.001,0.001,0.001,0.001, ,0.001,0.001,0.001,0.001, ,,
736,0.001,0.001,0.002,0.001333333, ,0,0,0.001,0.000333333, ,,
737,0.001,0.001,0.001,0.001, ,0.001,0,0,0.000333333, ,,
738,0.001,0.002,0.001,0.001333333, ,0,0.001,0.001,0.000666667, ,,
739,0.002,0.001,0.001,0.001333333, ,0,0,0,0, ,,
740,0.001,0.001,0.001,0.001, ,0.001,0.001,0.001,0.001, ,,
741,0.001,0.001,0.001,0.001, ,0,0,0,0, ,,
742,0.001,0.006,0.001,0.002666667, ,0.001,0.001,0.001,0.001, ,,
743,0.001,0.001,0.002,0.001333333, ,0,0,0,0, ,,
744,0.001,0.002,0.001,0.001333333, ,0,0.001,0.001,0.000666667, ,,
745,0.002,0.001,0.001,0.001333333, ,0.001,0,0,0.000333333, ,,
746,0.001,0.001,0.001,0.001, ,0,0,0,0, ,,
747,0.001,0.001,0.001,0.001, ,0,0.001,0.001,0.000666667, ,,
748,0.001,0.002,0.001,0.001333333, ,0.001,0,0,0.000333333, ,,
749,0.001,0.001,0.001,0.001, ,0,0,0.001,0.000333333, ,,
750,0.001,0.001,0.001,0.001, ,0,0.001,0,0.000333333, ,,
751,0.001,0.002,0.002,0.001666667, ,0.001,0,0,0.000333333, ,,
752,0.001,0.001,0.001,0.001, ,0,0,0.001,0.000333333, ,,
753,0.002,0.001,0.001,0.001333333, ,0,0.001,0,0.000333333, ,,
754,0.001,0.001,0.001,0.001, ,0,0,0,0, ,,
755,0.001,0.001,0.001,0.001, ,0.001,0.001,0.001,0.001, ,,
756,0.001,0.002,0.001,0.001333333, ,0,0,0,0, ,,
757,0.001,0.001,0.001,0.001, ,0,0,0,0, ,,
758,0.001,0.001,0.001,0.001, ,0.001,0.001,0.001,0.001, ,,
759,0.002,0.001,0.001,0.001333333, ,0,0,0,0, ,,
760,0.001,0.002,0.002,0.001666667, ,0.001,0,0.001,0.000666667, ,,
761,0.001,0.001,0.001,0.001, ,0,0,0,0, ,,
762,0.001,0.001,0.001,0.001, ,0,0.001,0,0.000333333, ,,
763,0.001,0.002,0.001,0.001333333, ,0,0,0,0, ,,
764,0.001,0.001,0.001,0.001, ,0.001,0,0.001,0.000666667, ,,
765,0.001,0.001,0.001,0.001, ,0,0,0,0, ,,
766,0.001,0.001,0.001,0.001, ,0,0.001,0,0.000333333, ,,
767,0.002,0.001,0.001,0.001333333, ,0,0,0,0, ,,
768,0.001,0.001,0.002,0.001333333, ,0,0,0,0, ,,
769,0.001,0.001,0.001,0.001, ,0,0,0.001,0.000333333, ,,
770,0.001,0.001,0.001,0.001, ,0.001,0,0,0.000333333, ,,
771,0.001,0.001,0.001,0.001, ,0,0.001,0,0.000333333, ,,
772,0.001,0.001,0.001,0.001, ,0,0,0,0, ,,
773,0.001,0.001,0.001,0.001, ,0,0,0.001,0.000333333, ,,
774,0.001,0.001,0.001,0.001, ,0,0,0,0, ,,
775,0.001,0.002,0.002,0.001666667, ,0.001,0,0,0.000333333, ,,
776,0.002,0.001,0.001,0.001333333, ,0,0.001,0,0.000333333, ,,
777,0.001,0.001,0.001,0.001, ,0,0,0.001,0.000333333, ,,
778,0.001,0.001,0.001,0.001, ,0,0,0,0, ,,
779,0.001,0.002,0.001,0.001333333, ,0.001,0.001,0,0.000666667, ,,
780,0.001,0.001,0.001,0.001, ,0,0,0.001,0.000333333, ,,
781,0.002,0.002,0.001,0.001666667, ,0,0,0,0, ,,
782,0.002,0.001,0.001,0.001333333, ,0.001,0,0.001,0.000666667, ,,
783,0.001,0.001,0.002,0.001333333, ,0,0.001,0,0.000333333, ,,
784,0.007,0.001,0.001,0.003, ,0,0,0,0, ,,
785,0.001,0.002,0.001,0.001333333, ,0,0,0.001,0.000333333, ,,
786,0.002,0.001,0.001,0.001333333, ,0.001,0.001,0,0.000666667, ,,
787,0.001,0.001,0.001,0.001, ,0,0,0,0, ,,
788,0.001,0.001,0.001,0.001, ,0,0,0.001,0.000333333, ,,
789,0.001,0.001,0.001,0.001, ,0.001,0.001,0,0.000666667, ,,
790,0.001,0.001,0.001,0.001, ,0,0,0.001,0.000333333, ,,
791,0.001,0.001,0.002,0.001333333, ,0,0,0,0, ,,
792,0.001,0.002,0.001,0.001333333, ,0,0,0,0, ,,
793,0.002,0.001,0.001,0.001333333, ,0.001,0.001,0,0.000666667, ,,
794,0.001,0.001,0.001,0.001, ,0,0,0.001,0.000333333, ,,
795,0.001,0.001,0.001,0.001, ,0,0,0,0, ,,
796,0.001,0.001,0.001,0.001, ,0,0.001,0,0.000333333, ,,
797,0.001,0.001,0.001,0.001, ,0.001,0,0.001,0.000666667, ,,
798,0.001,0.001,0.001,0.001, ,0,0,0,0, ,,
799,0.001,0.001,0.001,0.001, ,0,0,0,0, ,,
800,0.002,0.001,0.002,0.001666667, ,0,0.001,0.001,0.000666667, ,,
801,0.001,0.002,0.001,0.001333333, ,0.001,0,0,0.000333333, ,,
802,0.001,0.001,0.001,0.001, ,0,0,0,0, ,,
803,0.001,0.001,0.001,0.001, ,0,0.001,0.001,0.000666667, ,,
804,0.001,0.001,0.007,0.003, ,0.001,0,0,0.000333333, ,,
805,0.001,0.001,0.001,0.001, ,0,0.001,0.001,0.000666667, ,,
806,0.001,0.002,0.001,0.001333333, ,0,0,0,0, ,,
807,0.002,0.001,0.001,0.001333333, ,0.001,0,0.001,0.000666667, ,,
808,0.001,0.001,0.001,0.001, ,0,0.001,0,0.000333333, ,,
809,0.001,0.001,0.001,0.001, ,0,0,0.001,0.000333333, ,,
810,0.001,0.001,0.002,0.001333333, ,0.001,0.001,0,0.000666667, ,,
811,0.001,0.001,0.001,0.001, ,0,0,0.001,0.000333333, ,,
812,0.001,0.001,0.001,0.001, ,0.001,0,0,0.000333333, ,,
813,0.001,0.002,0.002,0.001666667, ,0,0.001,0.001,0.000666667, ,,
814,0.001,0.001,0.001,0.001, ,0,0,0,0, ,,
815,0.001,0.001,0.001,0.001, ,0.001,0.001,0,0.000666667, ,,
816,0.001,0.001,0.001,0.001, ,0,0,0.001,0.000333333, ,,
817,0.002,0.001,0.001,0.001333333, ,0,0,0,0, ,,
818,0.001,0.001,0.002,0.001333333, ,0.001,0.001,0.001,0.001, ,,
819,0.002,0.002,0.001,0.001666667, ,0,0,0,0, ,,
820,0.001,0.001,0.001,0.001, ,0,0,0.001,0.000333333, ,,
821,0.001,0.001,0.001,0.001, ,0.001,0.001,0,0.000666667, ,,
822,0.001,0.001,0.001,0.001, ,0,0,0,0, ,,
823,0.002,0.001,0.001,0.001333333, ,0,0.001,0.001,0.000666667, ,,
824,0.001,0.001,0.001,0.001, ,0.001,0,0,0.000333333, ,,
825,0.001,0.001,0.001,0.001, ,0,0,0.001,0.000333333, ,,
826,0.001,0.001,0.002,0.001333333, ,0,0.001,0,0.000333333, ,,
827,0.002,0.002,0.001,0.001666667, ,0,0,0,0, ,,
828,0.001,0.001,0.001,0.001, ,0.001,0,0.001,0.000666667, ,,
829,0.001,0.001,0.001,0.001, ,0,0.001,0,0.000333333, ,,
830,0.001,0.001,0.001,0.001, ,0,0,0,0, ,,
831,0.001,0.001,0.001,0.001, ,0.001,0,0.001,0.000666667, ,,
832,0.001,0.001,0.001,0.001, ,0,0,0,0, ,,
833,0.001,0.001,0.001,0.001, ,0,0.001,0.001,0.000666667, ,,
834,0.001,0.002,0.001,0.001333333, ,0.001,0,0,0.000333333, ,,
835,0.002,0.001,0.002,0.001666667, ,0,0.001,0,0.000333333, ,,
836,0.001,0.001,0.001,0.001, ,0,0,0.001,0.000333333, ,,
837,0.001,0.001,0.001,0.001, ,0.001,0.001,0,0.000666667, ,,
838,0.001,0.001,0.001,0.001, ,0,0,0.001,0.000333333, ,,
839,0.001,0.001,0.001,0.001, ,0,0,0,0, ,,
840,0.001,0.001,0.001,0.001, ,0.001,0.001,0.001,0.001, ,,
841,0.001,0.001,0.002,0.001333333, ,0,0,0,0, ,,
842,0.002,0.002,0.001,0.001666667, ,0,0,0,0, ,,
843,0.001,0.001,0.001,0.001, ,0.001,0.001,0.001,0.001, ,,
844,0.001,0.007,0.001,0.003, ,0,0,0,0, ,,
845,0.001,0.001,0.001,0.001, ,0.001,0.001,0.001,0.001, ,,
846,0.001,0.001,0.001,0.001, ,0,0,0,0, ,,
847,0.001,0.002,0.001,0.001333333, ,0,0,0.001,0.000333333, ,,
848,0.001,0.001,0.002,0.001333333, ,0.001,0.001,0,0.000666667, ,,
849,0.001,0.001,0.001,0.001, ,0,0,0,0, ,,
850,0.002,0.001,0.001,0.001333333, ,0,0.001,0.001,0.000666667, ,,
851,0.001,0.001,0.001,0.001, ,0.001,0,0,0.000333333, ,,
852,0.001,0.001,0.001,0.001, ,0,0,0.001,0.000333333, ,,
853,0.001,0.001,0.001,0.001, ,0,0.001,0,0.000333333, ,,
854,0.001,0.001,0.001,0.001, ,0.001,0,0.001,0.000666667, ,,
855,0.002,0.002,0.002,0.002, ,0,0.001,0,0.000333333, ,,
856,0.001,0.001,0.001,0.001, ,0.001,0,0.001,0.000666667, ,,
857,0.001,0.001,0.001,0.001, ,0,0.001,0.001,0.000666667, ,,
858,0.002,0.001,0.001,0.001333333, ,0,0,0,0, ,,
859,0.001,0.001,0.001,0.001, ,0.001,0,0.001,0.000666667, ,,
860,0.001,0.001,0.001,0.001, ,0,0.001,0,0.000333333, ,,
861,0.001,0.001,0.001,0.001, ,0.001,0,0.001,0.000666667, ,,
862,0.001,0.002,0.001,0.001333333, ,0,0.001,0,0.000333333, ,,
863,0.002,0.001,0.002,0.001666667, ,0,0,0.001,0.000333333, ,,
864,0.001,0.001,0.001,0.001, ,0.001,0,0,0.000333333, ,,
865,0.001,0.001,0.001,0.001, ,0,0.001,0.001,0.000666667, ,,
866,0.001,0.001,0.001,0.001, ,0,0,0,0, ,,
867,0.001,0.001,0.001,0.001, ,0.001,0.001,0.001,0.001, ,,
868,0.001,0.001,0.001,0.001, ,0,0,0,0, ,,
869,0.001,0.001,0.002,0.001333333, ,0.001,0.001,0.001,0.001, ,,
870,0.002,0.002,0.001,0.001666667, ,0,0,0,0, ,,
871,0.001,0.001,0.001,0.001, ,0,0.001,0.001,0.000666667, ,,
872,0.001,0.001,0.001,0.001, ,0.001,0,0,0.000333333, ,,
873,0.001,0.001,0.001,0.001, ,0,0.001,0.001,0.000666667, ,,
874,0.001,0.001,0.001,0.001, ,0.001,0,0,0.000333333, ,,
875,0.002,0.001,0.002,0.001666667, ,0,0.001,0.001,0.000666667, ,,
876,0.001,0.001,0.001,0.001, ,0.001,0,0,0.000333333, ,,
877,0.001,0.002,0.001,0.001333333, ,0,0.001,0.001,0.000666667, ,,
878,0.001,0.001,0.001,0.001, ,0.001,0,0.001,0.000666667, ,,
879,0.001,0.001,0.001,0.001, ,0,0.001,0,0.000333333, ,,
880,0.001,0.001,0.001,0.001, ,0,0,0.001,0.000333333, ,,
881,0.002,0.001,0.002,0.001666667, ,0.001,0,0,0.000333333, ,,
882,0.001,0.001,0.001,0.001, ,0,0.001,0,0.000333333, ,,
883,0.001,0.002,0.001,0.001333333, ,0,0,0.001,0.000333333, ,,
884,0.001,0.001,0.001,0.001, ,0.001,0.001,0,0.000666667, ,,
885,0.001,0.001,0.001,0.001, ,0,0,0.001,0.000333333, ,,
886,0.008,0.001,0.001,0.003333333, ,0.001,0.001,0.001,0.001, ,,
887,0.001,0.001,0.001,0.001, ,0,0,0,0, ,,
888,0.002,0.001,0.001,0.001333333, ,0,0.001,0.001,0.000666667, ,,
889,0.001,0.001,0.002,0.001333333, ,0.001,0,0.001,0.000666667, ,,
890,0.001,0.002,0.001,0.001333333, ,0,0.001,0.001,0.000666667, ,,
891,0.001,0.001,0.001,0.001, ,0.001,0,0.001,0.000666667, ,,
892,0.001,0.001,0.001,0.001, ,0,0.001,0,0.000333333, ,,
893,0.001,0.001,0.001,0.001, ,0.001,0,0.001,0.000666667, ,,
894,0.002,0.001,0.001,0.001333333, ,0,0.001,0.001,0.000666667, ,,
895,0.001,0.001,0.002,0.001333333, ,0,0,0,0, ,,
896,0.001,0.002,0.001,0.001333333, ,0.001,0.001,0.001,0.001, ,,
897,0.001,0.001,0.001,0.001, ,0,0,0.001,0.000333333, ,,
898,0.001,0.001,0.001,0.001, ,0.001,0.001,0,0.000666667, ,,
899,0.001,0.001,0.001,0.001, ,0.001,0,0.001,0.000666667, ,,
900,0.001,0.001,0.001,0.001, ,0.001,0.001,0.001,0.001, ,,
901,0.002,0.001,0.001,0.001333333, ,0.001,0,0,0.000333333, ,,
902,0.001,0.001,0.001,0.001, ,0.001,0.001,0.001,0.001, ,,
903,0.001,0.002,0.002,0.001666667, ,0,0,0.001,0.000333333, ,,
904,0.001,0.001,0.001,0.001, ,0.001,0.001,0,0.000666667, ,,
905,0.001,0.001,0.001,0.001, ,0,0.001,0.001,0.000666667, ,,
906,0.002,0.001,0.007,0.003333333, ,0.001,0,0.001,0.000666667, ,,
907,0.001,0.001,0.001,0.001, ,0.001,0.001,0.001,0.001, ,,
908,0.001,0.001,0.001,0.001, ,0,0.001,0.001,0.000666667, ,,
909,0.001,0.001,0.001,0.001, ,0.001,0,0,0.000333333, ,,
910,0.001,0.002,0.001,0.001333333, ,0,0.001,0.001,0.000666667, ,,
911,0.001,0.001,0.002,0.001333333, ,0.001,0,0,0.000333333, ,,
912,0.001,0.001,0.001,0.001, ,0,0.001,0.001,0.000666667, ,,
913,0.001,0.001,0.001,0.001, ,0.001,0,0,0.000333333, ,,
914,0.002,0.001,0.001,0.001333333, ,0,0.001,0.001,0.000666667, ,,
915,0.001,0.001,0.001,0.001, ,0.001,0,0,0.000333333, ,,
916,0.001,0.001,0.001,0.001, ,0,0.001,0.001,0.000666667, ,,
917,0.001,0.002,0.001,0.001333333, ,0.001,0,0.001,0.000666667, ,,
918,0.001,0.001,0.001,0.001, ,0,0.001,0,0.000333333, ,,
919,0.002,0.001,0.002,0.001666667, ,0,0,0.001,0.000333333, ,,
920,0.001,0.001,0.001,0.001, ,0.001,0.001,0,0.000666667, ,,
921,0.001,0.001,0.001,0.001, ,0,0,0.001,0.000333333, ,,
922,0.001,0.001,0.001,0.001, ,0.001,0.001,0,0.000666667, ,,
923,0.001,0.001,0.001,0.001, ,0,0,0.001,0.000333333, ,,
924,0.001,0.002,0.001,0.001333333, ,0.001,0.001,0,0.000666667, ,,
925,0.002,0.001,0.001,0.001333333, ,0,0,0.001,0.000333333, ,,
926,0.001,0.001,0.002,0.001333333, ,0.001,0.001,0,0.000666667, ,,
927,0.001,0.001,0.001,0.001, ,0,0,0.001,0.000333333, ,,
928,0.001,0.001,0.001,0.001, ,0.001,0,0,0.000333333, ,,
929,0.001,0.001,0.001,0.001, ,0,0.001,0.001,0.000666667, ,,
930,0.002,0.001,0.001,0.001333333, ,0,0,0,0, ,,
931,0.001,0.002,0.001,0.001333333, ,0.001,0.001,0.001,0.001, ,,
932,0.001,0.001,0.002,0.001333333, ,0.001,0.001,0,0.000666667, ,,
933,0.001,0.001,0.001,0.001, ,0,0,0.001,0.000333333, ,,
934,0.001,0.001,0.001,0.001, ,0.001,0.001,0.001,0.001, ,,
935,0.001,0.001,0.001,0.001, ,0,0,0,0, ,,
936,0.001,0.001,0.001,0.001, ,0.001,0.001,0.001,0.001, ,,
937,0.002,0.001,0.001,0.001333333, ,0,0,0.001,0.000333333, ,,
938,0.001,0.001,0.001,0.001, ,0.001,0.001,0,0.000666667, ,,
939,0.001,0.002,0.002,0.001666667, ,0,0.001,0.001,0.000666667, ,,
940,0.001,0.001,0.001,0.001, ,0.001,0,0,0.000333333, ,,
941,0.002,0.001,0.001,0.001333333, ,0,0.001,0.001,0.000666667, ,,
942,0.001,0.001,0.001,0.001, ,0.001,0,0.001,0.000666667, ,,
943,0.001,0.001,0.001,0.001, ,0,0.001,0,0.000333333, ,,
944,0.001,0.001,0.001,0.001, ,0.001,0,0.001,0.000666667, ,,
945,0.001,0.001,0.001,0.001, ,0,0.001,0.001,0.000666667, ,,
946,0.001,0.002,0.002,0.001666667, ,0.001,0.001,0,0.000666667, ,,
947,0.001,0.006,0.001,0.002666667, ,0.001,0,0.001,0.000666667, ,,
948,0.001,0.001,0.001,0.001, ,0,0.001,0,0.000333333, ,,
949,0.002,0.001,0.001,0.001333333, ,0,0,0.001,0.000333333, ,,
950,0.001,0.001,0.001,0.001, ,0.001,0.001,0.001,0.001, ,,
951,0.001,0.001,0.001,0.001, ,0,0,0,0, ,,
952,0.001,0.001,0.001,0.001, ,0.001,0.001,0.001,0.001, ,,
953,0.001,0.001,0.001,0.001, ,0,0,0,0, ,,
954,0.001,0.002,0.002,0.001666667, ,0.001,0.001,0.001,0.001, ,,
955,0.001,0.001,0.001,0.001, ,0,0,0,0, ,,
956,0.002,0.001,0.001,0.001333333, ,0.001,0,0.001,0.000666667, ,,
957,0.001,0.001,0.001,0.001, ,0,0.001,0,0.000333333, ,,
958,0.001,0.001,0.001,0.001, ,0,0,0.001,0.000333333, ,,
959,0.001,0.001,0.002,0.001333333, ,0.001,0.001,0.001,0.001, ,,
960,0.001,0.002,0.001,0.001333333, ,0,0,0,0, ,,
961,0.001,0.001,0.001,0.001, ,0.001,0.001,0.001,0.001, ,,
962,0.001,0.001,0.001,0.001, ,0.001,0.001,0.001,0.001, ,,
963,0.002,0.001,0.001,0.001333333, ,0,0,0,0, ,,
964,0.001,0.001,0.001,0.001, ,0.001,0.001,0.001,0.001, ,,
965,0.001,0.001,0.001,0.001, ,0,0.001,0.001,0.000666667, ,,
966,0.001,0.001,0.002,0.001333333, ,0.001,0,0.001,0.000666667, ,,
967,0.002,0.002,0.001,0.001666667, ,0.001,0.001,0.001,0.001, ,,
968,0.001,0.001,0.001,0.001, ,0,0.001,0,0.000333333, ,,
969,0.001,0.001,0.001,0.001, ,0.001,0,0.001,0.000666667, ,,
970,0.001,0.001,0.002,0.001333333, ,0,0.001,0.001,0.000666667, ,,
971,0.001,0.001,0.001,0.001, ,0.001,0.001,0,0.000666667, ,,
972,0.002,0.001,0.001,0.001333333, ,0,0,0.001,0.000333333, ,,
973,0.001,0.002,0.001,0.001333333, ,0.007,0.01,0.013,0.01, ,,
974,0.001,0.001,0.001,0.001, ,0.001,0.001,0.001,0.001, ,,
975,0.001,0.001,0.001,0.001, ,0.001,0,0,0.000333333, ,,
976,0.001,0.001,0.002,0.001333333, ,0,0.001,0.001,0.000666667, ,,
977,0.001,0.001,0.001,0.001, ,0.001,0.001,0.001,0.001, ,,
978,0.001,0.001,0.001,0.001, ,0,0,0,0, ,,
979,0.002,0.001,0.001,0.001333333, ,0.001,0.001,0.001,0.001, ,,
980,0.001,0.002,0.001,0.001333333, ,0.001,0.001,0.001,0.001, ,,
981,0.001,0.001,0.001,0.001, ,0,0,0.001,0.000333333, ,,
982,0.001,0.001,0.002,0.001333333, ,0.001,0.001,0.001,0.001, ,,
983,0.001,0.001,0.001,0.001, ,0,0.001,0,0.000333333, ,,
984,0.002,0.001,0.001,0.001333333, ,0.001,0,0.001,0.000666667, ,,
985,0.001,0.002,0.001,0.001333333, ,0.001,0.001,0.001,0.001, ,,
986,0.001,0.001,0.001,0.001, ,0,0.001,0.001,0.000666667, ,,
987,0.001,0.001,0.001,0.001, ,0.001,0,0.001,0.000666667, ,,
988,0.008,0.001,0.002,0.003666667, ,0.001,0.001,0.001,0.001, ,,
989,0.001,0.001,0.001,0.001, ,0,0.001,0,0.000333333, ,,
990,0.001,0.001,0.001,0.001, ,0.001,0,0.001,0.000666667, ,,
991,0.001,0.002,0.001,0.001333333, ,0,0.001,0.001,0.000666667, ,,
992,0.001,0.001,0.001,0.001, ,0.001,0.001,0.001,0.001, ,,
993,0.002,0.001,0.001,0.001333333, ,0,0,0.001,0.000333333, ,,
994,0.001,0.001,0.001,0.001, ,0.001,0.001,0,0.000666667, ,,
995,0.001,0.001,0.002,0.001333333, ,0.001,0,0.001,0.000666667, ,,
996,0.001,0.001,0.001,0.001, ,0,0.002,0.001,0.001, ,,
997,0.001,0.002,0.001,0.001333333, ,0.001,0,0.001,0.000666667, ,,
998,0.001,0.001,0.001,0.001, ,0,0.001,0.001,0.000666667, ,,
999,0.002,0.001,0.001,0.001333333, ,0.001,0.001,0,0.000666667, ,,
1000,0.001,0.001,0.001,0.001, ,0.001,0,0.001,0.000666667, ,,
1001,0.001,0.001,0.002,0.001333333, ,0,0.001,0.001,0.000666667, ,,
1002,0.001,0.001,0.001,0.001, ,0.001,0.001,0.001,0.001, ,,
1003,0.002,0.002,0.001,0.001666667, ,0.001,0.001,0.001,0.001, ,,
1004,0.001,0.001,0.001,0.001, ,0,0,0,0, ,,
1005,0.001,0.001,0.001,0.001, ,0.001,0.001,0.001,0.001, ,,
1006,0.001,0.001,0.001,0.001, ,0,0,0.001,0.000333333, ,,
1007,0.001,0.001,0.002,0.001333333, ,0,0.001,0.001,0.000666667, ,,
1008,0.001,0.001,0.009,0.003666667, ,0.001,0,0.001,0.000666667, ,,
1009,0.001,0.002,0.001,0.001333333, ,0,0.001,0,0.000333333, ,,
1010,0.002,0.001,0.001,0.001333333, ,0.001,0,0.002,0.001, ,,
1011,0.001,0.001,0.001,0.001, ,0,0.001,0,0.000333333, ,,
1012,0.001,0.001,0.001,0.001, ,0.001,0,0.001,0.000666667, ,,
1013,0.001,0.001,0.001,0.001, ,0,0.001,0.001,0.000666667, ,,
1014,0.001,0.001,0.002,0.001333333, ,0.001,0,0,0.000333333, ,,
1015,0.001,0.002,0.001,0.001333333, ,0,0.001,0.001,0.000666667, ,,
1016,0.001,0.001,0.001,0.001, ,0.001,0.001,0.001,0.001, ,,
1017,0.002,0.001,0.001,0.001333333, ,0.001,0,0,0.000333333, ,,
1018,0.001,0.001,0.001,0.001, ,0.001,0.001,0.001,0.001, ,,
1019,0.001,0.001,0.001,0.001, ,0,0,0.001,0.000333333, ,,
1020,0.001,0.001,0.001,0.001, ,0.001,0.001,0.001,0.001, ,,
1021,0.001,0.002,0.002,0.001666667, ,0,0,0,0, ,,
1022,0.001,0.001,0.001,0.001, ,0.001,0.001,0.001,0.001, ,,
1023,0.002,0.001,0.001,0.001333333, ,0,0,0,0, ,,
1024,0.001,0.001,0.001,0.001, ,0.001,0.001,0.001,0.001, ,,
1025,0.001,0.001,0.001,0.001, ,0,0,0.001,0.000333333, ,,
1026,0.001,0.001,0.002,0.001333333, ,0.001,0.001,0,0.000666667, ,,
1027,0.001,0.002,0.001,0.001333333, ,0.001,0.001,0.002,0.001333333, ,,
1028,0.002,0.001,0.001,0.001333333, ,0,0,0,0, ,,
1029,0.001,0.001,0.002,0.001333333, ,0.001,0.001,0.001,0.001, ,,
1030,0.002,0.001,0.001,0.001333333, ,0.001,0.001,0.001,0.001, ,,
1031,0.001,0.002,0.001,0.001333333, ,0,0.001,0.001,0.000666667, ,,
1032,0.001,0.001,0.001,0.001, ,0.001,0,0.001,0.000666667, ,,
1033,0.002,0.001,0.001,0.001333333, ,0.001,0.001,0.001,0.001, ,,
1034,0.001,0.002,0.002,0.001666667, ,0,0.001,0.001,0.000666667, ,,
1035,0.001,0.001,0.001,0.001, ,0.001,0.001,0.001,0.001, ,,
1036,0.001,0.001,0.001,0.001, ,0.001,0,0.001,0.000666667, ,,
1037,0.002,0.001,0.001,0.001333333, ,0.001,0.001,0.001,0.001, ,,
1038,0.001,0.001,0.001,0.001, ,0,0.001,0.001,0.000666667, ,,
1039,0.001,0.002,0.002,0.001666667, ,0.001,0.001,0,0.000666667, ,,
1040,0.001,0.001,0.001,0.001, ,0.001,0.001,0.002,0.001333333, ,,
1041,0.002,0.001,0.002,0.001666667, ,0.001,0.001,0.001,0.001, ,,
1042,0.001,0.001,0.001,0.001, ,0,0.001,0.001,0.000666667, ,,
1043,0.001,0.001,0.001,0.001, ,0.001,0,0.001,0.000666667, ,,
1044,0.001,0.002,0.001,0.001333333, ,0.001,0.001,0.001,0.001, ,,
1045,0.001,0.001,0.001,0.001, ,0.001,0.001,0.001,0.001, ,,
1046,0.002,0.001,0.002,0.001666667, ,0.001,0.001,0.001,0.001, ,,
1047,0.001,0.001,0.001,0.001, ,0,0.001,0.001,0.000666667, ,,
1048,0.001,0.002,0.001,0.001333333, ,0.001,0.001,0.001,0.001, ,,
1049,0.001,0.007,0.001,0.003, ,0.001,0.001,0.001,0.001, ,,
1050,0.001,0.001,0.001,0.001, ,0.001,0.001,0.001,0.001, ,,
1051,0.002,0.002,0.002,0.002, ,0.001,0,0.001,0.000666667, ,,
1052,0.001,0.001,0.001,0.001, ,0,0.001,0.001,0.000666667, ,,
1053,0.001,0.001,0.001,0.001, ,0.001,0.001,0.001,0.001, ,,
1054,0.001,0.001,0.001,0.001, ,0.001,0.001,0.001,0.001, ,,
1055,0.001,0.002,0.002,0.001666667, ,0.001,0.001,0.001,0.001, ,,
1056,0.001,0.001,0.001,0.001, ,0.001,0.001,0.001,0.001, ,,
1057,0.001,0.001,0.001,0.001, ,0,0.001,0.001,0.000666667, ,,
1058,0.001,0.001,0.001,0.001, ,0.001,0.001,0.002,0.001333333, ,,
1059,0.002,0.001,0.001,0.001333333, ,0.001,0.001,0.001,0.001, ,,
1060,0.001,0.002,0.002,0.001666667, ,0.001,0.001,0.001,0.001, ,,
1061,0.001,0.001,0.001,0.001, ,0.001,0.001,0.002,0.001333333, ,,
1062,0.001,0.001,0.001,0.001, ,0.001,0.001,0.001,0.001, ,,
1063,0.001,0.001,0.001,0.001, ,0.001,0.001,0.001,0.001, ,,
1064,0.002,0.002,0.002,0.002, ,0.001,0.001,0.001,0.001, ,,
1065,0.001,0.001,0.001,0.001, ,0.001,0.001,0.001,0.001, ,,
1066,0.001,0.001,0.001,0.001, ,0.001,0.001,0.001,0.001, ,,
1067,0.002,0.001,0.001,0.001333333, ,0.001,0.001,0.002,0.001333333, ,,
1068,0.001,0.002,0.002,0.001666667, ,0.001,0.001,0.001,0.001, ,,
1069,0.001,0.001,0.001,0.001, ,0.001,0.001,0.001,0.001, ,,
1070,0.002,0.001,0.001,0.001333333, ,0.001,0.001,0.001,0.001, ,,
1071,0.001,0.001,0.001,0.001, ,0.001,0.001,0.001,0.001, ,,
1072,0.001,0.001,0.002,0.001333333, ,0.001,0.001,0.002,0.001333333, ,,
1073,0.001,0.002,0.001,0.001333333, ,0.001,0.001,0.001,0.001, ,,
1074,0.002,0.001,0.001,0.001333333, ,0.001,0.002,0.001,0.001333333, ,,
1075,0.001,0.001,0.001,0.001, ,0.001,0.001,0.001,0.001, ,,
1076,0.001,0.001,0.002,0.001333333, ,0.001,0.001,0.002,0.001333333, ,,
1077,0.001,0.002,0.001,0.001333333, ,0.001,0.001,0.001,0.001, ,,
1078,0.002,0.001,0.001,0.001333333, ,0.001,0.001,0.001,0.001, ,,
1079,0.001,0.001,0.001,0.001, ,0.001,0.001,0.001,0.001, ,,
1080,0.001,0.002,0.001,0.001333333, ,0.001,0.001,0.002,0.001333333, ,,
1081,0.001,0.001,0.002,0.001333333, ,0.001,0.001,0.001,0.001, ,,
1082,0.001,0.001,0.001,0.001, ,0.001,0.001,0.001,0.001, ,,
1083,0.002,0.001,0.001,0.001333333, ,0.001,0.001,0.002,0.001333333, ,,
1084,0.001,0.001,0.001,0.001, ,0.001,0.001,0.001,0.001, ,,
1085,0.001,0.002,0.002,0.001666667, ,0.001,0.001,0.001,0.001, ,,
1086,0.002,0.001,0.001,0.001333333, ,0.001,0.001,0.001,0.001, ,,
1087,0.001,0.001,0.001,0.001, ,0.001,0.001,0.001,0.001, ,,
1088,0.001,0.001,0.001,0.001, ,0.001,0.001,0.002,0.001333333, ,,
1089,0.001,0.002,0.002,0.001666667, ,0.001,0.001,0.001,0.001, ,,
1090,0.008,0.001,0.001,0.003333333, ,0.001,0.001,0.001,0.001, ,,
1091,0.001,0.001,0.001,0.001, ,0.002,0.002,0.002,0.002, ,,
1092,0.001,0.002,0.001,0.001333333, ,0.001,0.001,0.001,0.001, ,,
1093,0.002,0.001,0.001,0.001333333, ,0.001,0.001,0.002,0.001333333, ,,
1094,0.001,0.002,0.002,0.001666667, ,0.002,0.001,0.001,0.001333333, ,,
1095,0.001,0.001,0.001,0.001, ,0.001,0.001,0.002,0.001333333, ,,
1096,0.002,0.001,0.001,0.001333333, ,0.001,0.002,0.001,0.001333333, ,,
1097,0.001,0.002,0.001,0.001333333, ,0.002,0.001,0.002,0.001666667, ,,
1098,0.001,0.001,0.002,0.001333333, ,0.001,0.001,0.001,0.001, ,,
1099,0.001,0.001,0.001,0.001, ,0.001,0.001,0.002,0.001333333, ,,
1100,0.002,0.001,0.001,0.001333333, ,0.001,0.001,0.001,0.001, ,,
1101,0.001,0.002,0.002,0.001666667, ,0.002,0.002,0.001,0.001666667, ,,
1102,0.001,0.001,0.001,0.001, ,0.001,0.001,0.002,0.001333333, ,,
1103,0.001,0.001,0.001,0.001, ,0.001,0.001,0.001,0.001, ,,
1104,0.002,0.001,0.001,0.001333333, ,0.001,0.001,0.002,0.001333333, ,,
1105,0.001,0.002,0.002,0.001666667, ,0.002,0.002,0.001,0.001666667, ,,
1106,0.001,0.001,0.001,0.001, ,0.001,0.001,0.002,0.001333333, ,,
1107,0.001,0.001,0.001,0.001, ,0.001,0.001,0.001,0.001, ,,
1108,0.002,0.001,0.002,0.001666667, ,0.002,0.002,0.002,0.002, ,,
1109,0.001,0.002,0.001,0.001333333, ,0.001,0.001,0.002,0.001333333, ,,
1110,0.001,0.001,0.006,0.002666667, ,0.001,0.001,0.001,0.001, ,,
1111,0.002,0.001,0.002,0.001666667, ,0.002,0.002,0.002,0.002, ,,
1112,0.001,0.001,0.001,0.001, ,0.001,0.001,0.001,0.001, ,,
1113,0.001,0.002,0.001,0.001333333, ,0.001,0.001,0.002,0.001333333, ,,
1114,0.001,0.001,0.001,0.001, ,0.002,0.001,0.002,0.001666667, ,,
1115,0.002,0.001,0.002,0.001666667, ,0.001,0.002,0.002,0.001666667, ,,
1116,0.001,0.002,0.001,0.001333333, ,0.001,0.001,0.002,0.001333333, ,,
1117,0.001,0.001,0.001,0.001, ,0.001,0.002,0.002,0.001666667, ,,
1118,0.001,0.001,0.001,0.001, ,0.001,0.001,0.001,0.001, ,,
1119,0.002,0.001,0.002,0.001666667, ,0.002,0.001,0.002,0.001666667, ,,
1120,0.001,0.002,0.001,0.001333333, ,0.001,0.001,0.001,0.001, ,,
1121,0.001,0.001,0.001,0.001, ,0.001,0.001,0.002,0.001333333, ,,
1122,0.001,0.001,0.001,0.001, ,0.001,0.002,0.001,0.001333333, ,,
1123,0.002,0.001,0.002,0.001666667, ,0.001,0.001,0.002,0.001333333, ,,
1124,0.001,0.001,0.001,0.001, ,0.001,0.001,0.002,0.001333333, ,,
1125,0.001,0.002,0.001,0.001333333, ,0.001,0.001,0.002,0.001333333, ,,
1126,0.001,0.001,0.002,0.001333333, ,0.002,0.002,0.002,0.002, ,,
1127,0.001,0.001,0.001,0.001, ,0.001,0.001,0.002,0.001333333, ,,
1128,0.001,0.001,0.001,0.001, ,0.001,0.001,0.002,0.001333333, ,,
1129,0.001,0.002,0.001,0.001333333, ,0.001,0.002,0.002,0.001666667, ,,
1130,0.001,0.001,0.002,0.001333333, ,0.002,0.001,0.001,0.001333333, ,,
1131,0.002,0.001,0.001,0.001333333, ,0.001,0.001,0.002,0.001333333, ,,
1132,0.001,0.001,0.001,0.001, ,0.001,0.002,0.001,0.001333333, ,,
1133,0.001,0.002,0.001,0.001333333, ,0.001,0.001,0.002,0.001333333, ,,
1134,0.001,0.001,0.002,0.001333333, ,0.001,0.001,0.001,0.001, ,,
1135,0.002,0.001,0.001,0.001333333, ,0.001,0.001,0.002,0.001333333, ,,
1136,0.001,0.001,0.001,0.001, ,0.001,0.001,0.001,0.001, ,,
1137,0.001,0.001,0.002,0.001333333, ,0.001,0.001,0.002,0.001333333, ,,
1138,0.001,0.002,0.001,0.001333333, ,0.002,0.002,0.001,0.001666667, ,,
1139,0.002,0.001,0.001,0.001333333, ,0.001,0.001,0.002,0.001333333, ,,
1140,0.001,0.001,0.001,0.001, ,0.001,0.002,0.002,0.001666667, ,,
1141,0.001,0.002,0.002,0.001666667, ,0.002,0.001,0.002,0.001666667, ,,
1142,0.001,0.001,0.001,0.001, ,0.001,0.002,0.001,0.001333333, ,,
1143,0.002,0.001,0.001,0.001333333, ,0.001,0.001,0.002,0.001333333, ,,
1144,0.001,0.001,0.001,0.001, ,0.001,0.002,0.002,0.001666667, ,,
1145,0.001,0.002,0.002,0.001666667, ,0.001,0.001,0.001,0.001, ,,
1146,0.001,0.001,0.001,0.001, ,0.002,0.002,0.002,0.002, ,,
1147,0.002,0.001,0.001,0.001333333, ,0.001,0.001,0.001,0.001, ,,
1148,0.001,0.001,0.002,0.001333333, ,0.001,0.001,0.002,0.001333333, ,,
1149,0.001,0.002,0.001,0.001333333, ,0.001,0.002,0.002,0.001666667, ,,
1150,0.002,0.001,0.001,0.001333333, ,0.002,0.001,0.002,0.001666667, ,,
1151,0.001,0.006,0.001,0.002666667, ,0.001,0.002,0.001,0.001333333, ,,
1152,0.001,0.002,0.002,0.001666667, ,0.001,0.001,0.002,0.001333333, ,,
1153,0.001,0.001,0.001,0.001, ,0.002,0.002,0.002,0.002, ,,
1154,0.002,0.001,0.001,0.001333333, ,0.001,0.001,0.002,0.001333333, ,,
1155,0.001,0.001,0.001,0.001, ,0.001,0.002,0.002,0.001666667, ,,
1156,0.001,0.002,0.002,0.001666667, ,0.001,0.001,0.001,0.001, ,,
1157,0.001,0.001,0.001,0.001, ,0.002,0.002,0.002,0.002, ,,
1158,0.002,0.001,0.001,0.001333333, ,0.001,0.002,0.002,0.001666667, ,,
1159,0.001,0.001,0.002,0.001333333, ,0.002,0.001,0.002,0.001666667, ,,
1160,0.002,0.002,0.001,0.001666667, ,0.001,0.002,0.003,0.002, ,,
1161,0.001,0.001,0.002,0.001333333, ,0.001,0.001,0.002,0.001333333, ,,
1162,0.001,0.001,0.001,0.001, ,0.001,0.002,0.002,0.001666667, ,,
1163,0.001,0.002,0.001,0.001333333, ,0.002,0.001,0.002,0.001666667, ,,
1164,0.002,0.001,0.002,0.001666667, ,0.001,0.001,0.002,0.001333333, ,,
1165,0.001,0.001,0.001,0.001, ,0.001,0.002,0.002,0.001666667, ,,
1166,0.001,0.001,0.001,0.001, ,0.002,0.001,0.001,0.001333333, ,,
1167,0.001,0.001,0.001,0.001, ,0.001,0.002,0.002,0.001666667, ,,
1168,0.002,0.002,0.002,0.002, ,0.001,0.001,0.002,0.001333333, ,,
1169,0.001,0.001,0.001,0.001, ,0.002,0.002,0.002,0.002, ,,
1170,0.001,0.001,0.001,0.001, ,0.001,0.001,0.002,0.001333333, ,,
1171,0.002,0.002,0.002,0.002, ,0.001,0.002,0.002,0.001666667, ,,
1172,0.001,0.001,0.001,0.001, ,0.002,0.001,0.002,0.001666667, ,,
1173,0.001,0.001,0.001,0.001, ,0.001,0.002,0.002,0.001666667, ,,
1174,0.001,0.002,0.001,0.001333333, ,0.002,0.002,0.002,0.002, ,,
1175,0.002,0.001,0.002,0.001666667, ,0.001,0.001,0.002,0.001333333, ,,
1176,0.001,0.001,0.001,0.001, ,0.002,0.002,0.002,0.002, ,,
1177,0.001,0.001,0.001,0.001, ,0.001,0.001,0.002,0.001333333, ,,
1178,0.001,0.002,0.001,0.001333333, ,0.001,0.002,0.002,0.001666667, ,,
1179,0.002,0.001,0.002,0.001666667, ,0.002,0.001,0.001,0.001333333, ,,
1180,0.001,0.001,0.001,0.001, ,0.001,0.001,0.002,0.001333333, ,,
1181,0.001,0.001,0.001,0.001, ,0.001,0.002,0.002,0.001666667, ,,
1182,0.002,0.002,0.002,0.002, ,0.001,0.001,0.001,0.001, ,,
1183,0.001,0.001,0.001,0.001, ,0.001,0.002,0.002,0.001666667, ,,
1184,0.001,0.001,0.001,0.001, ,0.002,0.001,0.002,0.001666667, ,,
1185,0.002,0.001,0.001,0.001333333, ,0.001,0.002,0.001,0.001333333, ,,
1186,0.001,0.002,0.002,0.001666667, ,0.002,0.001,0.002,0.001666667, ,,
1187,0.001,0.001,0.001,0.001, ,0.001,0.002,0.002,0.001666667, ,,
1188,0.001,0.001,0.001,0.001, ,0.002,0.002,0.002,0.002, ,,
1189,0.002,0.001,0.001,0.001333333, ,0.001,0.001,0.002,0.001333333, ,,
1190,0.001,0.002,0.002,0.001666667, ,0.002,0.002,0.002,0.002, ,,
1191,0.001,0.001,0.001,0.001, ,0.002,0.002,0.002,0.002, ,,
1192,0.008,0.001,0.001,0.003333333, ,0.001,0.001,0.002,0.001333333, ,,
1193,0.001,0.001,0.002,0.001333333, ,0.002,0.002,0.002,0.002, ,,
1194,0.002,0.002,0.001,0.001666667, ,0.001,0.002,0.002,0.001666667, ,,
1195,0.001,0.001,0.001,0.001, ,0.002,0.001,0.003,0.002, ,,
1196,0.001,0.001,0.001,0.001, ,0.001,0.002,0.002,0.001666667, ,,
1197,0.002,0.002,0.002,0.002, ,0.002,0.002,0.002,0.002, ,,
1198,0.001,0.001,0.001,0.001, ,0.001,0.002,0.001,0.001333333, ,,
1199,0.001,0.001,0.001,0.001, ,0.001,0.001,0.002,0.001333333, ,,
1200,0.001,0.002,0.001,0.001333333, ,0.002,0.002,0.002,0.002, ,,
1201,0.002,0.002,0.002,0.002, ,0.001,0.002,0.002,0.001666667, ,,
1202,0.001,0.001,0.001,0.001, ,0.002,0.002,0.002,0.002, ,,
1203,0.001,0.002,0.001,0.001333333, ,0.001,0.001,0.002,0.001333333, ,,
1204,0.001,0.001,0.002,0.001333333, ,0.002,0.002,0.002,0.002, ,,
1205,0.002,0.001,0.001,0.001333333, ,0.001,0.002,0.002,0.001666667, ,,
1206,0.001,0.001,0.001,0.001, ,0.002,0.001,0.002,0.001666667, ,,
1207,0.001,0.002,0.001,0.001333333, ,0.001,0.002,0.002,0.001666667, ,,
1208,0.001,0.001,0.002,0.001333333, ,0.022,0.02,0.022,0.021333333, ,,
1209,0.002,0.001,0.001,0.001333333, ,0.002,0.002,0.002,0.002, ,,
1210,0.001,0.002,0.001,0.001333333, ,0.001,0.001,0.002,0.001333333, ,,
1211,0.001,0.001,0.001,0.001, ,0.001,0.002,0.002,0.001666667, ,,
1212,0.002,0.001,0.007,0.003333333, ,0.002,0.001,0.001,0.001333333, ,,
1213,0.001,0.001,0.001,0.001, ,0.001,0.002,0.002,0.001666667, ,,
1214,0.001,0.002,0.001,0.001333333, ,0.002,0.002,0.003,0.002333333, ,,
1215,0.002,0.001,0.002,0.001666667, ,0.001,0.001,0.002,0.001333333, ,,
1216,0.001,0.001,0.001,0.001, ,0.002,0.002,0.002,0.002, ,,
1217,0.001,0.002,0.001,0.001333333, ,0.001,0.002,0.002,0.001666667, ,,
1218,0.002,0.001,0.002,0.001666667, ,0.002,0.001,0.002,0.001666667, ,,
1219,0.001,0.001,0.001,0.001, ,0.001,0.002,0.002,0.001666667, ,,
1220,0.001,0.001,0.001,0.001, ,0.002,0.001,0.002,0.001666667, ,,
1221,0.002,0.002,0.001,0.001666667, ,0.002,0.002,0.002,0.002, ,,
1222,0.001,0.001,0.002,0.001333333, ,0.001,0.002,0.002,0.001666667, ,,
1223,0.001,0.001,0.001,0.001, ,0.002,0.002,0.002,0.002, ,,
1224,0.002,0.002,0.001,0.001666667, ,0.001,0.001,0.002,0.001333333, ,,
1225,0.001,0.001,0.002,0.001333333, ,0.002,0.002,0.003,0.002333333, ,,
1226,0.001,0.001,0.001,0.001, ,0.001,0.002,0.002,0.001666667, ,,
1227,0.002,0.001,0.001,0.001333333, ,0.002,0.002,0.002,0.002, ,,
1228,0.001,0.002,0.001,0.001333333, ,0.001,0.001,0.002,0.001333333, ,,
1229,0.001,0.001,0.002,0.001333333, ,0.002,0.002,0.002,0.002, ,,
1230,0.001,0.001,0.001,0.001, ,0.001,0.002,0.002,0.001666667, ,,
1231,0.002,0.002,0.001,0.001666667, ,0.002,0.001,0.002,0.001666667, ,,
1232,0.001,0.001,0.001,0.001, ,0.001,0.002,0.002,0.001666667, ,,
1233,0.001,0.001,0.002,0.001333333, ,0.002,0.002,0.002,0.002, ,,
1234,0.001,0.002,0.001,0.001333333, ,0.001,0.002,0.002,0.001666667, ,,
1235,0.002,0.001,0.001,0.001333333, ,0.002,0.001,0.001,0.001333333, ,,
1236,0.001,0.001,0.001,0.001, ,0.002,0.002,0.003,0.002333333, ,,
1237,0.001,0.001,0.002,0.001333333, ,0.001,0.002,0.002,0.001666667, ,,
1238,0.002,0.002,0.001,0.001666667, ,0.002,0.001,0.002,0.001666667, ,,
1239,0.001,0.001,0.002,0.001333333, ,0.001,0.002,0.002,0.001666667, ,,
1240,0.001,0.001,0.001,0.001, ,0.002,0.002,0.002,0.002, ,,
1241,0.002,0.002,0.001,0.001666667, ,0.002,0.002,0.002,0.002, ,,
1242,0.001,0.001,0.001,0.001, ,0.001,0.001,0.002,0.001333333, ,,
1243,0.001,0.001,0.002,0.001333333, ,0.002,0.002,0.002,0.002, ,,
1244,0.001,0.002,0.001,0.001333333, ,0.002,0.002,0.003,0.002333333, ,,
1245,0.002,0.001,0.001,0.001333333, ,0.001,0.002,0.002,0.001666667, ,,
1246,0.001,0.001,0.002,0.001333333, ,0.002,0.002,0.002,0.002, ,,
1247,0.002,0.002,0.001,0.001666667, ,0.002,0.001,0.002,0.001666667, ,,
1248,0.001,0.001,0.001,0.001, ,0.001,0.002,0.002,0.001666667, ,,
1249,0.002,0.001,0.002,0.001666667, ,0.002,0.002,0.003,0.002333333, ,,
1250,0.001,0.002,0.001,0.001333333, ,0.002,0.002,0.002,0.002, ,,
1251,0.001,0.001,0.002,0.001333333, ,0.001,0.002,0.002,0.001666667, ,,
1252,0.001,0.008,0.002,0.003666667, ,0.002,0.002,0.002,0.002, ,,
1253,0.002,0.001,0.001,0.001333333, ,0.002,0.001,0.002,0.001666667, ,,
1254,0.001,0.002,0.001,0.001333333, ,0.002,0.002,0.002,0.002, ,,
1255,0.001,0.002,0.001,0.001333333, ,0.001,0.002,0.002,0.001666667, ,,
1256,0.002,0.001,0.002,0.001666667, ,0.002,0.002,0.003,0.002333333, ,,
1257,0.001,0.002,0.001,0.001333333, ,0.001,0.002,0.002,0.001666667, ,,
1258,0.001,0.001,0.001,0.001, ,0.002,0.001,0.002,0.001666667, ,,
1259,0.002,0.002,0.002,0.002, ,0.002,0.002,0.002,0.002, ,,
1260,0.001,0.001,0.001,0.001, ,0.002,0.002,0.003,0.002333333, ,,
1261,0.002,0.001,0.001,0.001333333, ,0.001,0.002,0.001,0.001333333, ,,
1262,0.001,0.002,0.002,0.001666667, ,0.002,0.002,0.002,0.002, ,,
1263,0.001,0.001,0.001,0.001, ,0.001,0.002,0.002,0.001666667, ,,
1264,0.001,0.001,0.001,0.001, ,0.002,0.001,0.003,0.002, ,,
1265,0.002,0.001,0.002,0.001666667, ,0.002,0.002,0.002,0.002, ,,
1266,0.001,0.002,0.001,0.001333333, ,0.001,0.002,0.002,0.001666667, ,,
1267,0.001,0.001,0.001,0.001, ,0.002,0.002,0.002,0.002, ,,
1268,0.002,0.001,0.002,0.001666667, ,0.002,0.002,0.002,0.002, ,,
1269,0.001,0.002,0.001,0.001333333, ,0.001,0.001,0.002,0.001333333, ,,
1270,0.001,0.001,0.001,0.001, ,0.002,0.002,0.002,0.002, ,,
1271,0.002,0.001,0.001,0.001333333, ,0.001,0.002,0.002,0.001666667, ,,
1272,0.001,0.002,0.002,0.001666667, ,0.002,0.002,0.002,0.002, ,,
1273,0.001,0.001,0.001,0.001, ,0.001,0.001,0.002,0.001333333, ,,
1274,0.002,0.001,0.001,0.001333333, ,0.002,0.002,0.002,0.002, ,,
1275,0.001,0.002,0.002,0.001666667, ,0.001,0.001,0.002,0.001333333, ,,
1276,0.001,0.001,0.001,0.001, ,0.001,0.002,0.001,0.001333333, ,,
1277,0.002,0.002,0.001,0.001666667, ,0.002,0.001,0.002,0.001666667, ,,
1278,0.001,0.001,0.001,0.001, ,0.001,0.001,0.002,0.001333333, ,,
1279,0.002,0.002,0.002,0.002, ,0.001,0.002,0.001,0.001333333, ,,
1280,0.001,0.001,0.001,0.001, ,0.002,0.002,0.002,0.002, ,,
1281,0.001,0.001,0.001,0.001, ,0.001,0.001,0.002,0.001333333, ,,
1282,0.001,0.001,0.002,0.001333333, ,0.001,0.002,0.001,0.001333333, ,,
1283,0.002,0.002,0.001,0.001666667, ,0.002,0.001,0.002,0.001666667, ,,
1284,0.001,0.001,0.001,0.001, ,0.001,0.002,0.002,0.001666667, ,,
1285,0.002,0.001,0.001,0.001333333, ,0.002,0.002,0.002,0.002, ,,
1286,0.001,0.002,0.002,0.001666667, ,0.001,0.002,0.002,0.001666667, ,,
1287,0.001,0.001,0.001,0.001, ,0.002,0.001,0.002,0.001666667, ,,
1288,0.001,0.001,0.001,0.001, ,0.001,0.002,0.002,0.001666667, ,,
1289,0.002,0.002,0.002,0.002, ,0.002,0.001,0.002,0.001666667, ,,
1290,0.001,0.001,0.001,0.001, ,0.001,0.002,0.002,0.001666667, ,,
1291,0.001,0.001,0.001,0.001, ,0.002,0.001,0.002,0.001666667, ,,
1292,0.002,0.002,0.001,0.001666667, ,0.001,0.002,0.001,0.001333333, ,,
1293,0.007,0.001,0.002,0.003333333, ,0.002,0.002,0.002,0.002, ,,
1294,0.002,0.001,0.001,0.001333333, ,0.001,0.001,0.002,0.001333333, ,,
1295,0.001,0.001,0.001,0.001, ,0.002,0.002,0.002,0.002, ,,
1296,0.001,0.002,0.002,0.001666667, ,0.001,0.002,0.002,0.001666667, ,,
1297,0.002,0.001,0.001,0.001333333, ,0.002,0.002,0.002,0.002, ,,
1298,0.001,0.002,0.001,0.001333333, ,0.001,0.001,0.002,0.001333333, ,,
1299,0.001,0.001,0.001,0.001, ,0.002,0.002,0.002,0.002, ,,
1300,0.002,0.001,0.002,0.001666667, ,0.001,0.002,0.001,0.001333333, ,,
1301,0.001,0.002,0.001,0.001333333, ,0.002,0.002,0.003,0.002333333, ,,
1302,0.002,0.001,0.001,0.001333333, ,0.001,0.001,0.002,0.001333333, ,,
1303,0.001,0.001,0.002,0.001333333, ,0.002,0.002,0.001,0.001666667, ,,
1304,0.001,0.002,0.001,0.001333333, ,0.001,0.002,0.002,0.001666667, ,,
1305,0.002,0.001,0.001,0.001333333, ,0.002,0.002,0.002,0.002, ,,
1306,0.001,0.001,0.001,0.001, ,0.001,0.001,0.002,0.001333333, ,,
1307,0.001,0.002,0.002,0.001666667, ,0.002,0.002,0.002,0.002, ,,
1308,0.001,0.001,0.001,0.001, ,0.001,0.002,0.002,0.001666667, ,,
1309,0.002,0.001,0.001,0.001333333, ,0.002,0.001,0.002,0.001666667, ,,
1310,0.001,0.002,0.002,0.001666667, ,0.001,0.002,0.002,0.001666667, ,,
1311,0.001,0.001,0.001,0.001, ,0.002,0.002,0.002,0.002, ,,
1312,0.002,0.001,0.002,0.001666667, ,0.001,0.001,0.002,0.001333333, ,,
1313,0.001,0.002,0.001,0.001333333, ,0.002,0.002,0.002,0.002, ,,
1314,0.002,0.001,0.006,0.003, ,0.002,0.002,0.002,0.002, ,,
1315,0.001,0.001,0.001,0.001, ,0.001,0.002,0.002,0.001666667, ,,
1316,0.002,0.002,0.002,0.002, ,0.002,0.002,0.003,0.002333333, ,,
1317,0.001,0.001,0.001,0.001, ,0.002,0.002,0.002,0.002, ,,
1318,0.001,0.001,0.002,0.001333333, ,0.002,0.002,0.002,0.002, ,,
1319,0.001,0.002,0.001,0.001333333, ,0.002,0.002,0.002,0.002, ,,
1320,0.002,0.001,0.001,0.001333333, ,0.001,0.002,0.002,0.001666667, ,,
1321,0.001,0.002,0.001,0.001333333, ,0.002,0.002,0.003,0.002333333, ,,
1322,0.001,0.001,0.002,0.001333333, ,0.002,0.001,0.002,0.001666667, ,,
1323,0.002,0.001,0.001,0.001333333, ,0.002,0.002,0.002,0.002, ,,
1324,0.001,0.002,0.001,0.001333333, ,0.001,0.002,0.002,0.001666667, ,,
1325,0.002,0.001,0.002,0.001666667, ,0.002,0.003,0.002,0.002333333, ,,
1326,0.001,0.001,0.001,0.001, ,0.002,0.002,0.003,0.002333333, ,,
1327,0.001,0.002,0.001,0.001333333, ,0.002,0.002,0.002,0.002, ,,
1328,0.001,0.001,0.002,0.001333333, ,0.001,0.003,0.002,0.002, ,,
1329,0.002,0.001,0.001,0.001333333, ,0.002,0.002,0.003,0.002333333, ,,
1330,0.001,0.002,0.001,0.001333333, ,0.002,0.002,0.002,0.002, ,,
1331,0.001,0.001,0.002,0.001333333, ,0.002,0.003,0.003,0.002666667, ,,
1332,0.002,0.001,0.001,0.001333333, ,0.002,0.001,0.002,0.001666667, ,,
1333,0.001,0.002,0.001,0.001333333, ,0.002,0.003,0.002,0.002333333, ,,
1334,0.001,0.001,0.001,0.001, ,0.002,0.001,0.002,0.001666667, ,,
1335,0.002,0.001,0.002,0.001666667, ,0.001,0.002,0.002,0.001666667, ,,
1336,0.001,0.002,0.001,0.001333333, ,0.002,0.002,0.003,0.002333333, ,,
1337,0.001,0.001,0.001,0.001, ,0.002,0.002,0.002,0.002, ,,
1338,0.002,0.001,0.002,0.001666667, ,0.002,0.002,0.002,0.002, ,,
1339,0.001,0.002,0.001,0.001333333, ,0.001,0.002,0.002,0.001666667, ,,
1340,0.001,0.001,0.001,0.001, ,0.002,0.001,0.001,0.001333333, ,,
1341,0.002,0.001,0.002,0.001666667, ,0.002,0.002,0.002,0.002, ,,
1342,0.001,0.002,0.001,0.001333333, ,0.001,0.002,0.002,0.001666667, ,,
1343,0.001,0.001,0.001,0.001, ,0.002,0.001,0.002,0.001666667, ,,
1344,0.002,0.001,0.001,0.001333333, ,0.001,0.002,0.002,0.001666667, ,,
1345,0.001,0.002,0.002,0.001666667, ,0.002,0.002,0.002,0.002, ,,
1346,0.001,0.001,0.001,0.001, ,0.002,0.002,0.003,0.002333333, ,,
1347,0.001,0.002,0.001,0.001333333, ,0.001,0.001,0.002,0.001333333, ,,
1348,0.002,0.001,0.002,0.001666667, ,0.002,0.003,0.002,0.002333333, ,,
1349,0.002,0.001,0.001,0.001333333, ,0.002,0.002,0.002,0.002, ,,
1350,0.001,0.001,0.001,0.001, ,0.002,0.002,0.002,0.002, ,,
1351,0.002,0.002,0.002,0.002, ,0.002,0.002,0.003,0.002333333, ,,
1352,0.002,0.001,0.001,0.001333333, ,0.001,0.001,0.002,0.001333333, ,,
1353,0.001,0.008,0.001,0.003333333, ,0.002,0.002,0.002,0.002, ,,
1354,0.001,0.001,0.001,0.001, ,0.001,0.002,0.002,0.001666667, ,,
1355,0.002,0.001,0.002,0.001666667, ,0.002,0.002,0.002,0.002, ,,
1356,0.001,0.002,0.001,0.001333333, ,0.002,0.001,0.002,0.001666667, ,,
1357,0.001,0.001,0.001,0.001, ,0.001,0.002,0.002,0.001666667, ,,
1358,0.001,0.001,0.002,0.001333333, ,0.002,0.002,0.002,0.002, ,,
1359,0.002,0.002,0.001,0.001666667, ,0.001,0.002,0.002,0.001666667, ,,
1360,0.001,0.001,0.001,0.001, ,0.002,0.001,0.002,0.001666667, ,,
1361,0.001,0.001,0.001,0.001, ,0.002,0.002,0.002,0.002, ,,
1362,0.002,0.001,0.002,0.001666667, ,0.001,0.002,0.002,0.001666667, ,,
1363,0.001,0.002,0.001,0.001333333, ,0.002,0.002,0.002,0.002, ,,
1364,0.002,0.001,0.001,0.001333333, ,0.002,0.002,0.002,0.002, ,,
1365,0.001,0.002,0.002,0.001666667, ,0.001,0.002,0.002,0.001666667, ,,
1366,0.001,0.001,0.001,0.001, ,0.002,0.001,0.002,0.001666667, ,,
1367,0.001,0.001,0.001,0.001, ,0.001,0.002,0.002,0.001666667, ,,
1368,0.002,0.001,0.001,0.001333333, ,0.002,0.002,0.002,0.002, ,,
1369,0.001,0.002,0.002,0.001666667, ,0.001,0.001,0.002,0.001333333, ,,
1370,0.001,0.001,0.001,0.001, ,0.002,0.002,0.001,0.001666667, ,,
1371,0.002,0.001,0.001,0.001333333, ,0.001,0.001,0.002,0.001333333, ,,
1372,0.001,0.002,0.002,0.001666667, ,0.001,0.002,0.002,0.001666667, ,,
1373,0.001,0.001,0.001,0.001, ,0.002,0.001,0.002,0.001666667, ,,
1374,0.002,0.001,0.001,0.001333333, ,0.001,0.002,0.001,0.001333333, ,,
1375,0.001,0.002,0.002,0.001666667, ,0.002,0.001,0.002,0.001666667, ,,
1376,0.001,0.001,0.001,0.001, ,0.001,0.002,0.001,0.001333333, ,,
1377,0.002,0.001,0.001,0.001333333, ,0.002,0.001,0.002,0.001666667, ,,
1378,0.001,0.001,0.002,0.001333333, ,0.001,0.002,0.002,0.001666667, ,,
1379,0.001,0.002,0.001,0.001333333, ,0.001,0.002,0.001,0.001333333, ,,
1380,0.002,0.001,0.001,0.001333333, ,0.002,0.001,0.002,0.001666667, ,,
1381,0.001,0.002,0.002,0.001666667, ,0.002,0.002,0.002,0.002, ,,
1382,0.001,0.001,0.001,0.001, ,0.001,0.002,0.003,0.002, ,,
1383,0.002,0.001,0.001,0.001333333, ,0.002,0.002,0.002,0.002, ,,
1384,0.001,0.002,0.001,0.001333333, ,0.002,0.002,0.002,0.002, ,,
1385,0.001,0.001,0.002,0.001333333, ,0.001,0.001,0.002,0.001333333, ,,
1386,0.002,0.002,0.001,0.001666667, ,0.002,0.002,0.002,0.002, ,,
1387,0.001,0.001,0.001,0.001, ,0.002,0.002,0.002,0.002, ,,
1388,0.001,0.001,0.002,0.001333333, ,0.001,0.002,0.002,0.001666667, ,,
1389,0.001,0.002,0.002,0.001666667, ,0.002,0.002,0.003,0.002333333, ,,
1390,0.002,0.001,0.002,0.001666667, ,0.002,0.002,0.002,0.002, ,,
1391,0.001,0.001,0.001,0.001, ,0.002,0.002,0.002,0.002, ,,
1392,0.001,0.001,0.001,0.001, ,0.002,0.002,0.003,0.002333333, ,,
1393,0.002,0.002,0.002,0.002, ,0.002,0.002,0.003,0.002333333, ,,
1394,0.007,0.001,0.001,0.003, ,0.002,0.002,0.002,0.002, ,,
1395,0.002,0.001,0.001,0.001333333, ,0.002,0.002,0.002,0.002, ,,
1396,0.001,0.002,0.002,0.001666667, ,0.002,0.002,0.003,0.002333333, ,,
1397,0.001,0.001,0.001,0.001, ,0.002,0.002,0.002,0.002, ,,
1398,0.002,0.002,0.001,0.001666667, ,0.002,0.003,0.003,0.002666667, ,,
1399,0.001,0.001,0.002,0.001333333, ,0.001,0.002,0.087,0.03, ,,
1400,0.001,0.001,0.001,0.001, ,0.002,0.001,0.002,0.001666667, ,,
1401,0.002,0.002,0.001,0.001666667, ,0.002,0.002,0.002,0.002, ,,
1402,0.001,0.001,0.002,0.001333333, ,0.002,0.002,0.001,0.001666667, ,,
1403,0.001,0.002,0.001,0.001333333, ,0.001,0.002,0.002,0.001666667, ,,
1404,0.002,0.001,0.001,0.001333333, ,0.002,0.002,0.002,0.002, ,,
1405,0.001,0.001,0.002,0.001333333, ,0.002,0.002,0.039,0.014333333, ,,
1406,0.001,0.002,0.001,0.001333333, ,0.001,0.001,0.002,0.001333333, ,,
1407,0.002,0.001,0.001,0.001333333, ,0.002,0.002,0.002,0.002, ,,
1408,0.001,0.002,0.002,0.001666667, ,0.002,0.002,0.001,0.001666667, ,,
1409,0.001,0.001,0.001,0.001, ,0.001,0.002,0.002,0.001666667, ,,
1410,0.002,0.001,0.001,0.001333333, ,0.002,0.002,0.002,0.002, ,,
1411,0.001,0.002,0.002,0.001666667, ,0.002,0.002,0.001,0.001666667, ,,
1412,0.001,0.001,0.001,0.001, ,0.002,0.002,0.002,0.002, ,,
1413,0.002,0.001,0.001,0.001333333, ,0.002,0.002,0.002,0.002, ,,
1414,0.001,0.002,0.002,0.001666667, ,0.002,0.002,0.001,0.001666667, ,,
1415,0.001,0.001,0.007,0.003, ,0.002,0.003,0.002,0.002333333, ,,
1416,0.002,0.001,0.001,0.001333333, ,0.002,0.002,0.002,0.002, ,,
1417,0.001,0.001,0.001,0.001, ,0.001,0.002,0.002,0.001666667, ,,
1418,0.001,0.002,0.002,0.001666667, ,0.002,0.002,0.001,0.001666667, ,,
1419,0.002,0.001,0.002,0.001666667, ,0.002,0.002,0.002,0.002, ,,
1420,0.001,0.002,0.001,0.001333333, ,0.002,0.002,0.001,0.001666667, ,,
1421,0.001,0.001,0.001,0.001, ,0.002,0.002,0.002,0.002, ,,
1422,0.001,0.001,0.001,0.001, ,0.001,0.002,0.002,0.001666667, ,,
1423,0.002,0.002,0.002,0.002, ,0.002,0.002,0.001,0.001666667, ,,
1424,0.001,0.001,0.001,0.001, ,0.002,0.002,0.002,0.002, ,,
1425,0.002,0.001,0.002,0.001666667, ,0.002,0.002,0.002,0.002, ,,
1426,0.001,0.001,0.001,0.001, ,0.002,0.002,0.002,0.002, ,,
1427,0.001,0.002,0.001,0.001333333, ,0.002,0.002,0.001,0.001666667, ,,
1428,0.002,0.001,0.002,0.001666667, ,0.002,0.002,0.002,0.002, ,,
1429,0.001,0.001,0.001,0.001, ,0.002,0.002,0.002,0.002, ,,
1430,0.001,0.002,0.001,0.001333333, ,0.001,0.002,0.001,0.001333333, ,,
1431,0.002,0.001,0.002,0.001666667, ,0.002,0.002,0.002,0.002, ,,
1432,0.001,0.002,0.001,0.001333333, ,0.002,0.002,0.001,0.001666667, ,,
1433,0.001,0.001,0.001,0.001, ,0.001,0.002,0.002,0.001666667, ,,
1434,0.001,0.001,0.002,0.001333333, ,0.002,0.002,0.001,0.001666667, ,,
1435,0.002,0.002,0.001,0.001666667, ,0.002,0.002,0.002,0.002, ,,
1436,0.001,0.001,0.001,0.001, ,0.002,0.001,0.001,0.001333333, ,,
1437,0.001,0.001,0.001,0.001, ,0.001,0.002,0.002,0.001666667, ,,
1438,0.002,0.002,0.002,0.002, ,0.002,0.002,0.001,0.001666667, ,,
1439,0.001,0.001,0.001,0.001, ,0.002,0.002,0.001,0.001666667, ,,
1440,0.001,0.001,0.001,0.001, ,0.001,0.002,0.002,0.001666667, ,,
1441,0.002,0.001,0.002,0.001666667, ,0.002,0.002,0.001,0.001666667, ,,
1442,0.001,0.002,0.001,0.001333333, ,0.001,0.002,0.002,0.001666667, ,,
1443,0.001,0.001,0.001,0.001, ,0.002,0.002,0.001,0.001666667, ,,
1444,0.001,0.002,0.001,0.001333333, ,0.002,0.002,0.001,0.001666667, ,,
1445,0.002,0.001,0.002,0.001666667, ,0.002,0.002,0.002,0.002, ,,
1446,0.001,0.001,0.001,0.001, ,0.001,0.002,0.001,0.001333333, ,,
1447,0.001,0.001,0.001,0.001, ,0.002,0.002,0.001,0.001666667, ,,
1448,0.002,0.002,0.002,0.002, ,0.002,0.002,0.002,0.002, ,,
1449,0.001,0.001,0.001,0.001, ,0.001,0.002,0.001,0.001333333, ,,
1450,0.001,0.001,0.001,0.001, ,0.002,0.001,0.001,0.001333333, ,,
1451,0.002,0.002,0.001,0.001666667, ,0.001,0.002,0.002,0.001666667, ,,
1452,0.001,0.001,0.002,0.001333333, ,0.002,0.001,0.001,0.001333333, ,,
1453,0.001,0.001,0.001,0.001, ,0.001,0.002,0.001,0.001333333, ,,
1454,0.002,0.008,0.001,0.003666667, ,0.001,0.001,0.001,0.001, ,,
1455,0.001,0.002,0.002,0.001666667, ,0.002,0.002,0.001,0.001666667, ,,
1456,0.001,0.001,0.001,0.001, ,0.001,0.002,0.002,0.001666667, ,,
1457,0.002,0.001,0.001,0.001333333, ,0.003,0.003,0.002,0.002666667, ,,
1458,0.001,0.002,0.002,0.001666667, ,0.002,0.002,0.001,0.001666667, ,,
1459,0.001,0.001,0.001,0.001, ,0.001,0.002,0.002,0.001666667, ,,
1460,0.002,0.001,0.001,0.001333333, ,0.002,0.001,0.001,0.001333333, ,,
1461,0.001,0.002,0.002,0.001666667, ,0.002,0.003,0.002,0.002333333, ,,
1462,0.001,0.001,0.001,0.001, ,0.002,0.001,0.001,0.001333333, ,,
1463,0.002,0.002,0.002,0.002, ,0.002,0.002,0.002,0.002, ,,
1464,0.001,0.001,0.001,0.001, ,0.002,0.002,0.001,0.001666667, ,,
1465,0.001,0.001,0.001,0.001, ,0.001,0.002,0.002,0.001666667, ,,
1466,0.002,0.002,0.002,0.002, ,0.002,0.001,0.001,0.001333333, ,,
1467,0.001,0.001,0.001,0.001, ,0.002,0.002,0.001,0.001666667, ,,
1468,0.001,0.001,0.001,0.001, ,0.001,0.002,0.002,0.001666667, ,,
1469,0.002,0.002,0.002,0.002, ,0.002,0.001,0.001,0.001333333, ,,
1470,0.001,0.001,0.001,0.001, ,0.001,0.002,0.001,0.001333333, ,,
1471,0.001,0.001,0.001,0.001, ,0.002,0.001,0.001,0.001333333, ,,
1472,0.002,0.002,0.002,0.002, ,0.001,0.002,0.002,0.001666667, ,,
1473,0.001,0.002,0.001,0.001333333, ,0.002,0.002,0.001,0.001666667, ,,
1474,0.001,0.002,0.001,0.001333333, ,0.002,0.002,0.001,0.001666667, ,,
1475,0.002,0.001,0.002,0.001666667, ,0.002,0.002,0.002,0.002, ,,
1476,0.001,0.001,0.001,0.001, ,0.003,0.002,0.001,0.002, ,,
1477,0.002,0.002,0.001,0.001666667, ,0.002,0.002,0.002,0.002, ,,
1478,0.001,0.001,0.002,0.001333333, ,0.002,0.003,0.002,0.002333333, ,,
1479,0.001,0.002,0.001,0.001333333, ,0.002,0.006,0.001,0.003, ,,
1480,0.002,0.001,0.001,0.001333333, ,0.002,0.003,0.002,0.002333333, ,,
1481,0.001,0.001,0.002,0.001333333, ,0.002,0.002,0.001,0.001666667, ,,
1482,0.001,0.002,0.001,0.001333333, ,0.002,0.002,0.002,0.002, ,,
1483,0.002,0.001,0.001,0.001333333, ,0.001,0.002,0.001,0.001333333, ,,
1484,0.001,0.001,0.002,0.001333333, ,0.002,0.002,0.002,0.002, ,,
1485,0.001,0.002,0.001,0.001333333, ,0.002,0.003,0.001,0.002, ,,
1486,0.002,0.001,0.001,0.001333333, ,0.001,0.001,0.002,0.001333333, ,,
1487,0.001,0.001,0.002,0.001333333, ,0.002,0.002,0.001,0.001666667, ,,
1488,0.001,0.002,0.001,0.001333333, ,0.002,0.002,0.001,0.001666667, ,,
1489,0.002,0.001,0.001,0.001333333, ,0.001,0.002,0.002,0.001666667, ,,
1490,0.001,0.001,0.002,0.001333333, ,0.002,0.002,0.001,0.001666667, ,,
1491,0.001,0.002,0.001,0.001333333, ,0.002,0.002,0.002,0.002, ,,
1492,0.002,0.001,0.001,0.001333333, ,0.001,0.002,0.001,0.001333333, ,,
1493,0.001,0.001,0.002,0.001333333, ,0.002,0.002,0.001,0.001666667, ,,
1494,0.001,0.002,0.001,0.001333333, ,0.002,0.001,0.002,0.001666667, ,,
1495,0.008,0.001,0.001,0.003333333, ,0.001,0.002,0.001,0.001333333, ,,
1496,0.001,0.001,0.002,0.001333333, ,0.002,0.001,0.001,0.001333333, ,,
1497,0.001,0.002,0.001,0.001333333, ,0.001,0.001,0.001,0.001, ,,
1498,0.002,0.001,0.001,0.001333333, ,0.001,0.002,0.001,0.001333333, ,,
1499,0.001,0.001,0.001,0.001, ,0.002,0.001,0.001,0.001333333, ,,
1500,0.001,0.002,0.002,0.001666667, ,0.001,0.001,0.001,0.001, ,,
1501,0.001,0.001,0.001,0.001, ,0.002,0.001,0.001,0.001333333, ,,
1502,0.002,0.001,0.001,0.001333333, ,0.001,0.001,0.001,0.001, ,,
1503,0.001,0.001,0.001,0.001, ,0.001,0.002,0,0.001, ,,
1504,0.001,0.002,0.002,0.001666667, ,0.001,0.001,0.001,0.001, ,,
1505,0.002,0.001,0.001,0.001333333, ,0.002,0.001,0.001,0.001333333, ,,
1506,0.001,0.001,0.001,0.001, ,0.001,0.001,0.001,0.001, ,,
1507,0.001,0.002,0.001,0.001333333, ,0.001,0.002,0.001,0.001333333, ,,
1508,0.001,0.001,0.002,0.001333333, ,0.002,0.001,0.001,0.001333333, ,,
1509,0.002,0.001,0.001,0.001333333, ,0.001,0.002,0.002,0.001666667, ,,
1510,0.001,0.002,0.001,0.001333333, ,0.002,0.002,0.001,0.001666667, ,,
1511,0.001,0.001,0.001,0.001, ,0.001,0.001,0.001,0.001, ,,
1512,0.002,0.001,0.002,0.001666667, ,0.002,0.002,0.001,0.001666667, ,,
1513,0.001,0.001,0.001,0.001, ,0.001,0.001,0.002,0.001333333, ,,
1514,0.001,0.002,0.001,0.001333333, ,0.002,0.002,0.001,0.001666667, ,,
1515,0.001,0.001,0.002,0.001333333, ,0.001,0.001,0.002,0.001333333, ,,
1516,0.002,0.001,0.007,0.003333333, ,0.002,0.002,0.001,0.001666667, ,,
1517,0.001,0.002,0.001,0.001333333, ,0.002,0.002,0.001,0.001666667, ,,
1518,0.001,0.001,0.002,0.001333333, ,0.001,0.001,0.002,0.001333333, ,,
1519,0.002,0.001,0.001,0.001333333, ,0.002,0.002,0.001,0.001666667, ,,
1520,0.001,0.002,0.001,0.001333333, ,0.001,0.002,0.001,0.001333333, ,,
1521,0.001,0.001,0.002,0.001333333, ,0.002,0.001,0.002,0.001666667, ,,
1522,0.001,0.001,0.001,0.001, ,0.001,0.002,0.001,0.001333333, ,,
1523,0.002,0.002,0.001,0.001666667, ,0.002,0.002,0.001,0.001666667, ,,
1524,0.001,0.001,0.002,0.001333333, ,0.001,0.002,0.001,0.001333333, ,,
1525,0.001,0.001,0.001,0.001, ,0.002,0.001,0.002,0.001666667, ,,
1526,0.002,0.001,0.001,0.001333333, ,0.002,0.002,0.002,0.002, ,,
1527,0.001,0.002,0.002,0.001666667, ,0.001,0.002,0.001,0.001333333, ,,
1528,0.001,0.001,0.001,0.001, ,0.002,0.002,0.001,0.001666667, ,,
1529,0.001,0.001,0.001,0.001, ,0.001,0.001,0.002,0.001333333, ,,
1530,0.002,0.002,0.002,0.002, ,0.002,0.002,0.001,0.001666667, ,,
1531,0.001,0.001,0.001,0.001, ,0.001,0.002,0.001,0.001333333, ,,
1532,0.001,0.001,0.001,0.001, ,0.002,0.001,0.001,0.001333333, ,,
1533,0.002,0.002,0.001,0.001666667, ,0.001,0.001,0.001,0.001, ,,
1534,0.001,0.001,0.002,0.001333333, ,0.001,0.002,0.001,0.001333333, ,,
1535,0.001,0.001,0.001,0.001, ,0.001,0.001,0.002,0.001333333, ,,
1536,0.001,0.001,0.001,0.001, ,0.002,0.002,0.001,0.001666667, ,,
1537,0.002,0.002,0.002,0.002, ,0.001,0.002,0.002,0.001666667, ,,
1538,0.002,0.001,0.001,0.001333333, ,0.002,0.001,0.001,0.001333333, ,,
1539,0.001,0.001,0.001,0.001, ,0.002,0.002,0.001,0.001666667, ,,
1540,0.002,0.002,0.001,0.001666667, ,0.001,0.002,0.002,0.001666667, ,,
1541,0.001,0.001,0.002,0.001333333, ,0.002,0.001,0.001,0.001333333, ,,
1542,0.001,0.002,0.001,0.001333333, ,0.002,0.003,0.002,0.002333333, ,,
1543,0.001,0.001,0.001,0.001, ,0.001,0.001,0.001,0.001, ,,
1544,0.001,0.001,0.002,0.001333333, ,0.002,0.002,0.001,0.001666667, ,,
1545,0.001,0.002,0.001,0.001333333, ,0.002,0.002,0.002,0.002, ,,
1546,0.002,0.001,0.001,0.001333333, ,0.001,0.002,0.001,0.001333333, ,,
1547,0.001,0.001,0.002,0.001333333, ,0.002,0.002,0.002,0.002, ,,
1548,0.001,0.002,0.001,0.001333333, ,0.002,0.002,0.002,0.002, ,,
1549,0.002,0.001,0.001,0.001333333, ,0.002,0.002,0.001,0.001666667, ,,
1550,0.001,0.001,0.002,0.001333333, ,0.001,0.001,0.001,0.001, ,,
1551,0.002,0.002,0.001,0.001666667, ,0.002,0.002,0.002,0.002, ,,
1552,0.001,0.001,0.001,0.001, ,0.002,0.002,0.001,0.001666667, ,,
1553,0.001,0.001,0.002,0.001333333, ,0.002,0.002,0.002,0.002, ,,
1554,0.002,0.002,0.001,0.001666667, ,0.001,0.002,0.001,0.001333333, ,,
1555,0.001,0.001,0.001,0.001, ,0.002,0.002,0.002,0.002, ,,
1556,0.001,0.006,0.002,0.003, ,0.002,0.003,0.001,0.002, ,,
1557,0.002,0.001,0.001,0.001333333, ,0.002,0.002,0.002,0.002, ,,
1558,0.001,0.002,0.001,0.001333333, ,0.001,0.002,0.002,0.001666667, ,,
1559,0.001,0.001,0.002,0.001333333, ,0.003,0.002,0.001,0.002, ,,
1560,0.002,0.001,0.001,0.001333333, ,0.002,0.003,0.002,0.002333333, ,,
1561,0.001,0.002,0.001,0.001333333, ,0.002,0.002,0.002,0.002, ,,
1562,0.001,0.001,0.001,0.001, ,0.002,0.002,0.002,0.002, ,,
1563,0.002,0.002,0.002,0.002, ,0.002,0.003,0.002,0.002333333, ,,
1564,0.001,0.001,0.001,0.001, ,0.002,0.002,0.001,0.001666667, ,,
1565,0.001,0.001,0.001,0.001, ,0.002,0.002,0.002,0.002, ,,
1566,0.002,0.002,0.002,0.002, ,0.001,0.002,0.002,0.001666667, ,,
1567,0.001,0.001,0.001,0.001, ,0.002,0.002,0.002,0.002, ,,
1568,0.001,0.001,0.001,0.001, ,0.002,0.003,0.002,0.002333333, ,,
1569,0.002,0.002,0.002,0.002, ,0.002,0.002,0.003,0.002333333, ,,
1570,0.001,0.001,0.001,0.001, ,0.002,0.002,0.002,0.002, ,,
1571,0.002,0.001,0.001,0.001333333, ,0.002,0.002,0.002,0.002, ,,
1572,0.002,0.002,0.002,0.002, ,0.002,0.002,0.003,0.002333333, ,,
1573,0.001,0.001,0.001,0.001, ,0.002,0.003,0.002,0.002333333, ,,
1574,0.002,0.001,0.002,0.001666667, ,0.003,0.002,0.002,0.002333333, ,,
1575,0.001,0.002,0.001,0.001333333, ,0.002,0.003,0.002,0.002333333, ,,
1576,0.002,0.001,0.001,0.001333333, ,0.002,0.002,0.003,0.002333333, ,,
1577,0.001,0.002,0.002,0.001666667, ,0.002,0.002,0.002,0.002, ,,
1578,0.001,0.001,0.001,0.001, ,0.003,0.003,0.002,0.002666667, ,,
1579,0.002,0.002,0.002,0.002, ,0.002,0.002,0.003,0.002333333, ,,
1580,0.001,0.001,0.002,0.001333333, ,0.002,0.003,0.002,0.002333333, ,,
1581,0.002,0.001,0.001,0.001333333, ,0.002,0.002,0.003,0.002333333, ,,
1582,0.001,0.002,0.002,0.001666667, ,0.002,0.002,0.002,0.002, ,,
1583,0.002,0.001,0.001,0.001333333, ,0.002,0.003,0.003,0.002666667, ,,
1584,0.001,0.001,0.001,0.001, ,0.003,0.003,0.003,0.003, ,,
1585,0.001,0.002,0.002,0.001666667, ,0.002,0.002,0.002,0.002, ,,
1586,0.002,0.001,0.001,0.001333333, ,0.002,0.003,0.003,0.002666667, ,,
1587,0.001,0.002,0.002,0.001666667, ,0.002,0.002,0.003,0.002333333, ,,
1588,0.001,0.001,0.001,0.001, ,0.002,0.002,0.003,0.002333333, ,,
1589,0.002,0.001,0.001,0.001333333, ,0.002,0.003,0.003,0.002666667, ,,
1590,0.001,0.001,0.002,0.001333333, ,0.003,0.002,0.002,0.002333333, ,,
1591,0.001,0.002,0.001,0.001333333, ,0.002,0.002,0.003,0.002333333, ,,
1592,0.002,0.001,0.001,0.001333333, ,0.002,0.003,0.003,0.002666667, ,,
1593,0.001,0.002,0.001,0.001333333, ,0.002,0.002,0.002,0.002, ,,
1594,0.002,0.001,0.002,0.001666667, ,0.002,0.002,0.002,0.002, ,,
1595,0.001,0.001,0.001,0.001, ,0.002,0.002,0.002,0.002, ,,
1596,0.001,0.002,0.001,0.001333333, ,0.002,0.002,0.003,0.002333333, ,,
1597,0.007,0.001,0.002,0.003333333, ,0.002,0.002,0.002,0.002, ,,
1598,0.001,0.002,0.001,0.001333333, ,0.002,0.002,0.002,0.002, ,,
1599,0.001,0.001,0.001,0.001, ,0.002,0.002,0.003,0.002333333, ,,
1600,0.002,0.002,0.002,0.002, ,0.002,0.002,0.003,0.002333333, ,,
1601,0.001,0.001,0.001,0.001, ,0.003,0.003,0.002,0.002666667, ,,
1602,0.002,0.001,0.001,0.001333333, ,0.002,0.002,0.003,0.002333333, ,,
1603,0.001,0.001,0.002,0.001333333, ,0.002,0.002,0.002,0.002, ,,
1604,0.002,0.002,0.001,0.001666667, ,0.002,0.002,0.002,0.002, ,,
1605,0.001,0.001,0.001,0.001, ,0.003,0.003,0.003,0.003, ,,
1606,0.002,0.002,0.002,0.002, ,0.002,0.002,0.002,0.002, ,,
1607,0.001,0.001,0.001,0.001, ,0.002,0.003,0.002,0.002333333, ,,
1608,0.001,0.001,0.001,0.001, ,0.002,0.002,0.003,0.002333333, ,,
1609,0.002,0.002,0.002,0.002, ,0.002,0.002,0.002,0.002, ,,
1610,0.001,0.001,0.001,0.001, ,0.002,0.002,0.002,0.002, ,,
1611,0.001,0.001,0.001,0.001, ,0.002,0.002,0.002,0.002, ,,
1612,0.002,0.002,0.002,0.002, ,0.003,0.002,0.002,0.002333333, ,,
1613,0.001,0.001,0.001,0.001, ,0.001,0.002,0.002,0.001666667, ,,
1614,0.001,0.001,0.002,0.001333333, ,0.002,0.003,0.003,0.002666667, ,,
1615,0.002,0.002,0.001,0.001666667, ,0.002,0.002,0.002,0.002, ,,
1616,0.001,0.001,0.001,0.001, ,0.003,0.002,0.002,0.002333333, ,,
1617,0.001,0.001,0.008,0.003333333, ,0.002,0.003,0.003,0.002666667, ,,
1618,0.002,0.002,0.001,0.001666667, ,0.003,0.002,0.002,0.002333333, ,,
1619,0.001,0.001,0.001,0.001, ,0.003,0.002,0.002,0.002333333, ,,
1620,0.001,0.002,0.002,0.001666667, ,0.003,0.003,0.002,0.002666667, ,,
1621,0.002,0.001,0.001,0.001333333, ,0.002,0.002,0.003,0.002333333, ,,
1622,0.001,0.001,0.001,0.001, ,0.003,0.002,0.002,0.002333333, ,,
1623,0.002,0.002,0.002,0.002, ,0.002,0.002,0.002,0.002, ,,
1624,0.001,0.001,0.001,0.001, ,0.002,0.003,0.002,0.002333333, ,,
1625,0.001,0.001,0.001,0.001, ,0.002,0.002,0.002,0.002, ,,
1626,0.001,0.002,0.002,0.001666667, ,0.003,0.002,0.003,0.002666667, ,,
1627,0.002,0.001,0.001,0.001333333, ,0.002,0.002,0.003,0.002333333, ,,
1628,0.001,0.001,0.002,0.001333333, ,0.002,0.003,0.003,0.002666667, ,,
1629,0.001,0.002,0.001,0.001333333, ,0.002,0.002,0.002,0.002, ,,
1630,0.002,0.001,0.001,0.001333333, ,0.002,0.002,0.002,0.002, ,,
1631,0.001,0.001,0.002,0.001333333, ,0.002,0.002,0.002,0.002, ,,
1632,0.002,0.002,0.001,0.001666667, ,0.002,0.002,0.003,0.002333333, ,,
1633,0.001,0.001,0.001,0.001, ,0.002,0.002,0.002,0.002, ,,
1634,0.001,0.002,0.002,0.001666667, ,0.002,0.002,0.002,0.002, ,,
1635,0.002,0.001,0.001,0.001333333, ,0.002,0.002,0.002,0.002, ,,
1636,0.001,0.001,0.001,0.001, ,0.002,0.002,0.003,0.002333333, ,,
1637,0.001,0.002,0.002,0.001666667, ,0.002,0.002,0.002,0.002, ,,
1638,0.002,0.001,0.001,0.001333333, ,0.002,0.002,0.002,0.002, ,,
1639,0.001,0.001,0.001,0.001, ,0.002,0.002,0.002,0.002, ,,
1640,0.001,0.002,0.002,0.001666667, ,0.002,0.003,0.002,0.002333333, ,,
1641,0.002,0.001,0.001,0.001333333, ,0.002,0.002,0.002,0.002, ,,
1642,0.001,0.001,0.001,0.001, ,0.002,0.002,0.002,0.002, ,,
1643,0.001,0.002,0.002,0.001666667, ,0.002,0.002,0.002,0.002, ,,
1644,0.002,0.001,0.001,0.001333333, ,0.001,0.002,0.002,0.001666667, ,,
1645,0.001,0.001,0.001,0.001, ,0.002,0.002,0.001,0.001666667, ,,
1646,0.001,0.002,0.002,0.001666667, ,0.002,0.002,0.002,0.002, ,,
1647,0.002,0.001,0.001,0.001333333, ,0.002,0.002,0.002,0.002, ,,
1648,0.001,0.001,0.001,0.001, ,0.002,0.002,0.002,0.002, ,,
1649,0.001,0.002,0.002,0.001666667, ,0.002,0.002,0.002,0.002, ,,
1650,0.002,0.001,0.001,0.001333333, ,0.002,0.002,0.002,0.002, ,,
1651,0.001,0.001,0.001,0.001, ,0.001,0.002,0.002,0.001666667, ,,
1652,0.001,0.002,0.002,0.001666667, ,0.002,0.002,0.001,0.001666667, ,,
1653,0.002,0.001,0.001,0.001333333, ,0.002,0.002,0.002,0.002, ,,
1654,0.001,0.001,0.001,0.001, ,0.002,0.002,0.002,0.002, ,,
1655,0.001,0.002,0.001,0.001333333, ,0.002,0.002,0.002,0.002, ,,
1656,0.002,0.001,0.002,0.001666667, ,0.002,0.002,0.002,0.002, ,,
1657,0.001,0.001,0.001,0.001, ,0.002,0.002,0.002,0.002, ,,
1658,0.001,0.002,0.001,0.001333333, ,0.002,0.002,0.002,0.002, ,,
1659,0.002,0.005,0.002,0.003, ,0.002,0.002,0.001,0.001666667, ,,
1660,0.001,0.001,0.001,0.001, ,0.001,0.001,0.002,0.001333333, ,,
1661,0.001,0.001,0.002,0.001333333, ,0.002,0.002,0.001,0.001666667, ,,
1662,0.002,0.002,0.001,0.001666667, ,0.001,0.001,0.002,0.001333333, ,,
1663,0.001,0.001,0.001,0.001, ,0.002,0.002,0.001,0.001666667, ,,
1664,0.001,0.002,0.001,0.001333333, ,0.001,0.001,0.002,0.001333333, ,,
1665,0.001,0.001,0.002,0.001333333, ,0.002,0.002,0.002,0.002, ,,
1666,0.002,0.001,0.001,0.001333333, ,0.001,0.002,0.002,0.001666667, ,,
1667,0.001,0.001,0.002,0.001333333, ,0.002,0.002,0.002,0.002, ,,
1668,0.001,0.002,0.001,0.001333333, ,0.002,0.002,0.001,0.001666667, ,,
1669,0.002,0.001,0.001,0.001333333, ,0.002,0.002,0.002,0.002, ,,
1670,0.001,0.002,0.001,0.001333333, ,0.002,0.002,0.002,0.002, ,,
1671,0.001,0.001,0.002,0.001333333, ,0.001,0.002,0.002,0.001666667, ,,
1672,0.002,0.001,0.001,0.001333333, ,0.002,0.002,0.002,0.002, ,,
1673,0.001,0.002,0.001,0.001333333, ,0.002,0.001,0.002,0.001666667, ,,
1674,0.001,0.001,0.002,0.001333333, ,0.001,0.002,0.001,0.001333333, ,,
1675,0.002,0.001,0.001,0.001333333, ,0.002,0.002,0.002,0.002, ,,
1676,0.001,0.001,0.001,0.001, ,0.002,0.001,0.002,0.001666667, ,,
1677,0.001,0.002,0.002,0.001666667, ,0.001,0.002,0.001,0.001333333, ,,
1678,0.001,0.001,0.001,0.001, ,0.002,0.002,0.001,0.001666667, ,,
1679,0.002,0.001,0.001,0.001333333, ,0.001,0.001,0.002,0.001333333, ,,
1680,0.001,0.002,0.001,0.001333333, ,0.002,0.002,0.001,0.001666667, ,,
1681,0.001,0.001,0.002,0.001333333, ,0.002,0.002,0.002,0.002, ,,
1682,0.002,0.001,0.001,0.001333333, ,0.001,0.002,0.001,0.001333333, ,,
1683,0.001,0.002,0.001,0.001333333, ,0.002,0.001,0.002,0.001666667, ,,
1684,0.001,0.001,0.001,0.001, ,0.001,0.002,0.001,0.001333333, ,,
1685,0.002,0.001,0.002,0.001666667, ,0.002,0.002,0.002,0.002, ,,
1686,0.001,0.002,0.001,0.001333333, ,0.002,0.002,0.002,0.002, ,,
1687,0.001,0.001,0.001,0.001, ,0.001,0.001,0.001,0.001, ,,
1688,0.002,0.001,0.002,0.001666667, ,0.002,0.002,0.002,0.002, ,,
1689,0.001,0.002,0.001,0.001333333, ,0.001,0.001,0.001,0.001, ,,
1690,0.001,0.001,0.001,0.001, ,0.002,0.002,0.002,0.002, ,,
1691,0.001,0.001,0.002,0.001333333, ,0.001,0.002,0.002,0.001666667, ,,
1692,0.002,0.002,0.001,0.001666667, ,0.002,0.001,0.001,0.001333333, ,,
1693,0.001,0.001,0.001,0.001, ,0.001,0.002,0.002,0.001666667, ,,
1694,0.001,0.002,0.001,0.001333333, ,0.002,0.001,0.001,0.001333333, ,,
1695,0.002,0.001,0.002,0.001666667, ,0.001,0.002,0.001,0.001333333, ,,
1696,0.001,0.001,0.001,0.001, ,0.002,0.002,0.002,0.002, ,,
1697,0.001,0.002,0.001,0.001333333, ,0.002,0.001,0.002,0.001666667, ,,
1698,0.002,0.001,0.002,0.001666667, ,0.001,0.002,0.001,0.001333333, ,,
1699,0.001,0.001,0.001,0.001, ,0.002,0.002,0.002,0.002, ,,
1700,0.004,0.002,0.001,0.002333333, ,0.002,0.001,0.001,0.001333333, ,,
1701,0.002,0.001,0.002,0.001666667, ,0.002,0.002,0.002,0.002, ,,
1702,0.001,0.001,0.001,0.001, ,0.001,0.002,0.002,0.001666667, ,,
1703,0.001,0.002,0.001,0.001333333, ,0.002,0.002,0.001,0.001666667, ,,
1704,0.002,0.001,0.001,0.001333333, ,0.002,0.002,0.002,0.002, ,,
1705,0.001,0.001,0.001,0.001, ,0.002,0.002,0.002,0.002, ,,
1706,0.001,0.001,0.001,0.001, ,0.001,0.002,0.001,0.001333333, ,,
1707,0.002,0.002,0.001,0.001666667, ,0.002,0.001,0.002,0.001666667, ,,
1708,0.001,0.001,0.002,0.001333333, ,0.002,0.002,0.001,0.001666667, ,,
1709,0.001,0.001,0.001,0.001, ,0.001,0.002,0.002,0.001666667, ,,
1710,0.002,0.002,0.001,0.001666667, ,0.002,0.002,0.001,0.001666667, ,,
1711,0.001,0.001,0.001,0.001, ,0.002,0.001,0.001,0.001333333, ,,
1712,0.002,0.001,0.002,0.001666667, ,0.001,0.002,0.002,0.001666667, ,,
1713,0.001,0.001,0.001,0.001, ,0.002,0.002,0.002,0.002, ,,
1714,0.001,0.002,0.002,0.001666667, ,0.002,0.002,0.002,0.002, ,,
1715,0.002,0.001,0.001,0.001333333, ,0.002,0.002,0.002,0.002, ,,
1716,0.001,0.001,0.001,0.001, ,0.002,0.002,0.001,0.001666667, ,,
1717,0.001,0.002,0.001,0.001333333, ,0.002,0.002,0.002,0.002, ,,
1718,0.002,0.001,0.002,0.001666667, ,0.002,0.003,0.002,0.002333333, ,,
1719,0.001,0.002,0.001,0.001333333, ,0.002,0.002,0.002,0.002, ,,
1720,0.001,0.001,0.005,0.002333333, ,0.002,0.002,0.002,0.002, ,,
1721,0.001,0.001,0.001,0.001, ,0.002,0.002,0.002,0.002, ,,
1722,0.002,0.002,0.002,0.002, ,0.002,0.002,0.002,0.002, ,,
1723,0.001,0.001,0.001,0.001, ,0.002,0.002,0.002,0.002, ,,
1724,0.001,0.001,0.001,0.001, ,0.001,0.002,0.002,0.001666667, ,,
1725,0.002,0.002,0.001,0.001666667, ,0.002,0.002,0.002,0.002, ,,
1726,0.001,0.001,0.002,0.001333333, ,0.002,0.002,0.001,0.001666667, ,,
1727,0.002,0.001,0.001,0.001333333, ,0.002,0.002,0.002,0.002, ,,
1728,0.001,0.002,0.001,0.001333333, ,0.002,0.002,0.002,0.002, ,,
1729,0.001,0.001,0.002,0.001333333, ,0.002,0.002,0.002,0.002, ,,
1730,0.002,0.001,0.001,0.001333333, ,0.002,0.003,0.002,0.002333333, ,,
1731,0.001,0.002,0.001,0.001333333, ,0.002,0.002,0.002,0.002, ,,
1732,0.001,0.001,0.002,0.001333333, ,0.018,0.022,0.016,0.018666667, ,,
1733,0.001,0.001,0.001,0.001, ,0.003,0.003,0.002,0.002666667, ,,
1734,0.002,0.002,0.001,0.001666667, ,0.002,0.003,0.002,0.002333333, ,,
1735,0.001,0.001,0.002,0.001333333, ,0.002,0.002,0.002,0.002, ,,
1736,0.001,0.001,0.001,0.001, ,0.002,0.002,0.002,0.002, ,,
1737,0.002,0.001,0.001,0.001333333, ,0.002,0.003,0.002,0.002333333, ,,
1738,0.001,0.002,0.002,0.001666667, ,0.002,0.002,0.002,0.002, ,,
1739,0.001,0.001,0.001,0.001, ,0.002,0.002,0.002,0.002, ,,
1740,0.002,0.001,0.001,0.001333333, ,0.002,0.002,0.002,0.002, ,,
1741,0.001,0.002,0.002,0.001666667, ,0.002,0.051,0.002,0.018333333, ,,
1742,0.001,0.001,0.001,0.001, ,0.002,0.001,0.002,0.001666667, ,,
1743,0.002,0.002,0.001,0.001666667, ,0.001,0.002,0.001,0.001333333, ,,
1744,0.001,0.001,0.002,0.001333333, ,0.002,0.001,0.002,0.001666667, ,,
1745,0.001,0.001,0.001,0.001, ,0.002,0.002,0.002,0.002, ,,
1746,0.002,0.001,0.002,0.001666667, ,0.002,0.001,0.002,0.001666667, ,,
1747,0.001,0.002,0.001,0.001333333, ,0.002,0.001,0.001,0.001333333, ,,
1748,0.001,0.001,0.001,0.001, ,0.002,0.002,0.002,0.002, ,,
1749,0.002,0.001,0.002,0.001666667, ,0.002,0.001,0.002,0.001666667, ,,
1750,0.001,0.002,0.001,0.001333333, ,0.001,0.002,0.002,0.001666667, ,,
1751,0.001,0.001,0.001,0.001, ,0.002,0.001,0.001,0.001333333, ,,
1752,0.002,0.001,0.001,0.001333333, ,0.002,0.002,0.002,0.002, ,,
1753,0.001,0.002,0.002,0.001666667, ,0.002,0.001,0.002,0.001666667, ,,
1754,0.001,0.002,0.001,0.001333333, ,0.001,0.002,0.002,0.001666667, ,,
1755,0.001,0.002,0.001,0.001333333, ,0.002,0.001,0.002,0.001666667, ,,
1756,0.002,0.002,0.002,0.002, ,0.002,0.002,0.002,0.002, ,,
1757,0.001,0.001,0.001,0.001, ,0.001,0.001,0.001,0.001, ,,
1758,0.001,0.001,0.001,0.001, ,0.002,0.002,0.002,0.002, ,,
1759,0.002,0.002,0.002,0.002, ,0.002,0.001,0.002,0.001666667, ,,
1760,0.001,0.002,0.001,0.001333333, ,0.002,0.002,0.002,0.002, ,,
1761,0.001,0.001,0.001,0.001, ,0.002,0.001,0.002,0.001666667, ,,
1762,0.002,0.005,0.002,0.003, ,0.002,0.002,0.001,0.001666667, ,,
1763,0.001,0.001,0.001,0.001, ,0.001,0.001,0.002,0.001333333, ,,
1764,0.001,0.001,0.001,0.001, ,0.002,0.002,0.003,0.002333333, ,,
1765,0.002,0.002,0.002,0.002, ,0.002,0.002,0.003,0.002333333, ,,
1766,0.001,0.001,0.001,0.001, ,0.002,0.001,0.002,0.001666667, ,,
1767,0.001,0.001,0.001,0.001, ,0.002,0.002,0.002,0.002, ,,
1768,0.002,0.002,0.001,0.001666667, ,0.002,0.001,0.002,0.001666667, ,,
1769,0.001,0.001,0.002,0.001333333, ,0.002,0.002,0.002,0.002, ,,
1770,0.001,0.001,0.002,0.001333333, ,0.002,0.001,0.002,0.001666667, ,,
1771,0.002,0.001,0.001,0.001333333, ,0.002,0.002,0.002,0.002, ,,
1772,0.001,0.002,0.001,0.001333333, ,0.001,0.001,0.002,0.001333333, ,,
1773,0.002,0.001,0.002,0.001666667, ,0.002,0.002,0.002,0.002, ,,
1774,0.001,0.001,0.001,0.001, ,0.002,0.001,0.001,0.001333333, ,,
1775,0.001,0.002,0.001,0.001333333, ,0.001,0.002,0.002,0.001666667, ,,
1776,0.001,0.001,0.002,0.001333333, ,0.002,0.001,0.002,0.001666667, ,,
1777,0.002,0.001,0.001,0.001333333, ,0.002,0.002,0.002,0.002, ,,
1778,0.001,0.002,0.001,0.001333333, ,0.002,0.001,0.001,0.001333333, ,,
1779,0.001,0.001,0.002,0.001333333, ,0.001,0.002,0.002,0.001666667, ,,
1780,0.002,0.001,0.001,0.001333333, ,0.002,0.001,0.002,0.001666667, ,,
1781,0.001,0.002,0.001,0.001333333, ,0.002,0.002,0.002,0.002, ,,
1782,0.001,0.001,0.002,0.001333333, ,0.002,0.001,0.001,0.001333333, ,,
1783,0.001,0.001,0.001,0.001, ,0.001,0.001,0.002,0.001333333, ,,
1784,0.002,0.001,0.001,0.001333333, ,0.002,0.002,0.001,0.001666667, ,,
1785,0.001,0.002,0.002,0.001666667, ,0.002,0.001,0.002,0.001666667, ,,
1786,0.001,0.001,0.001,0.001, ,0.001,0.001,0.001,0.001, ,,
1787,0.002,0.001,0.001,0.001333333, ,0.002,0.002,0.002,0.002, ,,
1788,0.001,0.002,0.001,0.001333333, ,0.001,0.001,0.002,0.001333333, ,,
1789,0.001,0.001,0.002,0.001333333, ,0.002,0.001,0.001,0.001333333, ,,
1790,0.001,0.001,0.001,0.001, ,0.001,0.001,0.001,0.001, ,,
1791,0.002,0.002,0.001,0.001666667, ,0.001,0.001,0.002,0.001333333, ,,
1792,0.001,0.001,0.002,0.001333333, ,0.001,0.002,0.001,0.001333333, ,,
1793,0.001,0.001,0.001,0.001, ,0.002,0.001,0.001,0.001333333, ,,
1794,0.001,0.001,0.001,0.001, ,0.002,0.001,0.002,0.001666667, ,,
1795,0.002,0.002,0.001,0.001666667, ,0.001,0.002,0.002,0.001666667, ,,
1796,0.001,0.001,0.002,0.001333333, ,0.002,0.001,0.001,0.001333333, ,,
1797,0.002,0.001,0.001,0.001333333, ,0.002,0.001,0.002,0.001666667, ,,
1798,0.001,0.002,0.001,0.001333333, ,0.002,0.002,0.002,0.002, ,,
1799,0.001,0.001,0.002,0.001333333, ,0.001,0.002,0.002,0.001666667, ,,
1800,0.002,0.001,0.001,0.001333333, ,0.002,0.001,0.001,0.001333333, ,,
1801,0.001,0.001,0.001,0.001, ,0.002,0.002,0.002,0.002, ,,
1802,0.001,0.002,0.001,0.001333333, ,0.002,0.001,0.002,0.001666667, ,,
1803,0.002,0.001,0.002,0.001666667, ,0.002,0.002,0.002,0.002, ,,
1804,0.003,0.001,0.001,0.001666667, ,0.001,0.001,0.001,0.001, ,,
1805,0.001,0.002,0.001,0.001333333, ,0.002,0.002,0.002,0.002, ,,
1806,0.002,0.001,0.002,0.001666667, ,0.002,0.001,0.002,0.001666667, ,,
1807,0.001,0.001,0.001,0.001, ,0.002,0.002,0.002,0.002, ,,
1808,0.001,0.002,0.001,0.001333333, ,0.002,0.002,0.002,0.002, ,,
1809,0.002,0.001,0.002,0.001666667, ,0.002,0.002,0.001,0.001666667, ,,
1810,0.001,0.001,0.001,0.001, ,0.002,0.001,0.002,0.001666667, ,,
1811,0.001,0.002,0.001,0.001333333, ,0.002,0.002,0.002,0.002, ,,
1812,0.002,0.001,0.002,0.001666667, ,0.002,0.002,0.002,0.002, ,,
1813,0.001,0.001,0.001,0.001, ,0.002,0.001,0.002,0.001666667, ,,
1814,0.001,0.002,0.001,0.001333333, ,0.002,0.002,0.002,0.002, ,,
1815,0.001,0.001,0.002,0.001333333, ,0.002,0.002,0.002,0.002, ,,
1816,0.002,0.001,0.001,0.001333333, ,0.002,0.002,0.002,0.002, ,,
1817,0.001,0.002,0.002,0.001666667, ,0.002,0.001,0.002,0.001666667, ,,
1818,0.001,0.001,0.001,0.001, ,0.002,0.002,0.002,0.002, ,,
1819,0.002,0.001,0.002,0.001666667, ,0.002,0.002,0.002,0.002, ,,
1820,0.001,0.001,0.001,0.001, ,0.002,0.001,0.002,0.001666667, ,,
1821,0.001,0.002,0.001,0.001333333, ,0.001,0.001,0.001,0.001, ,,
1822,0.002,0.002,0.002,0.002, ,0.002,0.001,0.002,0.001666667, ,,
1823,0.001,0.001,0.004,0.002, ,0.002,0.002,0.002,0.002, ,,
1824,0.001,0.002,0.001,0.001333333, ,0.001,0.001,0.002,0.001333333, ,,
1825,0.002,0.001,0.002,0.001666667, ,0.002,0.002,0.001,0.001666667, ,,
1826,0.001,0.002,0.001,0.001333333, ,0.002,0.001,0.004,0.002333333, ,,
1827,0.001,0.001,0.001,0.001, ,0.002,0.002,0.002,0.002, ,,
1828,0.002,0.001,0.002,0.001666667, ,0.002,0.001,0.002,0.001666667, ,,
1829,0.001,0.001,0.001,0.001, ,0.002,0.002,0.002,0.002, ,,
1830,0.001,0.002,0.001,0.001333333, ,0.002,0.002,0.002,0.002, ,,
1831,0.002,0.001,0.002,0.001666667, ,0.003,0.002,0.002,0.002333333, ,,
1832,0.001,0.002,0.001,0.001333333, ,0.002,0.001,0.003,0.002, ,,
1833,0.001,0.001,0.001,0.001, ,0.002,0.002,0.002,0.002, ,,
1834,0.002,0.001,0.002,0.001666667, ,0.002,0.002,0.002,0.002, ,,
1835,0.001,0.002,0.001,0.001333333, ,0.002,0.001,0.002,0.001666667, ,,
1836,0.001,0.001,0.002,0.001333333, ,0.002,0.002,0.002,0.002, ,,
1837,0.002,0.002,0.001,0.001666667, ,0.002,0.001,0.002,0.001666667, ,,
1838,0.001,0.001,0.001,0.001, ,0.002,0.002,0.002,0.002, ,,
1839,0.002,0.001,0.002,0.001666667, ,0.002,0.002,0.002,0.002, ,,
1840,0.001,0.002,0.001,0.001333333, ,0.002,0.001,0.002,0.001666667, ,,
1841,0.001,0.001,0.001,0.001, ,0.002,0.002,0.003,0.002333333, ,,
1842,0.002,0.001,0.002,0.001666667, ,0.002,0.002,0.002,0.002, ,,
1843,0.001,0.002,0.001,0.001333333, ,0.002,0.001,0.002,0.001666667, ,,
1844,0.001,0.001,0.001,0.001, ,0.002,0.002,0.002,0.002, ,,
1845,0.002,0.002,0.002,0.002, ,0.002,0.002,0.003,0.002333333, ,,
1846,0.001,0.001,0.001,0.001, ,0.003,0.002,0.002,0.002333333, ,,
1847,0.002,0.002,0.002,0.002, ,0.002,0.002,0.002,0.002, ,,
1848,0.001,0.001,0.001,0.001, ,0.002,0.002,0.002,0.002, ,,
1849,0.001,0.001,0.002,0.001333333, ,0.002,0.001,0.002,0.001666667, ,,
1850,0.002,0.002,0.001,0.001666667, ,0.002,0.002,0.002,0.002, ,,
1851,0.001,0.001,0.002,0.001333333, ,0.002,0.002,0.002,0.002, ,,
1852,0.002,0.001,0.001,0.001333333, ,0.003,0.002,0.003,0.002666667, ,,
1853,0.001,0.002,0.002,0.001666667, ,0.002,0.001,0.002,0.001666667, ,,
1854,0.002,0.002,0.001,0.001666667, ,0.002,0.002,0.002,0.002, ,,
1855,0.001,0.001,0.002,0.001333333, ,0.002,0.002,0.002,0.002, ,,
1856,0.001,0.001,0.002,0.001333333, ,0.002,0.002,0.002,0.002, ,,
1857,0.002,0.002,0.001,0.001666667, ,0.002,0.002,0.002,0.002, ,,
1858,0.001,0.001,0.002,0.001333333, ,0.002,0.002,0.002,0.002, ,,
1859,0.002,0.002,0.001,0.001666667, ,0.002,0.002,0.003,0.002333333, ,,
1860,0.001,0.001,0.002,0.001333333, ,0.003,0.002,0.002,0.002333333, ,,
1861,0.002,0.002,0.001,0.001666667, ,0.003,0.003,0.003,0.003, ,,
1862,0.001,0.001,0.002,0.001333333, ,0.002,0.002,0.003,0.002333333, ,,
1863,0.002,0.001,0.002,0.001666667, ,0.003,0.002,0.003,0.002666667, ,,
1864,0.001,0.002,0.001,0.001333333, ,0.003,0.002,0.003,0.002666667, ,,
1865,0.002,0.004,0.002,0.002666667, ,0.002,0.002,0.003,0.002333333, ,,
1866,0.001,0.002,0.001,0.001333333, ,0.002,0.002,0.002,0.002, ,,
1867,0.001,0.001,0.002,0.001333333, ,0.003,0.002,0.003,0.002666667, ,,
1868,0.002,0.001,0.002,0.001666667, ,0.002,0.002,0.003,0.002333333, ,,
1869,0.001,0.001,0.001,0.001, ,0.003,0.002,0.003,0.002666667, ,,
1870,0.002,0.001,0.002,0.001666667, ,0.002,0.002,0.003,0.002333333, ,,
1871,0.001,0.002,0.001,0.001333333, ,0.003,0.002,0.003,0.002666667, ,,
1872,0.001,0.001,0.002,0.001333333, ,0.003,0.002,0.003,0.002666667, ,,
1873,0.002,0.002,0.001,0.001666667, ,0.002,0.002,0.003,0.002333333, ,,
1874,0.001,0.001,0.002,0.001333333, ,0.003,0.002,0.003,0.002666667, ,,
1875,0.002,0.002,0.002,0.002, ,0.002,0.002,0.002,0.002, ,,
1876,0.001,0.001,0.001,0.001, ,0.003,0.002,0.003,0.002666667, ,,
1877,0.002,0.001,0.002,0.001666667, ,0.002,0.002,0.002,0.002, ,,
1878,0.001,0.002,0.002,0.001666667, ,0.003,0.002,0.003,0.002666667, ,,
1879,0.001,0.001,0.001,0.001, ,0.002,0.002,0.003,0.002333333, ,,
1880,0.002,0.002,0.002,0.002, ,0.003,0.002,0.002,0.002333333, ,,
1881,0.001,0.001,0.001,0.001, ,0.002,0.002,0.003,0.002333333, ,,
1882,0.002,0.001,0.002,0.001666667, ,0.003,0.002,0.003,0.002666667, ,,
1883,0.001,0.002,0.002,0.001666667, ,0.003,0.002,0.003,0.002666667, ,,
1884,0.001,0.001,0.001,0.001, ,0.003,0.002,0.003,0.002666667, ,,
1885,0.002,0.002,0.002,0.002, ,0.002,0.002,0.003,0.002333333, ,,
1886,0.001,0.001,0.001,0.001, ,0.003,0.002,0.003,0.002666667, ,,
1887,0.002,0.002,0.002,0.002, ,0.003,0.002,0.003,0.002666667, ,,
1888,0.001,0.001,0.002,0.001333333, ,0.003,0.003,0.003,0.003, ,,
1889,0.002,0.001,0.001,0.001333333, ,0.003,0.002,0.003,0.002666667, ,,
1890,0.001,0.002,0.002,0.001666667, ,0.004,0.002,0.003,0.003, ,,
1891,0.002,0.001,0.001,0.001333333, ,0.003,0.002,0.003,0.002666667, ,,
1892,0.001,0.002,0.002,0.001666667, ,0.004,0.003,0.004,0.003666667, ,,
1893,0.001,0.001,0.002,0.001333333, ,0.004,0.003,0.004,0.003666667, ,,
1894,0.002,0.002,0.001,0.001666667, ,0.004,0.002,0.003,0.003, ,,
1895,0.001,0.002,0.002,0.001666667, ,0.004,0.003,0.004,0.003666667, ,,
1896,0.002,0.001,0.002,0.001666667, ,0.003,0.002,0.003,0.002666667, ,,
1897,0.001,0.002,0.001,0.001333333, ,0.004,0.003,0.004,0.003666667, ,,
1898,0.002,0.001,0.002,0.001666667, ,0.004,0.002,0.003,0.003, ,,
1899,0.002,0.002,0.002,0.002, ,0.003,0.003,0.003,0.003, ,,
1900,0.001,0.001,0.001,0.001, ,0.003,0.002,0.003,0.002666667, ,,
1901,0.002,0.002,0.002,0.002, ,0.003,0.002,0.004,0.003, ,,
1902,0.002,0.001,0.001,0.001333333, ,0.004,0.003,0.003,0.003333333, ,,
1903,0.001,0.001,0.002,0.001333333, ,0.003,0.002,0.003,0.002666667, ,,
1904,0.001,0.002,0.001,0.001333333, ,0.004,0.003,0.004,0.003666667, ,,
1905,0.002,0.002,0.002,0.002, ,0.004,0.003,0.005,0.004, ,,
1906,0.002,0.001,0.002,0.001666667, ,0.003,0.002,0.003,0.002666667, ,,
1907,0.004,0.002,0.001,0.002333333, ,0.004,0.003,0.004,0.003666667, ,,
1908,0.002,0.001,0.002,0.001666667, ,0.003,0.002,0.004,0.003, ,,
1909,0.001,0.002,0.002,0.001666667, ,0.004,0.003,0.004,0.003666667, ,,
1910,0.002,0.001,0.001,0.001333333, ,0.004,0.003,0.004,0.003666667, ,,
1911,0.002,0.001,0.002,0.001666667, ,0.004,0.003,0.004,0.003666667, ,,
1912,0.001,0.002,0.002,0.001666667, ,0.003,0.002,0.004,0.003, ,,
1913,0.002,0.001,0.002,0.001666667, ,0.004,0.003,0.004,0.003666667, ,,
1914,0.003,0.002,0.001,0.002, ,0.005,0.002,0.003,0.003333333, ,,
1915,0.002,0.002,0.002,0.002, ,0.005,0.003,0.004,0.004, ,,
1916,0.001,0.001,0.002,0.001333333, ,0.004,0.003,0.004,0.003666667, ,,
1917,0.002,0.002,0.001,0.001666667, ,0.004,0.002,0.003,0.003, ,,
1918,0.002,0.001,0.002,0.001666667, ,0.003,0.002,0.003,0.002666667, ,,
1919,0.002,0.002,0.001,0.001666667, ,0.003,0.003,0.005,0.003666667, ,,
1920,0.001,0.001,0.002,0.001333333, ,0.004,0.003,0.004,0.003666667, ,,
1921,0.002,0.002,0.002,0.002, ,0.004,0.002,0.004,0.003333333, ,,
1922,0.001,0.001,0.001,0.001, ,0.003,0.003,0.004,0.003333333, ,,
1923,0.002,0.002,0.002,0.002, ,0.004,0.002,0.003,0.003, ,,
1924,0.001,0.001,0.002,0.001333333, ,0.003,0.002,0.003,0.002666667, ,,
1925,0.002,0.001,0.001,0.001333333, ,0.004,0.003,0.005,0.004, ,,
1926,0.001,0.002,0.004,0.002333333, ,0.004,0.003,0.003,0.003333333, ,,
1927,0.002,0.001,0.002,0.001666667, ,0.004,0.002,0.004,0.003333333, ,,
1928,0.001,0.002,0.001,0.001333333, ,0.004,0.002,0.003,0.003, ,,
1929,0.002,0.001,0.002,0.001666667, ,0.003,0.004,0.003,0.003333333, ,,
1930,0.002,0.002,0.002,0.002, ,0.004,0.002,0.003,0.003, ,,
1931,0.001,0.001,0.001,0.001, ,0.003,0.002,0.003,0.002666667, ,,
1932,0.002,0.002,0.001,0.001666667, ,0.004,0.003,0.003,0.003333333, ,,
1933,0.001,0.001,0.002,0.001333333, ,0.007,0.002,0.003,0.004, ,,
1934,0.002,0.002,0.001,0.001666667, ,0.004,0.002,0.003,0.003, ,,
1935,0.002,0.001,0.002,0.001666667, ,0.005,0.003,0.003,0.003666667, ,,
1936,0.001,0.001,0.001,0.001, ,0.004,0.003,0.003,0.003333333, ,,
1937,0.002,0.002,0.002,0.002, ,0.004,0.002,0.004,0.003333333, ,,
1938,0.001,0.001,0.001,0.001, ,0.004,0.003,0.003,0.003333333, ,,
1939,0.002,0.002,0.001,0.001666667, ,0.003,0.002,0.003,0.002666667, ,,
1940,0.001,0.001,0.002,0.001333333, ,0.004,0.003,0.004,0.003666667, ,,
1941,0.002,0.002,0.001,0.001666667, ,0.004,0.002,0.004,0.003333333, ,,
1942,0.001,0.001,0.002,0.001333333, ,0.005,0.003,0.004,0.004, ,,
1943,0.002,0.002,0.001,0.001666667, ,0.004,0.002,0.003,0.003, ,,
1944,0.001,0.001,0.002,0.001333333, ,0.004,0.003,0.004,0.003666667, ,,
1945,0.002,0.001,0.001,0.001333333, ,0.039,0.02,0.028,0.029, ,,
1946,0.001,0.002,0.001,0.001333333, ,0.004,0.003,0.004,0.003666667, ,,
1947,0.002,0.001,0.002,0.001666667, ,0.004,0.002,0.003,0.003, ,,
1948,0.001,0.002,0.001,0.001333333, ,0.003,0.003,0.004,0.003333333, ,,
1949,0.002,0.002,0.002,0.002, ,0.004,0.002,0.003,0.003, ,,
1950,0.002,0.001,0.001,0.001333333, ,0.003,0.003,0.003,0.003, ,,
1951,0.001,0.001,0.002,0.001333333, ,0.004,0.002,0.003,0.003, ,,
1952,0.002,0.002,0.001,0.001666667, ,0.004,0.007,0.004,0.005, ,,
1953,0.002,0.001,0.001,0.001333333, ,0.004,0.004,0.003,0.003666667, ,,
1954,0.001,0.002,0.002,0.001666667, ,0.004,0.003,0.004,0.003666667, ,,
1955,0.002,0.001,0.002,0.001666667, ,0.003,0.002,0.003,0.002666667, ,,
1956,0.001,0.001,0.002,0.001333333, ,0.004,0.003,0.003,0.003333333, ,,
1957,0.002,0.002,0.001,0.001666667, ,0.004,0.003,0.004,0.003666667, ,,
1958,0.001,0.001,0.001,0.001, ,0.004,0.003,0.004,0.003666667, ,,
1959,0.002,0.002,0.002,0.002, ,0.005,0.003,0.004,0.004, ,,
1960,0.001,0.001,0.001,0.001, ,0.003,0.003,0.004,0.003333333, ,,
1961,0.002,0.002,0.002,0.002, ,0.004,0.003,0.004,0.003666667, ,,
1962,0.002,0.001,0.001,0.001333333, ,0.004,0.003,0.004,0.003666667, ,,
1963,0.002,0.002,0.002,0.002, ,0.003,0.002,0.003,0.002666667, ,,
1964,0.001,0.001,0.001,0.001, ,0.003,0.003,0.003,0.003, ,,
1965,0.002,0.001,0.001,0.001333333, ,0.003,0.002,0.003,0.002666667, ,,
1966,0.001,0.002,0.002,0.001666667, ,0.003,0.003,0.003,0.003, ,,
1967,0.002,0.001,0.001,0.001333333, ,0.003,0.002,0.003,0.002666667, ,,
1968,0.001,0.004,0.002,0.002333333, ,0.004,0.003,0.004,0.003666667, ,,
1969,0.002,0.002,0.001,0.001666667, ,0.003,0.002,0.005,0.003333333, ,,
1970,0.001,0.001,0.002,0.001333333, ,0.004,0.003,0.003,0.003333333, ,,
1971,0.002,0.002,0.001,0.001666667, ,0.004,0.002,0.004,0.003333333, ,,
1972,0.001,0.001,0.001,0.001, ,0.005,0.003,0.003,0.003666667, ,,
1973,0.002,0.002,0.002,0.002, ,0.005,0.002,0.004,0.003666667, ,,
1974,0.001,0.001,0.001,0.001, ,0.005,0.003,0.004,0.004, ,,
1975,0.002,0.001,0.001,0.001333333, ,0.003,0.002,0.005,0.003333333, ,,
1976,0.001,0.002,0.002,0.001666667, ,0.003,0.002,0.004,0.003, ,,
1977,0.002,0.001,0.002,0.001666667, ,0.003,0.003,0.003,0.003, ,,
1978,0.001,0.002,0.001,0.001333333, ,0.004,0.002,0.004,0.003333333, ,,
1979,0.002,0.002,0.001,0.001666667, ,0.004,0.003,0.004,0.003666667, ,,
1980,0.001,0.001,0.002,0.001333333, ,0.003,0.003,0.004,0.003333333, ,,
1981,0.002,0.002,0.001,0.001666667, ,0.003,0.002,0.003,0.002666667, ,,
1982,0.001,0.002,0.002,0.001666667, ,0.003,0.003,0.003,0.003, ,,
1983,0.002,0.001,0.001,0.001333333, ,0.004,0.002,0.004,0.003333333, ,,
1984,0.001,0.001,0.002,0.001333333, ,0.004,0.003,0.003,0.003333333, ,,
1985,0.002,0.002,0.001,0.001666667, ,0.003,0.003,0.004,0.003333333, ,,
1986,0.001,0.001,0.001,0.001, ,0.004,0.002,0.003,0.003, ,,
1987,0.002,0.002,0.002,0.002, ,0.003,0.003,0.004,0.003333333, ,,
1988,0.002,0.001,0.001,0.001333333, ,0.004,0.003,0.003,0.003333333, ,,
1989,0.001,0.002,0.002,0.001666667, ,0.004,0.002,0.004,0.003333333, ,,
1990,0.002,0.001,0.001,0.001333333, ,0.004,0.003,0.004,0.003666667, ,,
1991,0.001,0.002,0.002,0.001666667, ,0.004,0.003,0.004,0.003666667, ,,
1992,0.002,0.001,0.001,0.001333333, ,0.003,0.003,0.003,0.003, ,,
1993,0.001,0.001,0.001,0.001, ,0.004,0.002,0.005,0.003666667, ,,
1994,0.002,0.002,0.002,0.002, ,0.003,0.003,0.005,0.003666667, ,,
1995,0.001,0.001,0.001,0.001, ,0.004,0.002,0.003,0.003, ,,
1996,0.002,0.002,0.002,0.002, ,0.003,0.003,0.004,0.003333333, ,,
1997,0.001,0.001,0.001,0.001, ,0.003,0.002,0.003,0.002666667, ,,
1998,0.002,0.002,0.002,0.002, ,0.003,0.003,0.004,0.003333333, ,,
1999,0.001,0.001,0.001,0.001, ,0.002,0.002,0.002,0.002, ,,
2000,0.002,0.001,0.001,0.001333333, ,0.004,0.002,0.003,0.003, ,,
2001,0.001,0.002,0.002,0.001666667, ,0.003,0.003,0.004,0.003333333, ,,
2002,0.002,0.002,0.001,0.001666667, ,0.004,0.002,0.003,0.003, ,,
2003,0.002,0.002,0.002,0.002, ,0.003,0.002,0.003,0.002666667, ,,
2004,0.001,0.002,0.001,0.001333333, ,0.003,0.003,0.003,0.003, ,,
2005,0.001,0.002,0.002,0.001666667, ,0.005,0.002,0.003,0.003333333, ,,
2006,0.002,0.001,0.001,0.001333333, ,0.003,0.002,0.003,0.002666667, ,,
2007,0.001,0.002,0.001,0.001333333, ,0.004,0.002,0.003,0.003, ,,
2008,0.002,0.001,0.002,0.001666667, ,0.003,0.003,0.003,0.003, ,,
2009,0.001,0.002,0.001,0.001333333, ,0.003,0.002,0.003,0.002666667, ,,
2010,0.003,0.001,0.002,0.002, ,0.004,0.002,0.003,0.003, ,,
2011,0.002,0.002,0.001,0.001666667, ,0.003,0.003,0.003,0.003, ,,
2012,0.002,0.001,0.001,0.001333333, ,0.004,0.003,0.003,0.003333333, ,,
2013,0.001,0.002,0.002,0.001666667, ,0.003,0.002,0.003,0.002666667, ,,
2014,0.002,0.001,0.001,0.001333333, ,0.004,0.003,0.004,0.003666667, ,,
2015,0.001,0.001,0.002,0.001333333, ,0.003,0.002,0.003,0.002666667, ,,
2016,0.002,0.002,0.001,0.001666667, ,0.004,0.003,0.004,0.003666667, ,,
2017,0.001,0.001,0.002,0.001333333, ,0.003,0.003,0.005,0.003666667, ,,
2018,0.002,0.002,0.001,0.001666667, ,0.004,0.002,0.004,0.003333333, ,,
2019,0.001,0.001,0.002,0.001333333, ,0.003,0.003,0.003,0.003, ,,
2020,0.002,0.002,0.001,0.001666667, ,0.004,0.003,0.004,0.003666667, ,,
2021,0.001,0.001,0.002,0.001333333, ,0.004,0.002,0.004,0.003333333, ,,
2022,0.002,0.002,0.001,0.001666667, ,0.004,0.004,0.004,0.004, ,,
2023,0.001,0.001,0.001,0.001, ,0.005,0.002,0.004,0.003666667, ,,
2024,0.002,0.002,0.002,0.002, ,0.004,0.003,0.003,0.003333333, ,,
2025,0.001,0.001,0.001,0.001, ,0.003,0.003,0.004,0.003333333, ,,
2026,0.002,0.002,0.002,0.002, ,0.004,0.002,0.004,0.003333333, ,,
2027,0.001,0.001,0.001,0.001, ,0.004,0.003,0.003,0.003333333, ,,
2028,0.001,0.002,0.002,0.001666667, ,0.004,0.003,0.004,0.003666667, ,,
2029,0.002,0.001,0.004,0.002333333, ,0.003,0.003,0.004,0.003333333, ,,
2030,0.001,0.002,0.001,0.001333333, ,0.004,0.002,0.003,0.003, ,,
2031,0.002,0.001,0.002,0.001666667, ,0.003,0.003,0.004,0.003333333, ,,
2032,0.001,0.001,0.001,0.001, ,0.004,0.003,0.005,0.004, ,,
2033,0.002,0.002,0.002,0.002, ,0.004,0.003,0.004,0.003666667, ,,
2034,0.001,0.001,0.001,0.001, ,0.004,0.003,0.003,0.003333333, ,,
2035,0.002,0.002,0.002,0.002, ,0.004,0.003,0.004,0.003666667, ,,
2036,0.001,0.001,0.001,0.001, ,0.004,0.003,0.003,0.003333333, ,,
2037,0.002,0.002,0.001,0.001666667, ,0.004,0.003,0.004,0.003666667, ,,
2038,0.001,0.001,0.002,0.001333333, ,0.004,0.003,0.004,0.003666667, ,,
2039,0.002,0.002,0.001,0.001666667, ,0.004,0.003,0.004,0.003666667, ,,
2040,0.001,0.001,0.002,0.001333333, ,0.004,0.003,0.003,0.003333333, ,,
2041,0.002,0.001,0.001,0.001333333, ,0.004,0.002,0.004,0.003333333, ,,
2042,0.001,0.002,0.002,0.001666667, ,0.004,0.003,0.004,0.003666667, ,,
2043,0.002,0.001,0.001,0.001333333, ,0.004,0.003,0.003,0.003333333, ,,
2044,0.001,0.002,0.001,0.001333333, ,0.004,0.003,0.004,0.003666667, ,,
2045,0.002,0.001,0.002,0.001666667, ,0.004,0.003,0.004,0.003666667, ,,
2046,0.001,0.002,0.001,0.001333333, ,0.003,0.003,0.003,0.003, ,,
2047,0.002,0.001,0.002,0.001666667, ,0.004,0.003,0.003,0.003333333, ,,
2048,0.001,0.002,0.001,0.001333333, ,0.004,0.002,0.004,0.003333333, ,,
2049,0.002,0.001,0.002,0.001666667, ,0.005,0.003,0.003,0.003666667, ,,
2050,0.002,0.002,0.001,0.001666667, ,0.004,0.003,0.004,0.003666667, ,,
2051,0.002,0.001,0.002,0.001666667, ,0.003,0.003,0.004,0.003333333, ,,
2052,0.001,0.001,0.001,0.001, ,0.004,0.002,0.004,0.003333333, ,,
2053,0.002,0.002,0.001,0.001666667, ,0.004,0.003,0.004,0.003666667, ,,
2054,0.001,0.001,0.002,0.001333333, ,0.005,0.003,0.004,0.004, ,,
2055,0.002,0.002,0.001,0.001666667, ,0.004,0.004,0.004,0.004, ,,
2056,0.001,0.001,0.002,0.001333333, ,0.004,0.002,0.004,0.003333333, ,,
2057,0.002,0.002,0.001,0.001666667, ,0.003,0.003,0.005,0.003666667, ,,
2058,0.001,0.001,0.002,0.001333333, ,0.004,0.003,0.004,0.003666667, ,,
2059,0.002,0.002,0.001,0.001666667, ,0.004,0.003,0.004,0.003666667, ,,
2060,0.001,0.001,0.002,0.001333333, ,0.004,0.003,0.003,0.003333333, ,,
2061,0.001,0.002,0.001,0.001333333, ,0.004,0.003,0.004,0.003666667, ,,
2062,0.002,0.001,0.001,0.001333333, ,0.003,0.002,0.003,0.002666667, ,,
2063,0.001,0.002,0.002,0.001666667, ,0.004,0.003,0.004,0.003666667, ,,
2064,0.002,0.001,0.001,0.001333333, ,0.004,0.003,0.003,0.003333333, ,,
2065,0.001,0.001,0.002,0.001333333, ,0.004,0.002,0.004,0.003333333, ,,
2066,0.002,0.002,0.001,0.001666667, ,0.003,0.003,0.003,0.003, ,,
2067,0.001,0.001,0.002,0.001333333, ,0.004,0.003,0.003,0.003333333, ,,
2068,0.002,0.002,0.001,0.001666667, ,0.004,0.003,0.004,0.003666667, ,,
2069,0.001,0.001,0.001,0.001, ,0.005,0.003,0.004,0.004, ,,
2070,0.002,0.002,0.002,0.002, ,0.004,0.003,0.005,0.004, ,,
2071,0.001,0.004,0.002,0.002333333, ,0.004,0.003,0.004,0.003666667, ,,
2072,0.002,0.001,0.001,0.001333333, ,0.004,0.003,0.004,0.003666667, ,,
2073,0.001,0.002,0.001,0.001333333, ,0.004,0.003,0.004,0.003666667, ,,
2074,0.002,0.001,0.002,0.001666667, ,0.004,0.003,0.004,0.003666667, ,,
2075,0.001,0.002,0.001,0.001333333, ,0.005,0.003,0.004,0.004, ,,
2076,0.002,0.001,0.002,0.001666667, ,0.004,0.003,0.004,0.003666667, ,,
2077,0.001,0.002,0.001,0.001333333, ,0.004,0.003,0.004,0.003666667, ,,
2078,0.001,0.001,0.002,0.001333333, ,0.003,0.002,0.004,0.003, ,,
2079,0.002,0.002,0.001,0.001666667, ,0.004,0.003,0.003,0.003333333, ,,
2080,0.001,0.001,0.002,0.001333333, ,0.004,0.003,0.004,0.003666667, ,,
2081,0.002,0.002,0.001,0.001666667, ,0.004,0.003,0.004,0.003666667, ,,
2082,0.001,0.001,0.002,0.001333333, ,0.004,0.003,0.003,0.003333333, ,,
2083,0.002,0.002,0.001,0.001666667, ,0.003,0.003,0.004,0.003333333, ,,
2084,0.001,0.001,0.002,0.001333333, ,0.004,0.003,0.004,0.003666667, ,,
2085,0.002,0.002,0.001,0.001666667, ,0.005,0.003,0.004,0.004, ,,
2086,0.001,0.001,0.001,0.001, ,0.005,0.003,0.004,0.004, ,,
2087,0.002,0.001,0.002,0.001666667, ,0.004,0.003,0.004,0.003666667, ,,
2088,0.001,0.002,0.001,0.001333333, ,0.004,0.003,0.004,0.003666667, ,,
2089,0.002,0.001,0.002,0.001666667, ,0.005,0.003,0.004,0.004, ,,
2090,0.001,0.002,0.001,0.001333333, ,0.004,0.002,0.004,0.003333333, ,,
2091,0.001,0.001,0.001,0.001, ,0.003,0.003,0.004,0.003333333, ,,
2092,0.002,0.002,0.003,0.002333333, ,0.004,0.003,0.003,0.003333333, ,,
2093,0.001,0.001,0.002,0.001333333, ,0.004,0.003,0.004,0.003666667, ,,
2094,0.002,0.001,0.001,0.001333333, ,0.004,0.002,0.003,0.003, ,,
2095,0.001,0.002,0.002,0.001666667, ,0.004,0.003,0.003,0.003333333, ,,
2096,0.002,0.001,0.001,0.001333333, ,0.004,0.003,0.004,0.003666667, ,,
2097,0.001,0.002,0.001,0.001333333, ,0.005,0.003,0.003,0.003666667, ,,
2098,0.002,0.001,0.002,0.001666667, ,0.004,0.003,0.003,0.003333333, ,,
2099,0.001,0.001,0.001,0.001, ,0.003,0.003,0.004,0.003333333, ,,
2100,0.002,0.002,0.002,0.002, ,0.004,0.003,0.004,0.003666667, ,,
2101,0.001,0.001,0.001,0.001, ,0.005,0.003,0.004,0.004, ,,
2102,0.002,0.002,0.002,0.002, ,0.004,0.003,0.004,0.003666667, ,,
2103,0.001,0.001,0.001,0.001, ,0.004,0.003,0.004,0.003666667, ,,
2104,0.002,0.002,0.002,0.002, ,0.004,0.004,0.003,0.003666667, ,,
2105,0.002,0.001,0.001,0.001333333, ,0.004,0.003,0.004,0.003666667, ,,
2106,0.001,0.001,0.002,0.001333333, ,0.004,0.003,0.003,0.003333333, ,,
2107,0.002,0.002,0.001,0.001666667, ,0.004,0.003,0.004,0.003666667, ,,
2108,0.001,0.001,0.002,0.001333333, ,0.004,0.003,0.004,0.003666667, ,,
2109,0.002,0.002,0.001,0.001666667, ,0.003,0.003,0.003,0.003, ,,
2110,0.001,0.001,0.001,0.001, ,0.004,0.003,0.003,0.003333333, ,,
2111,0.001,0.002,0.002,0.001666667, ,0.003,0.002,0.003,0.002666667, ,,
2112,0.002,0.001,0.001,0.001333333, ,0.004,0.003,0.004,0.003666667, ,,
2113,0.004,0.002,0.002,0.002666667, ,0.004,0.003,0.004,0.003666667, ,,
2114,0.002,0.001,0.001,0.001333333, ,0.004,0.003,0.003,0.003333333, ,,
2115,0.001,0.002,0.002,0.001666667, ,0.003,0.003,0.004,0.003333333, ,,
2116,0.002,0.001,0.001,0.001333333, ,0.004,0.003,0.003,0.003333333, ,,
2117,0.001,0.002,0.001,0.001333333, ,0.004,0.003,0.004,0.003666667, ,,
2118,0.002,0.001,0.002,0.001666667, ,0.004,0.003,0.004,0.003666667, ,,
2119,0.001,0.001,0.001,0.001, ,0.004,0.003,0.004,0.003666667, ,,
2120,0.001,0.001,0.002,0.001333333, ,0.004,0.003,0.005,0.004, ,,
2121,0.002,0.001,0.001,0.001333333, ,0.004,0.003,0.004,0.003666667, ,,
2122,0.001,0.002,0.001,0.001333333, ,0.003,0.002,0.003,0.002666667, ,,
2123,0.002,0.001,0.002,0.001666667, ,0.004,0.003,0.004,0.003666667, ,,
2124,0.001,0.002,0.001,0.001333333, ,0.003,0.002,0.005,0.003333333, ,,
2125,0.002,0.001,0.002,0.001666667, ,0.004,0.003,0.003,0.003333333, ,,
2126,0.001,0.001,0.001,0.001, ,0.003,0.003,0.004,0.003333333, ,,
2127,0.002,0.002,0.002,0.002, ,0.003,0.003,0.002,0.002666667, ,,
2128,0.001,0.001,0.001,0.001, ,0.003,0.003,0.003,0.003, ,,
2129,0.001,0.002,0.001,0.001333333, ,0.004,0.002,0.003,0.003, ,,
2130,0.002,0.001,0.002,0.001666667, ,0.003,0.003,0.003,0.003, ,,
2131,0.001,0.001,0.001,0.001, ,0.003,0.003,0.003,0.003, ,,
2132,0.002,0.002,0.004,0.002666667, ,0.003,0.003,0.003,0.003, ,,
2133,0.001,0.001,0.002,0.001333333, ,0.004,0.003,0.004,0.003666667, ,,
2134,0.001,0.002,0.001,0.001333333, ,0.004,0.003,0.004,0.003666667, ,,
2135,0.002,0.001,0.002,0.001666667, ,0.003,0.004,0.003,0.003333333, ,,
2136,0.001,0.002,0.001,0.001333333, ,0.003,0.003,0.003,0.003, ,,
2137,0.002,0.001,0.001,0.001333333, ,0.004,0.003,0.004,0.003666667, ,,
2138,0.001,0.002,0.002,0.001666667, ,0.003,0.004,0.003,0.003333333, ,,
2139,0.002,0.001,0.001,0.001333333, ,0.004,0.003,0.004,0.003666667, ,,
2140,0.001,0.001,0.002,0.001333333, ,0.004,0.003,0.003,0.003333333, ,,
2141,0.001,0.002,0.001,0.001333333, ,0.003,0.003,0.003,0.003, ,,
2142,0.002,0.001,0.002,0.001666667, ,0.003,0.003,0.003,0.003, ,,
2143,0.001,0.002,0.001,0.001333333, ,0.003,0.002,0.003,0.002666667, ,,
2144,0.002,0.001,0.002,0.001666667, ,0.004,0.003,0.003,0.003333333, ,,
2145,0.001,0.002,0.001,0.001333333, ,0.003,0.002,0.003,0.002666667, ,,
2146,0.001,0.001,0.001,0.001, ,0.003,0.003,0.002,0.002666667, ,,
2147,0.002,0.001,0.002,0.001666667, ,0.003,0.002,0.003,0.002666667, ,,
2148,0.001,0.002,0.001,0.001333333, ,0.003,0.003,0.003,0.003, ,,
2149,0.002,0.002,0.001,0.001666667, ,0.003,0.003,0.003,0.003, ,,
2150,0.001,0.002,0.002,0.001666667, ,0.004,0.002,0.003,0.003, ,,
2151,0.002,0.002,0.001,0.001666667, ,0.003,0.003,0.003,0.003, ,,
2152,0.001,0.002,0.002,0.001666667, ,0.003,0.002,0.003,0.002666667, ,,
2153,0.001,0.001,0.001,0.001, ,0.003,0.003,0.003,0.003, ,,
2154,0.002,0.002,0.001,0.001666667, ,0.003,0.002,0.002,0.002333333, ,,
2155,0.001,0.001,0.002,0.001333333, ,0.002,0.003,0.003,0.002666667, ,,
2156,0.002,0.002,0.001,0.001666667, ,0.004,0.003,0.003,0.003333333, ,,
2157,0.001,0.001,0.002,0.001333333, ,0.003,0.002,0.003,0.002666667, ,,
2158,0.001,0.002,0.001,0.001333333, ,0.002,0.004,0.002,0.002666667, ,,
2159,0.002,0.001,0.002,0.001666667, ,0.004,0.002,0.004,0.003333333, ,,
2160,0.001,0.002,0.001,0.001333333, ,0.003,0.003,0.003,0.003, ,,
2161,0.002,0.001,0.001,0.001333333, ,0.003,0.003,0.003,0.003, ,,
2162,0.001,0.001,0.002,0.001333333, ,0.003,0.002,0.003,0.002666667, ,,
2163,0.001,0.002,0.001,0.001333333, ,0.003,0.003,0.003,0.003, ,,
2164,0.002,0.001,0.002,0.001666667, ,0.003,0.003,0.003,0.003, ,,
2165,0.001,0.002,0.001,0.001333333, ,0.003,0.003,0.003,0.003, ,,
2166,0.002,0.001,0.001,0.001333333, ,0.003,0.003,0.003,0.003, ,,
2167,0.001,0.002,0.002,0.001666667, ,0.003,0.002,0.003,0.002666667, ,,
2168,0.002,0.001,0.001,0.001333333, ,0.003,0.003,0.003,0.003, ,,
2169,0.001,0.001,0.002,0.001333333, ,0.004,0.003,0.004,0.003666667, ,,
2170,0.001,0.002,0.001,0.001333333, ,0.003,0.002,0.003,0.002666667, ,,
2171,0.002,0.001,0.001,0.001333333, ,0.003,0.003,0.003,0.003, ,,
2172,0.001,0.002,0.002,0.001666667, ,0.004,0.003,0.003,0.003333333, ,,
2173,0.002,0.001,0.001,0.001333333, ,0.003,0.002,0.003,0.002666667, ,,
2174,0.001,0.004,0.002,0.002333333, ,0.002,0.003,0.003,0.002666667, ,,
2175,0.001,0.002,0.001,0.001333333, ,0.003,0.002,0.003,0.002666667, ,,
2176,0.002,0.001,0.002,0.001666667, ,0.003,0.003,0.003,0.003, ,,
2177,0.001,0.002,0.001,0.001333333, ,0.003,0.002,0.003,0.002666667, ,,
2178,0.002,0.001,0.001,0.001333333, ,0.004,0.004,0.003,0.003666667, ,,
2179,0.001,0.001,0.002,0.001333333, ,0.003,0.003,0.004,0.003333333, ,,
2180,0.002,0.002,0.001,0.001666667, ,0.003,0.004,0.003,0.003333333, ,,
2181,0.001,0.001,0.002,0.001333333, ,0.004,0.003,0.004,0.003666667, ,,
2182,0.002,0.002,0.001,0.001666667, ,0.004,0.004,0.004,0.004, ,,
2183,0.001,0.001,0.002,0.001333333, ,0.003,0.003,0.004,0.003333333, ,,
2184,0.002,0.002,0.001,0.001666667, ,0.004,0.002,0.003,0.003, ,,
2185,0.001,0.001,0.001,0.001, ,0.003,0.003,0.003,0.003, ,,
2186,0.001,0.002,0.002,0.001666667, ,0.003,0.003,0.003,0.003, ,,
2187,0.002,0.001,0.002,0.001666667, ,0.004,0.003,0.004,0.003666667, ,,
2188,0.001,0.002,0.001,0.001333333, ,0.003,0.003,0.003,0.003, ,,
2189,0.002,0.001,0.002,0.001666667, ,0.003,0.002,0.003,0.002666667, ,,
2190,0.001,0.001,0.001,0.001, ,0.003,0.003,0.003,0.003, ,,
2191,0.002,0.002,0.002,0.002, ,0.004,0.002,0.003,0.003, ,,
2192,0.001,0.001,0.001,0.001, ,0.003,0.003,0.003,0.003, ,,
2193,0.001,0.002,0.001,0.001333333, ,0.004,0.003,0.004,0.003666667, ,,
2194,0.002,0.001,0.002,0.001666667, ,0.004,0.003,0.003,0.003333333, ,,
2195,0.001,0.002,0.001,0.001333333, ,0.003,0.002,0.003,0.002666667, ,,
2196,0.002,0.002,0.002,0.002, ,0.004,0.003,0.003,0.003333333, ,,
2197,0.001,0.001,0.001,0.001, ,0.004,0.003,0.003,0.003333333, ,,
2198,0.002,0.001,0.002,0.001666667, ,0.004,0.003,0.004,0.003666667, ,,
2199,0.001,0.002,0.001,0.001333333, ,0.004,0.003,0.003,0.003333333, ,,
2200,0.002,0.001,0.002,0.001666667, ,0.005,0.002,0.003,0.003333333, ,,
2201,0.001,0.002,0.001,0.001333333, ,0.005,0.003,0.004,0.004, ,,
2202,0.002,0.001,0.001,0.001333333, ,0.004,0.003,0.003,0.003333333, ,,
2203,0.001,0.002,0.002,0.001666667, ,0.004,0.003,0.004,0.003666667, ,,
2204,0.002,0.001,0.001,0.001333333, ,0.003,0.002,0.003,0.002666667, ,,
2205,0.001,0.002,0.002,0.001666667, ,0.004,0.003,0.003,0.003333333, ,,
2206,0.002,0.001,0.001,0.001333333, ,0.003,0.002,0.003,0.002666667, ,,
2207,0.001,0.002,0.002,0.001666667, ,0.003,0.003,0.003,0.003, ,,
2208,0.001,0.001,0.001,0.001, ,0.004,0.004,0.003,0.003666667, ,,
2209,0.002,0.002,0.002,0.002, ,0.004,0.003,0.004,0.003666667, ,,
2210,0.001,0.001,0.001,0.001, ,0.004,0.003,0.003,0.003333333, ,,
2211,0.002,0.002,0.002,0.002, ,0.003,0.004,0.003,0.003333333, ,,
2212,0.002,0.001,0.001,0.001333333, ,0.004,0.003,0.003,0.003333333, ,,
2213,0.001,0.002,0.002,0.001666667, ,0.005,0.004,0.004,0.004333333, ,,
2214,0.001,0.001,0.001,0.001, ,0.004,0.003,0.004,0.003666667, ,,
2215,0.002,0.002,0.001,0.001666667, ,0.004,0.003,0.003,0.003333333, ,,
2216,0.004,0.001,0.002,0.002333333, ,0.004,0.003,0.004,0.003666667, ,,
2217,0.001,0.002,0.001,0.001333333, ,0.004,0.003,0.003,0.003333333, ,,
2218,0.002,0.001,0.002,0.001666667, ,0.004,0.002,0.004,0.003333333, ,,
2219,0.001,0.001,0.001,0.001, ,0.004,0.003,0.003,0.003333333, ,,
2220,0.002,0.002,0.002,0.002, ,0.003,0.002,0.003,0.002666667, ,,
2221,0.001,0.001,0.001,0.001, ,0.004,0.003,0.003,0.003333333, ,,
2222,0.002,0.002,0.002,0.002, ,0.003,0.002,0.003,0.002666667, ,,
2223,0.001,0.001,0.002,0.001333333, ,0.003,0.003,0.003,0.003, ,,
2224,0.002,0.002,0.001,0.001666667, ,0.004,0.002,0.003,0.003, ,,
2225,0.001,0.001,0.002,0.001333333, ,0.004,0.003,0.003,0.003333333, ,,
2226,0.002,0.002,0.001,0.001666667, ,0.003,0.003,0.003,0.003, ,,
2227,0.001,0.001,0.001,0.001, ,0.003,0.002,0.003,0.002666667, ,,
2228,0.002,0.002,0.002,0.002, ,0.004,0.003,0.003,0.003333333, ,,
2229,0.001,0.001,0.001,0.001, ,0.004,0.003,0.003,0.003333333, ,,
2230,0.002,0.002,0.002,0.002, ,0.004,0.002,0.003,0.003, ,,
2231,0.002,0.001,0.001,0.001333333, ,0.003,0.003,0.004,0.003333333, ,,
2232,0.002,0.002,0.002,0.002, ,0.003,0.002,0.002,0.002333333, ,,
2233,0.002,0.002,0.001,0.001666667, ,0.003,0.002,0.003,0.002666667, ,,
2234,0.001,0.001,0.002,0.001333333, ,0.003,0.003,0.003,0.003, ,,
2235,0.002,0.001,0.004,0.002333333, ,0.003,0.002,0.003,0.002666667, ,,
2236,0.001,0.002,0.001,0.001333333, ,0.003,0.003,0.002,0.002666667, ,,
2237,0.002,0.001,0.001,0.001333333, ,0.003,0.002,0.003,0.002666667, ,,
2238,0.001,0.002,0.002,0.001666667, ,0.003,0.002,0.003,0.002666667, ,,
2239,0.002,0.001,0.002,0.001666667, ,0.003,0.002,0.002,0.002333333, ,,
2240,0.001,0.002,0.001,0.001333333, ,0.003,0.003,0.003,0.003, ,,
2241,0.002,0.001,0.002,0.001666667, ,0.003,0.002,0.003,0.002666667, ,,
2242,0.001,0.002,0.001,0.001333333, ,0.003,0.003,0.003,0.003, ,,
2243,0.002,0.001,0.002,0.001666667, ,0.003,0.002,0.004,0.003, ,,
2244,0.001,0.002,0.001,0.001333333, ,0.003,0.003,0.003,0.003, ,,
2245,0.002,0.001,0.001,0.001333333, ,0.003,0.002,0.003,0.002666667, ,,
2246,0.001,0.002,0.002,0.001666667, ,0.004,0.003,0.004,0.003666667, ,,
2247,0.002,0.001,0.001,0.001333333, ,0.003,0.003,0.003,0.003, ,,
2248,0.001,0.002,0.002,0.001666667, ,0.003,0.002,0.003,0.002666667, ,,
2249,0.002,0.001,0.002,0.001666667, ,0.003,0.002,0.002,0.002333333, ,,
2250,0.002,0.002,0.001,0.001666667, ,0.003,0.003,0.003,0.003, ,,
2251,0.001,0.001,0.001,0.001, ,0.003,0.002,0.003,0.002666667, ,,
2252,0.002,0.002,0.002,0.002, ,0.003,0.002,0.003,0.002666667, ,,
2253,0.002,0.001,0.001,0.001333333, ,0.003,0.003,0.002,0.002666667, ,,
2254,0.001,0.002,0.002,0.001666667, ,0.003,0.002,0.003,0.002666667, ,,
2255,0.001,0.001,0.001,0.001, ,0.003,0.002,0.003,0.002666667, ,,
2256,0.002,0.001,0.002,0.001666667, ,0.003,0.003,0.003,0.003, ,,
2257,0.001,0.002,0.001,0.001333333, ,0.003,0.002,0.003,0.002666667, ,,
2258,0.002,0.001,0.002,0.001666667, ,0.004,0.003,0.003,0.003333333, ,,
2259,0.002,0.002,0.001,0.001666667, ,0.002,0.002,0.002,0.002, ,,
2260,0.001,0.001,0.002,0.001333333, ,0.003,0.003,0.003,0.003, ,,
2261,0.002,0.002,0.001,0.001666667, ,0.003,0.002,0.002,0.002333333, ,,
2262,0.001,0.001,0.001,0.001, ,0.003,0.002,0.003,0.002666667, ,,
2263,0.002,0.002,0.002,0.002, ,0.003,0.002,0.002,0.002333333, ,,
2264,0.001,0.001,0.001,0.001, ,0.002,0.002,0.003,0.002333333, ,,
2265,0.001,0.001,0.002,0.001333333, ,0.003,0.003,0.003,0.003, ,,
2266,0.002,0.002,0.001,0.001666667, ,0.003,0.002,0.002,0.002333333, ,,
2267,0.001,0.001,0.002,0.001333333, ,0.003,0.002,0.003,0.002666667, ,,
2268,0.002,0.002,0.001,0.001666667, ,0.003,0.003,0.003,0.003, ,,
2269,0.001,0.001,0.002,0.001333333, ,0.003,0.002,0.002,0.002333333, ,,
2270,0.002,0.002,0.001,0.001666667, ,0.002,0.003,0.003,0.002666667, ,,
2271,0.001,0.001,0.002,0.001333333, ,0.003,0.002,0.003,0.002666667, ,,
2272,0.002,0.002,0.001,0.001666667, ,0.003,0.002,0.002,0.002333333, ,,
2273,0.001,0.001,0.001,0.001, ,0.003,0.003,0.003,0.003, ,,
2274,0.002,0.002,0.002,0.002, ,0.003,0.002,0.003,0.002666667, ,,
2275,0.001,0.001,0.001,0.001, ,0.003,0.003,0.003,0.003, ,,
2276,0.002,0.002,0.002,0.002, ,0.003,0.002,0.003,0.002666667, ,,
2277,0.001,0.004,0.001,0.002, ,0.004,0.003,0.003,0.003333333, ,,
2278,0.001,0.001,0.002,0.001333333, ,0.003,0.003,0.003,0.003, ,,
2279,0.002,0.002,0.001,0.001666667, ,0.003,0.002,0.003,0.002666667, ,,
2280,0.001,0.001,0.002,0.001333333, ,0.003,0.003,0.003,0.003, ,,
2281,0.002,0.001,0.001,0.001333333, ,0.003,0.002,0.002,0.002333333, ,,
2282,0.001,0.002,0.002,0.001666667, ,0.003,0.003,0.003,0.003, ,,
2283,0.002,0.001,0.002,0.001666667, ,0.003,0.002,0.003,0.002666667, ,,
2284,0.001,0.002,0.001,0.001333333, ,0.002,0.002,0.002,0.002, ,,
2285,0.002,0.001,0.002,0.001666667, ,0.003,0.002,0.003,0.002666667, ,,
2286,0.001,0.002,0.001,0.001333333, ,0.003,0.002,0.003,0.002666667, ,,
2287,0.002,0.001,0.002,0.001666667, ,0.002,0.003,0.002,0.002333333, ,,
2288,0.001,0.002,0.001,0.001333333, ,0.003,0.002,0.003,0.002666667, ,,
2289,0.002,0.001,0.001,0.001333333, ,0.003,0.003,0.003,0.003, ,,
2290,0.001,0.001,0.002,0.001333333, ,0.004,0.002,0.002,0.002666667, ,,
2291,0.001,0.002,0.001,0.001333333, ,0.004,0.002,0.003,0.003, ,,
2292,0.002,0.001,0.002,0.001666667, ,0.003,0.003,0.003,0.003, ,,
2293,0.001,0.002,0.001,0.001333333, ,0.004,0.002,0.003,0.003, ,,
2294,0.002,0.001,0.002,0.001666667, ,0.003,0.004,0.002,0.003, ,,
2295,0.001,0.002,0.001,0.001333333, ,0.003,0.003,0.003,0.003, ,,
2296,0.002,0.001,0.002,0.001666667, ,0.003,0.002,0.002,0.002333333, ,,
2297,0.001,0.002,0.001,0.001333333, ,0.002,0.002,0.003,0.002333333, ,,
2298,0.002,0.001,0.001,0.001333333, ,0.002,0.003,0.006,0.003666667, ,,
2299,0.001,0.002,0.002,0.001666667, ,0.003,0.002,0.003,0.002666667, ,,
2300,0.001,0.001,0.001,0.001, ,0.004,0.003,0.003,0.003333333, ,,
2301,0.002,0.002,0.002,0.002, ,0.002,0.002,0.002,0.002, ,,
2302,0.002,0.001,0.001,0.001333333, ,0.002,0.002,0.003,0.002333333, ,,
2303,0.001,0.002,0.002,0.001666667, ,0.002,0.002,0.002,0.002, ,,
2304,0.002,0.001,0.001,0.001333333, ,0.003,0.002,0.003,0.002666667, ,,
2305,0.002,0.001,0.002,0.001666667, ,0.003,0.002,0.003,0.002666667, ,,
2306,0.001,0.002,0.001,0.001333333, ,0.002,0.002,0.003,0.002333333, ,,
2307,0.002,0.001,0.002,0.001666667, ,0.003,0.003,0.003,0.003, ,,
2308,0.001,0.002,0.001,0.001333333, ,0.003,0.002,0.003,0.002666667, ,,
2309,0.002,0.001,0.002,0.001666667, ,0.003,0.003,0.003,0.003, ,,
2310,0.001,0.002,0.001,0.001333333, ,0.003,0.003,0.003,0.003, ,,
2311,0.002,0.001,0.002,0.001666667, ,0.004,0.002,0.003,0.003, ,,
2312,0.001,0.002,0.001,0.001333333, ,0.003,0.003,0.003,0.003, ,,
2313,0.002,0.001,0.002,0.001666667, ,0.004,0.003,0.003,0.003333333, ,,
2314,0.001,0.002,0.001,0.001333333, ,0.003,0.002,0.003,0.002666667, ,,
2315,0.002,0.001,0.001,0.001333333, ,0.003,0.003,0.003,0.003, ,,
2316,0.001,0.002,0.002,0.001666667, ,0.003,0.002,0.003,0.002666667, ,,
2317,0.002,0.001,0.001,0.001333333, ,0.004,0.003,0.004,0.003666667, ,,
2318,0.001,0.002,0.002,0.001666667, ,0.003,0.003,0.002,0.002666667, ,,
2319,0.004,0.001,0.001,0.002, ,0.003,0.003,0.003,0.003, ,,
2320,0.001,0.002,0.002,0.001666667, ,0.003,0.003,0.003,0.003, ,,
2321,0.002,0.001,0.001,0.001333333, ,0.003,0.002,0.003,0.002666667, ,,
2322,0.002,0.002,0.002,0.002, ,0.004,0.003,0.003,0.003333333, ,,
2323,0.001,0.001,0.001,0.001, ,0.003,0.003,0.005,0.003666667, ,,
2324,0.001,0.002,0.002,0.001666667, ,0.003,0.005,0.005,0.004333333, ,,
2325,0.002,0.001,0.001,0.001333333, ,0.004,0.004,0.005,0.004333333, ,,
2326,0.001,0.002,0.002,0.001666667, ,0.004,0.003,0.003,0.003333333, ,,
2327,0.002,0.001,0.001,0.001333333, ,0.003,0.003,0.003,0.003, ,,
2328,0.001,0.002,0.002,0.001666667, ,0.003,0.003,0.004,0.003333333, ,,
2329,0.002,0.001,0.001,0.001333333, ,0.004,0.003,0.003,0.003333333, ,,
2330,0.001,0.002,0.002,0.001666667, ,0.003,0.003,0.003,0.003, ,,
2331,0.002,0.001,0.001,0.001333333, ,0.003,0.003,0.003,0.003, ,,
2332,0.001,0.002,0.002,0.001666667, ,0.004,0.003,0.003,0.003333333, ,,
2333,0.002,0.001,0.001,0.001333333, ,0.003,0.003,0.003,0.003, ,,
2334,0.001,0.002,0.002,0.001666667, ,0.004,0.003,0.004,0.003666667, ,,
2335,0.002,0.001,0.001,0.001333333, ,0.003,0.002,0.003,0.002666667, ,,
2336,0.002,0.002,0.002,0.002, ,0.003,0.003,0.003,0.003, ,,
2337,0.001,0.001,0.001,0.001, ,0.004,0.003,0.003,0.003333333, ,,
2338,0.002,0.001,0.004,0.002333333, ,0.003,0.003,0.003,0.003, ,,
2339,0.001,0.002,0.001,0.001333333, ,0.004,0.004,0.004,0.004, ,,
2340,0.001,0.001,0.002,0.001333333, ,0.004,0.002,0.003,0.003, ,,
2341,0.002,0.002,0.002,0.002, ,0.003,0.004,0.003,0.003333333, ,,
2342,0.002,0.001,0.001,0.001333333, ,0.005,0.003,0.004,0.004, ,,
2343,0.001,0.002,0.001,0.001333333, ,0.003,0.003,0.003,0.003, ,,
2344,0.002,0.001,0.002,0.001666667, ,0.004,0.003,0.003,0.003333333, ,,
2345,0.001,0.002,0.001,0.001333333, ,0.003,0.003,0.003,0.003, ,,
2346,0.002,0.001,0.002,0.001666667, ,0.004,0.002,0.003,0.003, ,,
2347,0.001,0.002,0.001,0.001333333, ,0.003,0.003,0.003,0.003, ,,
2348,0.001,0.001,0.002,0.001333333, ,0.003,0.002,0.003,0.002666667, ,,
2349,0.002,0.002,0.001,0.001666667, ,0.003,0.003,0.003,0.003, ,,
2350,0.001,0.001,0.002,0.001333333, ,0.003,0.002,0.002,0.002333333, ,,
2351,0.002,0.002,0.001,0.001666667, ,0.003,0.002,0.003,0.002666667, ,,
2352,0.001,0.001,0.002,0.001333333, ,0.003,0.003,0.003,0.003, ,,
2353,0.002,0.002,0.001,0.001666667, ,0.003,0.003,0.003,0.003, ,,
2354,0.001,0.001,0.001,0.001, ,0.003,0.002,0.003,0.002666667, ,,
2355,0.002,0.001,0.002,0.001666667, ,0.004,0.003,0.002,0.003, ,,
2356,0.001,0.002,0.001,0.001333333, ,0.003,0.002,0.003,0.002666667, ,,
2357,0.001,0.001,0.002,0.001333333, ,0.004,0.003,0.004,0.003666667, ,,
2358,0.002,0.002,0.001,0.001666667, ,0.003,0.003,0.003,0.003, ,,
2359,0.001,0.001,0.002,0.001333333, ,0.003,0.002,0.003,0.002666667, ,,
2360,0.002,0.002,0.001,0.001666667, ,0.003,0.003,0.003,0.003, ,,
2361,0.001,0.001,0.001,0.001, ,0.003,0.003,0.003,0.003, ,,
2362,0.002,0.002,0.002,0.002, ,0.003,0.002,0.003,0.002666667, ,,
2363,0.001,0.001,0.001,0.001, ,0.004,0.003,0.003,0.003333333, ,,
2364,0.002,0.002,0.002,0.002, ,0.003,0.002,0.003,0.002666667, ,,
2365,0.001,0.001,0.001,0.001, ,0.002,0.002,0.002,0.002, ,,
2366,0.002,0.002,0.002,0.002, ,0.003,0.003,0.003,0.003, ,,
2367,0.001,0.001,0.001,0.001, ,0.003,0.002,0.002,0.002333333, ,,
2368,0.002,0.001,0.002,0.001666667, ,0.003,0.003,0.003,0.003, ,,
2369,0.002,0.002,0.001,0.001666667, ,0.003,0.002,0.003,0.002666667, ,,
2370,0.001,0.001,0.001,0.001, ,0.003,0.003,0.003,0.003, ,,
2371,0.002,0.002,0.002,0.002, ,0.003,0.002,0.002,0.002333333, ,,
2372,0.002,0.001,0.001,0.001333333, ,0.004,0.003,0.003,0.003333333, ,,
2373,0.001,0.002,0.002,0.001666667, ,0.004,0.003,0.004,0.003666667, ,,
2374,0.001,0.001,0.001,0.001, ,0.004,0.004,0.003,0.003666667, ,,
2375,0.002,0.002,0.002,0.002, ,0.003,0.002,0.003,0.002666667, ,,
2376,0.001,0.001,0.001,0.001, ,0.004,0.003,0.003,0.003333333, ,,
2377,0.002,0.002,0.001,0.001666667, ,0.003,0.002,0.003,0.002666667, ,,
2378,0.001,0.001,0.002,0.001333333, ,0.003,0.003,0.003,0.003, ,,
2379,0.002,0.001,0.001,0.001333333, ,0.003,0.002,0.003,0.002666667, ,,
2380,0.001,0.005,0.002,0.002666667, ,0.003,0.003,0.003,0.003, ,,
2381,0.002,0.001,0.001,0.001333333, ,0.003,0.003,0.003,0.003, ,,
2382,0.001,0.002,0.002,0.001666667, ,0.003,0.002,0.003,0.002666667, ,,
2383,0.002,0.001,0.001,0.001333333, ,0.004,0.003,0.003,0.003333333, ,,
2384,0.001,0.002,0.002,0.001666667, ,0.003,0.003,0.003,0.003, ,,
2385,0.002,0.001,0.002,0.001666667, ,0.004,0.003,0.003,0.003333333, ,,
2386,0.001,0.002,0.001,0.001333333, ,0.005,0.003,0.003,0.003666667, ,,
2387,0.002,0.001,0.002,0.001666667, ,0.005,0.003,0.003,0.003666667, ,,
2388,0.001,0.002,0.001,0.001333333, ,0.005,0.003,0.003,0.003666667, ,,
2389,0.002,0.001,0.002,0.001666667, ,0.004,0.003,0.004,0.003666667, ,,
2390,0.001,0.002,0.001,0.001333333, ,0.004,0.003,0.003,0.003333333, ,,
2391,0.002,0.001,0.001,0.001333333, ,0.003,0.002,0.003,0.002666667, ,,
2392,0.001,0.002,0.002,0.001666667, ,0.003,0.003,0.003,0.003, ,,
2393,0.002,0.001,0.001,0.001333333, ,0.003,0.003,0.003,0.003, ,,
2394,0.001,0.002,0.002,0.001666667, ,0.004,0.002,0.003,0.003, ,,
2395,0.002,0.001,0.001,0.001333333, ,0.003,0.003,0.003,0.003, ,,
2396,0.001,0.001,0.002,0.001333333, ,0.004,0.004,0.003,0.003666667, ,,
2397,0.002,0.002,0.001,0.001666667, ,0.003,0.002,0.003,0.002666667, ,,
2398,0.001,0.001,0.002,0.001333333, ,0.003,0.003,0.002,0.002666667, ,,
2399,0.002,0.002,0.001,0.001666667, ,0.003,0.002,0.003,0.002666667, ,,
2400,0.001,0.001,0.002,0.001333333, ,0.002,0.003,0.003,0.002666667, ,,
2401,0.002,0.002,0.001,0.001666667, ,0.003,0.002,0.002,0.002333333, ,,
2402,0.001,0.001,0.002,0.001333333, ,0.003,0.003,0.003,0.003, ,,
2403,0.002,0.002,0.001,0.001666667, ,0.004,0.003,0.004,0.003666667, ,,
2404,0.001,0.001,0.002,0.001333333, ,0.003,0.003,0.003,0.003, ,,
2405,0.002,0.002,0.001,0.001666667, ,0.004,0.003,0.004,0.003666667, ,,
2406,0.001,0.001,0.002,0.001333333, ,0.004,0.003,0.003,0.003333333, ,,
2407,0.002,0.002,0.001,0.001666667, ,0.004,0.003,0.004,0.003666667, ,,
2408,0.001,0.001,0.002,0.001333333, ,0.003,0.003,0.003,0.003, ,,
2409,0.002,0.002,0.001,0.001666667, ,0.004,0.003,0.004,0.003666667, ,,
2410,0.001,0.001,0.002,0.001333333, ,0.004,0.003,0.003,0.003333333, ,,
2411,0.002,0.002,0.001,0.001666667, ,0.004,0.004,0.004,0.004, ,,
2412,0.001,0.001,0.002,0.001333333, ,0.004,0.003,0.003,0.003333333, ,,
2413,0.002,0.002,0.001,0.001666667, ,0.004,0.003,0.004,0.003666667, ,,
2414,0.001,0.002,0.002,0.001666667, ,0.003,0.003,0.003,0.003, ,,
2415,0.002,0.001,0.001,0.001333333, ,0.004,0.003,0.003,0.003333333, ,,
2416,0.001,0.002,0.002,0.001666667, ,0.004,0.004,0.004,0.004, ,,
2417,0.002,0.001,0.002,0.001666667, ,0.004,0.003,0.005,0.004, ,,
2418,0.002,0.002,0.001,0.001666667, ,0.003,0.004,0.006,0.004333333, ,,
2419,0.001,0.001,0.002,0.001333333, ,0.004,0.003,0.005,0.004, ,,
2420,0.002,0.002,0.001,0.001666667, ,0.004,0.003,0.012,0.006333333, ,,
2421,0.001,0.001,0.002,0.001333333, ,0.004,0.003,0.011,0.006, ,,
2422,0.004,0.002,0.002,0.002666667, ,0.004,0.004,0.008,0.005333333, ,,
2423,0.002,0.001,0.001,0.001333333, ,0.005,0.005,0.008,0.006, ,,
2424,0.001,0.002,0.001,0.001333333, ,0.003,0.004,0.008,0.005, ,,
2425,0.002,0.001,0.002,0.001666667, ,0.004,0.004,0.005,0.004333333, ,,
2426,0.001,0.002,0.001,0.001333333, ,0.004,0.003,0.003,0.003333333, ,,
2427,0.002,0.001,0.002,0.001666667, ,0.003,0.003,0.004,0.003333333, ,,
2428,0.001,0.002,0.001,0.001333333, ,0.004,0.003,0.004,0.003666667, ,,
2429,0.002,0.001,0.002,0.001666667, ,0.003,0.002,0.004,0.003, ,,
2430,0.001,0.002,0.001,0.001333333, ,0.003,0.003,0.006,0.004, ,,
2431,0.002,0.001,0.002,0.001666667, ,0.003,0.003,0.005,0.003666667, ,,
2432,0.002,0.003,0.001,0.002, ,0.003,0.003,0.005,0.003666667, ,,
2433,0.001,0.001,0.002,0.001333333, ,0.004,0.003,0.005,0.004, ,,
2434,0.002,0.002,0.002,0.002, ,0.003,0.002,0.005,0.003333333, ,,
2435,0.001,0.002,0.001,0.001333333, ,0.004,0.004,0.005,0.004333333, ,,
2436,0.002,0.001,0.002,0.001666667, ,0.004,0.003,0.004,0.003666667, ,,
2437,0.001,0.001,0.001,0.001, ,0.004,0.004,0.004,0.004, ,,
2438,0.002,0.002,0.002,0.002, ,0.005,0.003,0.005,0.004333333, ,,
2439,0.001,0.001,0.001,0.001, ,0.004,0.003,0.005,0.004, ,,
2440,0.001,0.002,0.005,0.002666667, ,0.004,0.004,0.004,0.004, ,,
2441,0.002,0.002,0.002,0.002, ,0.004,0.003,0.004,0.003666667, ,,
2442,0.002,0.001,0.001,0.001333333, ,0.003,0.004,0.005,0.004, ,,
2443,0.001,0.002,0.002,0.001666667, ,0.004,0.003,0.005,0.004, ,,
2444,0.002,0.001,0.003,0.002, ,0.004,0.003,0.004,0.003666667, ,,
2445,0.001,0.002,0.001,0.001333333, ,0.004,0.003,0.005,0.004, ,,
2446,0.002,0.001,0.001,0.001333333, ,0.004,0.003,0.004,0.003666667, ,,
2447,0.001,0.001,0.002,0.001333333, ,0.003,0.003,0.003,0.003, ,,
2448,0.002,0.002,0.001,0.001666667, ,0.004,0.003,0.005,0.004, ,,
2449,0.001,0.001,0.002,0.001333333, ,0.003,0.003,0.004,0.003333333, ,,
2450,0.002,0.002,0.001,0.001666667, ,0.004,0.003,0.004,0.003666667, ,,
2451,0.001,0.001,0.002,0.001333333, ,0.003,0.003,0.004,0.003333333, ,,
2452,0.001,0.002,0.001,0.001333333, ,0.003,0.003,0.004,0.003333333, ,,
2453,0.002,0.001,0.002,0.001666667, ,0.004,0.002,0.004,0.003333333, ,,
2454,0.001,0.002,0.001,0.001333333, ,0.004,0.003,0.004,0.003666667, ,,
2455,0.002,0.001,0.002,0.001666667, ,0.003,0.003,0.004,0.003333333, ,,
2456,0.001,0.001,0.001,0.001, ,0.003,0.002,0.005,0.003333333, ,,
2457,0.002,0.002,0.001,0.001666667, ,0.003,0.003,0.003,0.003, ,,
2458,0.001,0.001,0.002,0.001333333, ,0.003,0.002,0.003,0.002666667, ,,
2459,0.002,0.002,0.001,0.001666667, ,0.003,0.002,0.003,0.002666667, ,,
2460,0.001,0.001,0.002,0.001333333, ,0.003,0.002,0.003,0.002666667, ,,
2461,0.001,0.002,0.001,0.001333333, ,0.003,0.002,0.004,0.003, ,,
2462,0.002,0.001,0.002,0.001666667, ,0.002,0.001,0.002,0.001666667, ,,
2463,0.001,0.002,0.001,0.001333333, ,0.003,0.003,0.003,0.003, ,,
2464,0.002,0.001,0.002,0.001666667, ,0.002,0.003,0.003,0.002666667, ,,
2465,0.001,0.001,0.001,0.001, ,0.003,0.002,0.002,0.002333333, ,,
2466,0.002,0.002,0.001,0.001666667, ,0.003,0.002,0.003,0.002666667, ,,
2467,0.001,0.001,0.002,0.001333333, ,0.002,0.002,0.002,0.002, ,,
2468,0.001,0.002,0.001,0.001333333, ,0.002,0.002,0.003,0.002333333, ,,
2469,0.002,0.001,0.002,0.001666667, ,0.003,0.002,0.004,0.003, ,,
2470,0.001,0.001,0.001,0.001, ,0.003,0.003,0.003,0.003, ,,
2471,0.002,0.002,0.001,0.001666667, ,0.003,0.002,0.003,0.002666667, ,,
2472,0.001,0.001,0.002,0.001333333, ,0.003,0.002,0.003,0.002666667, ,,
2473,0.001,0.002,0.001,0.001333333, ,0.002,0.002,0.003,0.002333333, ,,
2474,0.002,0.001,0.002,0.001666667, ,0.003,0.002,0.002,0.002333333, ,,
2475,0.001,0.001,0.001,0.001, ,0.002,0.001,0.002,0.001666667, ,,
2476,0.002,0.002,0.001,0.001666667, ,0.001,0.002,0.002,0.001666667, ,,
2477,0.001,0.001,0.002,0.001333333, ,0.002,0.001,0.001,0.001333333, ,,
2478,0.002,0.002,0.001,0.001666667, ,0.002,0.002,0.002,0.002, ,,
2479,0.001,0.001,0.002,0.001333333, ,0.002,0.002,0.002,0.002, ,,
2480,0.001,0.001,0.001,0.001, ,0.002,0.003,0.003,0.002666667, ,,
2481,0.002,0.002,0.001,0.001666667, ,0.002,0.001,0.002,0.001666667, ,,
2482,0.001,0.001,0.002,0.001333333, ,0.002,0.002,0.002,0.002, ,,
2483,0.002,0.004,0.001,0.002333333, ,0.002,0.001,0.002,0.001666667, ,,
2484,0.001,0.001,0.002,0.001333333, ,0.001,0.002,0.002,0.001666667, ,,
2485,0.002,0.002,0.001,0.001666667, ,0.002,0.001,0.004,0.002333333, ,,
2486,0.001,0.001,0.001,0.001, ,0.002,0.002,0.003,0.002333333, ,,
2487,0.002,0.002,0.002,0.002, ,0.001,0.001,0.002,0.001333333, ,,
2488,0.001,0.001,0.001,0.001, ,0.002,0.001,0.002,0.001666667, ,,
2489,0.001,0.001,0.002,0.001333333, ,0.001,0.001,0.001,0.001, ,,
2490,0.002,0.002,0.001,0.001666667, ,0.001,0.001,0.002,0.001333333, ,,
2491,0.001,0.001,0.001,0.001, ,0.002,0.001,0.001,0.001333333, ,,
2492,0.002,0.002,0.002,0.002, ,0.001,0.001,0.001,0.001, ,,
2493,0.001,0.001,0.001,0.001, ,0.001,0.001,0.002,0.001333333, ,,
2494,0.001,0.002,0.002,0.001666667, ,0.001,0.001,0.001,0.001, ,,
2495,0.002,0.002,0.001,0.001666667, ,0.002,0.001,0.001,0.001333333, ,,
2496,0.001,0.001,0.001,0.001, ,0.002,0.002,0.002,0.002, ,,
2497,0.002,0.002,0.002,0.002, ,0.002,0.001,0.002,0.001666667, ,,
2498,0.001,0.001,0.001,0.001, ,0.002,0.001,0.001,0.001333333, ,,
2499,0.002,0.001,0.002,0.001666667, ,0.001,0.001,0.002,0.001333333, ,,
2500,0.001,0.002,0.001,0.001333333, ,0.002,0.001,0.001,0.001333333, ,,
2501,0.001,0.001,0.002,0.001333333, ,0.002,0.002,0.002,0.002, ,,
2502,0.002,0.002,0.001,0.001666667, ,0.002,0.002,0.002,0.002, ,,
2503,0.001,0.001,0.001,0.001, ,0.001,0.001,0.001,0.001, ,,
2504,0.002,0.002,0.002,0.002, ,0.001,0.001,0.002,0.001333333, ,,
2505,0.001,0.001,0.001,0.001, ,0.002,0.001,0.002,0.001666667, ,,
2506,0.001,0.001,0.001,0.001, ,0.001,0.001,0.001,0.001, ,,
2507,0.002,0.002,0.002,0.002, ,0.001,0.001,0.002,0.001333333, ,,
2508,0.001,0.001,0.002,0.001333333, ,0.002,0.001,0.001,0.001333333, ,,
2509,0.002,0.002,0.001,0.001666667, ,0.001,0.001,0.002,0.001333333, ,,
2510,0.001,0.001,0.001,0.001, ,0.001,0.001,0.001,0.001, ,,
2511,0.001,0.002,0.002,0.001666667, ,0.001,0.001,0.001,0.001, ,,
2512,0.002,0.001,0.001,0.001333333, ,0.002,0.001,0.002,0.001666667, ,,
2513,0.001,0.002,0.002,0.001666667, ,0.001,0.001,0.001,0.001, ,,
2514,0.002,0.001,0.001,0.001333333, ,0.001,0.001,0.002,0.001333333, ,,
2515,0.001,0.001,0.002,0.001333333, ,0.002,0.002,0.001,0.001666667, ,,
2516,0.002,0.002,0.001,0.001666667, ,0.001,0.001,0.001,0.001, ,,
2517,0.001,0.001,0.001,0.001, ,0.002,0.001,0.002,0.001666667, ,,
2518,0.001,0.002,0.002,0.001666667, ,0.001,0.001,0.001,0.001, ,,
2519,0.002,0.001,0.001,0.001333333, ,0.001,0.001,0.001,0.001, ,,
2520,0.001,0.001,0.002,0.001333333, ,0.001,0.001,0.001,0.001, ,,
2521,0.002,0.002,0.001,0.001666667, ,0.001,0.001,0.002,0.001333333, ,,
2522,0.001,0.001,0.002,0.001333333, ,0.001,0.001,0.001,0.001, ,,
2523,0.002,0.002,0.001,0.001666667, ,0.002,0.001,0.002,0.001666667, ,,
2524,0.001,0.001,0.002,0.001333333, ,0.001,0.001,0.001,0.001, ,,
2525,0.004,0.002,0.001,0.002333333, ,0.002,0.001,0.001,0.001333333, ,,
2526,0.002,0.001,0.001,0.001333333, ,0.001,0.001,0.001,0.001, ,,
2527,0.001,0.002,0.002,0.001666667, ,0.001,0.001,0.002,0.001333333, ,,
2528,0.002,0.001,0.001,0.001333333, ,0.001,0.001,0.001,0.001, ,,
2529,0.001,0.001,0.002,0.001333333, ,0.002,0.002,0.002,0.002, ,,
2530,0.002,0.002,0.001,0.001666667, ,0.001,0.001,0.001,0.001, ,,
2531,0.001,0.001,0.002,0.001333333, ,0.002,0.001,0.002,0.001666667, ,,
2532,0.001,0.002,0.001,0.001333333, ,0.001,0.002,0.002,0.001666667, ,,
2533,0.002,0.001,0.002,0.001666667, ,0.002,0.001,0.002,0.001666667, ,,
2534,0.001,0.002,0.001,0.001333333, ,0.002,0.002,0.003,0.002333333, ,,
2535,0.002,0.001,0.002,0.001666667, ,0.002,0.001,0.002,0.001666667, ,,
2536,0.001,0.001,0.001,0.001, ,0.002,0.001,0.001,0.001333333, ,,
2537,0.002,0.002,0.001,0.001666667, ,0.002,0.002,0.002,0.002, ,,
2538,0.001,0.001,0.002,0.001333333, ,0.001,0.001,0.001,0.001, ,,
2539,0.002,0.002,0.001,0.001666667, ,0.002,0.001,0.002,0.001666667, ,,
2540,0.001,0.001,0.002,0.001333333, ,0.002,0.001,0.002,0.001666667, ,,
2541,0.002,0.002,0.001,0.001666667, ,0.002,0.002,0.002,0.002, ,,
2542,0.001,0.001,0.002,0.001333333, ,0.001,0.001,0.001,0.001, ,,
2543,0.001,0.002,0.004,0.002333333, ,0.002,0.001,0.001,0.001333333, ,,
2544,0.002,0.001,0.001,0.001333333, ,0.002,0.001,0.002,0.001666667, ,,
2545,0.001,0.001,0.002,0.001333333, ,0.002,0.002,0.002,0.002, ,,
2546,0.002,0.002,0.001,0.001666667, ,0.002,0.001,0.002,0.001666667, ,,
2547,0.001,0.001,0.002,0.001333333, ,0.001,0.002,0.002,0.001666667, ,,
2548,0.001,0.002,0.001,0.001333333, ,0.002,0.001,0.001,0.001333333, ,,
2549,0.002,0.001,0.002,0.001666667, ,0.002,0.002,0.002,0.002, ,,
2550,0.001,0.001,0.001,0.001, ,0.002,0.001,0.001,0.001333333, ,,
2551,0.002,0.002,0.002,0.002, ,0.002,0.001,0.002,0.001666667, ,,
2552,0.001,0.001,0.001,0.001, ,0.001,0.001,0.001,0.001, ,,
2553,0.002,0.002,0.002,0.002, ,0.002,0.001,0.002,0.001666667, ,,
2554,0.001,0.001,0.001,0.001, ,0.001,0.002,0.001,0.001333333, ,,
2555,0.001,0.001,0.002,0.001333333, ,0.001,0.001,0.002,0.001333333, ,,
2556,0.002,0.002,0.001,0.001666667, ,0.002,0.001,0.001,0.001333333, ,,
2557,0.001,0.001,0.001,0.001, ,0.001,0.001,0.001,0.001, ,,
2558,0.001,0.002,0.002,0.001666667, ,0.001,0.001,0.001,0.001, ,,
2559,0.002,0.001,0.001,0.001333333, ,0.001,0,0.001,0.000666667, ,,
2560,0.002,0.001,0.002,0.001666667, ,0.001,0.001,0.002,0.001333333, ,,
2561,0.001,0.002,0.001,0.001333333, ,0.001,0.002,0.001,0.001333333, ,,
2562,0.001,0.001,0.002,0.001333333, ,0.002,0.001,0.001,0.001333333, ,,
2563,0.002,0.002,0.001,0.001666667, ,0.001,0.001,0.002,0.001333333, ,,
2564,0.001,0.001,0.002,0.001333333, ,0.001,0.001,0.001,0.001, ,,
2565,0.002,0.001,0.001,0.001333333, ,0.002,0.001,0.002,0.001666667, ,,
2566,0.001,0.002,0.002,0.001666667, ,0.001,0.001,0.002,0.001333333, ,,
2567,0.001,0.001,0.001,0.001, ,0.002,0.002,0.002,0.002, ,,
2568,0.002,0.002,0.002,0.002, ,0.001,0.001,0.001,0.001, ,,
2569,0.001,0.001,0.001,0.001, ,0.002,0.001,0.002,0.001666667, ,,
2570,0.002,0.002,0.002,0.002, ,0.001,0.001,0.001,0.001, ,,
2571,0.001,0.001,0.001,0.001, ,0.001,0.001,0.001,0.001, ,,
2572,0.002,0.001,0.002,0.001666667, ,0.002,0.001,0.002,0.001666667, ,,
2573,0.001,0.002,0.001,0.001333333, ,0.001,0.001,0.001,0.001, ,,
2574,0.002,0.001,0.002,0.001666667, ,0.001,0.001,0.001,0.001, ,,
2575,0.001,0.002,0.001,0.001333333, ,0.001,0.001,0.001,0.001, ,,
2576,0.001,0.001,0.002,0.001333333, ,0.002,0.001,0.002,0.001666667, ,,
2577,0.002,0.001,0.001,0.001333333, ,0.001,0.002,0.001,0.001333333, ,,
2578,0.001,0.002,0.002,0.001666667, ,0.002,0.001,0.002,0.001666667, ,,
2579,0.002,0.001,0.001,0.001333333, ,0.002,0.001,0.002,0.001666667, ,,
2580,0.001,0.002,0.002,0.001666667, ,0.001,0.001,0.002,0.001333333, ,,
2581,0.002,0.001,0.001,0.001333333, ,0.002,0.001,0.001,0.001333333, ,,
2582,0.002,0.002,0.002,0.002, ,0.001,0.001,0.001,0.001, ,,
2583,0.001,0.001,0.001,0.001, ,0.002,0.002,0.002,0.002, ,,
2584,0.001,0.002,0.001,0.001333333, ,0.001,0.001,0.001,0.001, ,,
2585,0.002,0.001,0.002,0.001666667, ,0.002,0.001,0.002,0.001666667, ,,
2586,0.001,0.004,0.001,0.002, ,0.001,0.001,0.002,0.001333333, ,,
2587,0.002,0.002,0.002,0.002, ,0.001,0.002,0.002,0.001666667, ,,
2588,0.001,0.001,0.001,0.001, ,0.002,0.001,0.002,0.001666667, ,,
2589,0.002,0.002,0.002,0.002, ,0.001,0.001,0.001,0.001, ,,
2590,0.001,0.002,0.001,0.001333333, ,0.002,0.001,0.002,0.001666667, ,,
2591,0.002,0.001,0.002,0.001666667, ,0.001,0.001,0.001,0.001, ,,
2592,0.001,0.001,0.001,0.001, ,0.001,0.001,0.001,0.001, ,,
2593,0.002,0.002,0.002,0.002, ,0.002,0.002,0.002,0.002, ,,
2594,0.001,0.001,0.002,0.001333333, ,0.001,0.001,0.001,0.001, ,,
2595,0.002,0.002,0.001,0.001666667, ,0.002,0.001,0.002,0.001666667, ,,
2596,0.001,0.001,0.002,0.001333333, ,0.001,0.002,0.001,0.001333333, ,,
2597,0.001,0.002,0.001,0.001333333, ,0.002,0.001,0.002,0.001666667, ,,
2598,0.002,0.001,0.002,0.001666667, ,0.002,0.001,0.002,0.001666667, ,,
2599,0.001,0.002,0.001,0.001333333, ,0.002,0.002,0.001,0.001666667, ,,
2600,0.002,0.001,0.002,0.001666667, ,0.001,0.001,0.002,0.001333333, ,,
2601,0.001,0.002,0.001,0.001333333, ,0.002,0.001,0.002,0.001666667, ,,
2602,0.002,0.001,0.002,0.001666667, ,0.001,0.002,0.001,0.001333333, ,,
2603,0.001,0.002,0.001,0.001333333, ,0.002,0.001,0.001,0.001333333, ,,
2604,0.002,0.001,0.002,0.001666667, ,0.002,0.001,0.002,0.001666667, ,,
2605,0.001,0.002,0.001,0.001333333, ,0.001,0.001,0.001,0.001, ,,
2606,0.002,0.001,0.002,0.001666667, ,0.001,0.001,0.001,0.001, ,,
2607,0.001,0.002,0.002,0.001666667, ,0.001,0.001,0.001,0.001, ,,
2608,0.002,0.001,0.001,0.001333333, ,0.002,0.001,0.002,0.001666667, ,,
2609,0.001,0.001,0.002,0.001333333, ,0.002,0.002,0.001,0.001666667, ,,
2610,0.002,0.002,0.001,0.001666667, ,0.001,0.001,0.001,0.001, ,,
2611,0.001,0.001,0.002,0.001333333, ,0.002,0.001,0.001,0.001333333, ,,
2612,0.002,0.002,0.001,0.001666667, ,0.001,0.001,0.001,0.001, ,,
2613,0.001,0.001,0.002,0.001333333, ,0.003,0.001,0.002,0.002, ,,
2614,0.002,0.002,0.001,0.001666667, ,0.005,0.002,0.001,0.002666667, ,,
2615,0.001,0.001,0.002,0.001333333, ,0.003,0.001,0.002,0.002, ,,
2616,0.002,0.002,0.001,0.001666667, ,0.003,0.001,0.001,0.001666667, ,,
2617,0.001,0.001,0.002,0.001333333, ,0.002,0.001,0.001,0.001333333, ,,
2618,0.002,0.002,0.001,0.001666667, ,0.002,0.001,0.002,0.001666667, ,,
2619,0.001,0.001,0.002,0.001333333, ,0.002,0.002,0.001,0.001666667, ,,
2620,0.002,0.002,0.002,0.002, ,0.001,0.001,0.001,0.001, ,,
2621,0.001,0.001,0.001,0.001, ,0.002,0.001,0.001,0.001333333, ,,
2622,0.002,0.002,0.002,0.002, ,0.001,0.001,0.002,0.001333333, ,,
2623,0.002,0.001,0.001,0.001333333, ,0.001,0.001,0.001,0.001, ,,
2624,0.001,0.002,0.002,0.001666667, ,0.002,0.001,0.001,0.001333333, ,,
2625,0.002,0.001,0.002,0.001666667, ,0.003,0.002,0.002,0.002333333, ,,
2626,0.001,0.002,0.002,0.001666667, ,0.001,0.001,0.001,0.001, ,,
2627,0.002,0.001,0.002,0.001666667, ,0.002,0.002,0.001,0.001666667, ,,
2628,0.004,0.002,0.001,0.002333333, ,0.002,0.001,0.002,0.001666667, ,,
2629,0.002,0.001,0.002,0.001666667, ,0.002,0.002,0.002,0.002, ,,
2630,0.001,0.002,0.002,0.001666667, ,0.003,0.001,0.002,0.002, ,,
2631,0.002,0.001,0.001,0.001333333, ,0.002,0.002,0.002,0.002, ,,
2632,0.001,0.002,0.002,0.001666667, ,0.002,0.002,0.002,0.002, ,,
2633,0.002,0.001,0.001,0.001333333, ,0.002,0.001,0.002,0.001666667, ,,
2634,0.001,0.002,0.002,0.001666667, ,0.002,0.002,0.001,0.001666667, ,,
2635,0.002,0.001,0.001,0.001333333, ,0.002,0.001,0.002,0.001666667, ,,
2636,0.001,0.002,0.002,0.001666667, ,0.002,0.002,0.002,0.002, ,,
2637,0.002,0.001,0.001,0.001333333, ,0.002,0.001,0.001,0.001333333, ,,
2638,0.001,0.002,0.002,0.001666667, ,0.002,0.001,0.002,0.001666667, ,,
2639,0.002,0.001,0.001,0.001333333, ,0.002,0.002,0.001,0.001666667, ,,
2640,0.001,0.002,0.002,0.001666667, ,0.002,0.001,0.002,0.001666667, ,,
2641,0.002,0.001,0.002,0.001666667, ,0.002,0.002,0.002,0.002, ,,
2642,0.001,0.002,0.001,0.001333333, ,0.002,0.001,0.001,0.001333333, ,,
2643,0.002,0.001,0.002,0.001666667, ,0.001,0.002,0.002,0.001666667, ,,
2644,0.001,0.002,0.001,0.001333333, ,0.002,0.001,0.001,0.001333333, ,,
2645,0.002,0.001,0.002,0.001666667, ,0.002,0.002,0.001,0.001666667, ,,
2646,0.001,0.001,0.003,0.001666667, ,0.001,0.001,0.002,0.001333333, ,,
2647,0.002,0.002,0.002,0.002, ,0.002,0.002,0.001,0.001666667, ,,
2648,0.001,0.001,0.001,0.001, ,0.001,0.001,0.001,0.001, ,,
2649,0.001,0.002,0.002,0.001666667, ,0.002,0.002,0.002,0.002, ,,
2650,0.002,0.001,0.001,0.001333333, ,0.001,0.001,0.001,0.001, ,,
2651,0.001,0.002,0.002,0.001666667, ,0.002,0.001,0.002,0.001666667, ,,
2652,0.002,0.001,0.001,0.001333333, ,0.001,0.002,0.001,0.001333333, ,,
2653,0.001,0.002,0.002,0.001666667, ,0.002,0.001,0.001,0.001333333, ,,
2654,0.002,0.001,0.001,0.001333333, ,0.001,0.001,0.001,0.001, ,,
2655,0.001,0.001,0.002,0.001333333, ,0.002,0.001,0.002,0.001666667, ,,
2656,0.002,0.002,0.001,0.001666667, ,0.001,0.001,0.001,0.001, ,,
2657,0.001,0.001,0.002,0.001333333, ,0.001,0.001,0.001,0.001, ,,
2658,0.001,0.002,0.001,0.001333333, ,0.002,0.001,0.001,0.001333333, ,,
2659,0.002,0.001,0.002,0.001666667, ,0.001,0.001,0.001,0.001, ,,
2660,0.001,0.002,0.001,0.001333333, ,0.001,0.001,0.001,0.001, ,,
2661,0.002,0.001,0.002,0.001666667, ,0.002,0.001,0.001,0.001333333, ,,
2662,0.001,0.001,0.001,0.001, ,0.001,0.001,0.002,0.001333333, ,,
2663,0.002,0.002,0.001,0.001666667, ,0.002,0.001,0.001,0.001333333, ,,
2664,0.001,0.002,0.002,0.001666667, ,0.002,0.001,0.001,0.001333333, ,,
2665,0.002,0.001,0.001,0.001333333, ,0.001,0.001,0.001,0.001, ,,
2666,0.001,0.002,0.002,0.001666667, ,0.001,0.001,0.001,0.001, ,,
2667,0.001,0.002,0.001,0.001333333, ,0.001,0.001,0.001,0.001, ,,
2668,0.002,0.001,0.002,0.001666667, ,0.001,0.001,0.001,0.001, ,,
2669,0.001,0.001,0.001,0.001, ,0.001,0.001,0.001,0.001, ,,
2670,0.002,0.002,0.002,0.002, ,0.001,0,0,0.000333333, ,,
2671,0.001,0.001,0.001,0.001, ,0.001,0.001,0.001,0.001, ,,
2672,0.001,0.002,0.001,0.001333333, ,0.002,0.001,0.001,0.001333333, ,,
2673,0.002,0.001,0.002,0.001666667, ,0.001,0.001,0.001,0.001, ,,
2674,0.001,0.001,0.001,0.001, ,0.001,0,0.001,0.000666667, ,,
2675,0.002,0.002,0.002,0.002, ,0.001,0.001,0.001,0.001, ,,
2676,0.001,0.001,0.001,0.001, ,0.001,0.001,0.001,0.001, ,,
2677,0.002,0.002,0.002,0.002, ,0.001,0.001,0.001,0.001, ,,
2678,0.001,0.001,0.001,0.001, ,0.002,0.001,0.001,0.001333333, ,,
2679,0.002,0.002,0.001,0.001666667, ,0.001,0.001,0.001,0.001, ,,
2680,0.001,0.001,0.002,0.001333333, ,0.001,0.001,0.001,0.001, ,,
2681,0.002,0.002,0.001,0.001666667, ,0.001,0.001,0.001,0.001, ,,
2682,0.001,0.001,0.002,0.001333333, ,0.001,0.001,0.001,0.001, ,,
2683,0.001,0.001,0.001,0.001, ,0.002,0.001,0.002,0.001666667, ,,
2684,0.002,0.002,0.002,0.002, ,0.001,0,0.001,0.000666667, ,,
2685,0.002,0.002,0.001,0.001666667, ,0.001,0.001,0,0.000666667, ,,
2686,0.001,0.001,0.001,0.001, ,0,0.001,0.001,0.000666667, ,,
2687,0.002,0.002,0.002,0.002, ,0,0,0,0, ,,
2688,0.001,0.002,0.001,0.001333333, ,0.001,0.001,0.001,0.001, ,,
2689,0.002,0.004,0.002,0.002666667, ,0.001,0,0.001,0.000666667, ,,
2690,0.001,0.002,0.001,0.001333333, ,0.001,0.001,0,0.000666667, ,,
2691,0.001,0.002,0.002,0.001666667, ,0.001,0.001,0.001,0.001, ,,
2692,0.002,0.001,0.001,0.001333333, ,0,0,0,0, ,,
2693,0.001,0.002,0.002,0.001666667, ,0.002,0.001,0.001,0.001333333, ,,
2694,0.002,0.002,0.001,0.001666667, ,0.001,0.001,0.001,0.001, ,,
2695,0.001,0.002,0.001,0.001333333, ,0.001,0.001,0.001,0.001, ,,
2696,0.002,0.002,0.002,0.002, ,0.001,0.001,0.001,0.001, ,,
2697,0.001,0.002,0.001,0.001333333, ,0,0,0.001,0.000333333, ,,
2698,0.002,0.001,0.002,0.001666667, ,0.001,0.001,0,0.000666667, ,,
2699,0.001,0.002,0.001,0.001333333, ,0.001,0,0.001,0.000666667, ,,
2700,0.002,0.002,0.002,0.002, ,0.001,0.001,0.001,0.001, ,,
2701,0.001,0.002,0.001,0.001333333, ,0,0,0,0, ,,
2702,0.002,0.002,0.002,0.002, ,0.001,0.001,0.001,0.001, ,,
2703,0.001,0.002,0.001,0.001333333, ,0.001,0,0.001,0.000666667, ,,
2704,0.002,0.002,0.001,0.001666667, ,0.001,0.001,0,0.000666667, ,,
2705,0.001,0.002,0.002,0.001666667, ,0.001,0.001,0.001,0.001, ,,
2706,0.002,0.001,0.001,0.001333333, ,0.001,0,0.001,0.000666667, ,,
2707,0.001,0.002,0.002,0.001666667, ,0,0.001,0,0.000333333, ,,
2708,0.002,0.002,0.001,0.001666667, ,0.001,0.001,0.001,0.001, ,,
2709,0.001,0.001,0.002,0.001333333, ,0.001,0,0.001,0.000666667, ,,
2710,0.002,0.003,0.001,0.002, ,0.001,0.001,0.001,0.001, ,,
2711,0.001,0.002,0.002,0.001666667, ,0.001,0,0,0.000333333, ,,
2712,0.002,0.002,0.001,0.001666667, ,0.001,0.001,0.001,0.001, ,,
2713,0.001,0.001,0.002,0.001333333, ,0,0.001,0.001,0.000666667, ,,
2714,0.002,0.002,0.001,0.001666667, ,0.001,0,0,0.000333333, ,,
2715,0.001,0.002,0.001,0.001333333, ,0.001,0.001,0.001,0.001, ,,
2716,0.002,0.002,0.002,0.002, ,0.001,0,0.001,0.000666667, ,,
2717,0.002,0.002,0.001,0.001666667, ,0.001,0.001,0,0.000666667, ,,
2718,0.001,0.001,0.002,0.001333333, ,0,0,0.001,0.000333333, ,,
2719,0.002,0.002,0.001,0.001666667, ,0.001,0.001,0,0.000666667, ,,
2720,0.001,0.001,0.001,0.001, ,0.001,0,0.001,0.000666667, ,,
2721,0.002,0.002,0.002,0.002, ,0.001,0.001,0.001,0.001, ,,
2722,0.001,0.001,0.001,0.001, ,0,0.001,0,0.000333333, ,,
2723,0.002,0.002,0.002,0.002, ,0.001,0,0.001,0.000666667, ,,
2724,0.001,0.001,0.001,0.001, ,0.001,0.001,0.001,0.001, ,,
2725,0.002,0.002,0.002,0.002, ,0.001,0.001,0.001,0.001, ,,
2726,0.001,0.001,0.001,0.001, ,0.001,0,0.001,0.000666667, ,,
2727,0.002,0.002,0.002,0.002, ,0.002,0.001,0.001,0.001333333, ,,
2728,0.001,0.001,0.001,0.001, ,0.001,0.001,0,0.000666667, ,,
2729,0.001,0.002,0.001,0.001333333, ,0.001,0.001,0.001,0.001, ,,
2730,0.002,0.001,0.002,0.001666667, ,0,0,0.001,0.000333333, ,,
2731,0.004,0.002,0.001,0.002333333, ,0.001,0.001,0,0.000666667, ,,
2732,0.002,0.001,0.002,0.001666667, ,0.001,0,0.001,0.000666667, ,,
2733,0.001,0.002,0.001,0.001333333, ,0.001,0.001,0.001,0.001, ,,
2734,0.002,0.001,0.002,0.001666667, ,0,0,0,0, ,,
2735,0.001,0.001,0.001,0.001, ,0.001,0.001,0.001,0.001, ,,
2736,0.002,0.002,0.001,0.001666667, ,0.001,0.001,0.001,0.001, ,,
2737,0.001,0.001,0.002,0.001333333, ,0,0,0,0, ,,
2738,0.001,0.002,0.001,0.001333333, ,0.001,0.001,0.001,0.001, ,,
2739,0.002,0.001,0.002,0.001666667, ,0.001,0.001,0,0.000666667, ,,
2740,0.001,0.001,0.001,0.001, ,0.001,0,0.001,0.000666667, ,,
2741,0.002,0.002,0.001,0.001666667, ,0.001,0.001,0.001,0.001, ,,
2742,0.001,0.001,0.002,0.001333333, ,0.001,0.001,0.001,0.001, ,,
2743,0.002,0.002,0.001,0.001666667, ,0.001,0.001,0.001,0.001, ,,
2744,0.001,0.001,0.002,0.001333333, ,0,0,0,0, ,,
2745,0.002,0.002,0.001,0.001666667, ,0.001,0.001,0.001,0.001, ,,
2746,0.001,0.001,0.001,0.001, ,0.001,0,0.001,0.000666667, ,,
2747,0.002,0.001,0.002,0.001666667, ,0.001,0.001,0,0.000666667, ,,
2748,0.001,0.002,0.001,0.001333333, ,0,0,0.001,0.000333333, ,,
2749,0.001,0.001,0.004,0.002, ,0.001,0.001,0,0.000666667, ,,
2750,0.002,0.002,0.002,0.002, ,0,0,0.001,0.000333333, ,,
2751,0.001,0.001,0.001,0.001, ,0.001,0.001,0,0.000666667, ,,
2752,0.002,0.002,0.002,0.002, ,0,0,0.001,0.000333333, ,,
2753,0.001,0.001,0.001,0.001, ,0.001,0.001,0.001,0.001, ,,
2754,0.001,0.002,0.002,0.001666667, ,0.001,0,0.001,0.000666667, ,,
2755,0.002,0.001,0.001,0.001333333, ,0,0.001,0.001,0.000666667, ,,
2756,0.001,0.001,0.001,0.001, ,0.001,0,0,0.000333333, ,,
2757,0.002,0.002,0.002,0.002, ,0.001,0.001,0.001,0.001, ,,
2758,0.001,0.001,0.001,0.001, ,0.001,0.001,0.002,0.001333333, ,,
2759,0.002,0.002,0.002,0.002, ,0.001,0.001,0,0.000666667, ,,
2760,0.001,0.001,0.001,0.001, ,0.001,0.001,0.001,0.001, ,,
2761,0.002,0.002,0.001,0.001666667, ,0.001,0,0.001,0.000666667, ,,
2762,0.001,0.001,0.002,0.001333333, ,0.001,0.001,0,0.000666667, ,,
2763,0.002,0.001,0.001,0.001333333, ,0.001,0,0.001,0.000666667, ,,
2764,0.001,0.002,0.002,0.001666667, ,0.002,0.001,0.001,0.001333333, ,,
2765,0.002,0.001,0.002,0.001666667, ,0,0,0.001,0.000333333, ,,
2766,0.001,0.002,0.002,0.001666667, ,0.001,0.001,0,0.000666667, ,,
2767,0.002,0.001,0.002,0.001666667, ,0,0,0.001,0.000333333, ,,
2768,0.001,0.002,0.001,0.001333333, ,0.001,0.001,0.002,0.001333333, ,,
2769,0.002,0.001,0.001,0.001333333, ,0.001,0,0.001,0.000666667, ,,
2770,0.001,0.002,0.002,0.001666667, ,0.001,0.001,0,0.000666667, ,,
2771,0.002,0.001,0.001,0.001333333, ,0,0,0.001,0.000333333, ,,
2772,0.001,0.001,0.002,0.001333333, ,0.001,0.001,0.001,0.001, ,,
2773,0.002,0.002,0.001,0.001666667, ,0.001,0,0,0.000333333, ,,
2774,0.001,0.001,0.002,0.001333333, ,0.001,0.001,0.001,0.001, ,,
2775,0.002,0.002,0.001,0.001666667, ,0,0,0,0, ,,
2776,0.001,0.001,0.002,0.001333333, ,0.001,0,0.001,0.000666667, ,,
2777,0.002,0.001,0.001,0.001333333, ,0.001,0.001,0.001,0.001, ,,
2778,0.001,0.002,0.001,0.001333333, ,0,0,0.001,0.000333333, ,,
2779,0.001,0.001,0.002,0.001333333, ,0.001,0.001,0.001,0.001, ,,
2780,0.002,0.002,0.001,0.001666667, ,0.001,0,0,0.000333333, ,,
2781,0.001,0.001,0.002,0.001333333, ,0.001,0.001,0.001,0.001, ,,
2782,0.002,0.002,0.001,0.001666667, ,0,0,0,0, ,,
2783,0.001,0.001,0.002,0.001333333, ,0.001,0.001,0.001,0.001, ,,
2784,0.002,0.002,0.001,0.001666667, ,0,0,0,0, ,,
2785,0.001,0.001,0.002,0.001333333, ,0.001,0.001,0.001,0.001, ,,
2786,0.001,0.002,0.001,0.001333333, ,0.001,0,0.001,0.000666667, ,,
2787,0.002,0.001,0.001,0.001333333, ,0,0.001,0.001,0.000666667, ,,
2788,0.001,0.001,0.002,0.001333333, ,0.001,0,0.001,0.000666667, ,,
2789,0.002,0.002,0.001,0.001666667, ,0.001,0.001,0.001,0.001, ,,
2790,0.001,0.001,0.002,0.001333333, ,0.001,0.001,0.001,0.001, ,,
2791,0.002,0.002,0.001,0.001666667, ,0.001,0.001,0.001,0.001, ,,
2792,0.001,0.004,0.002,0.002333333, ,0.001,0,0.001,0.000666667, ,,
2793,0.002,0.001,0.001,0.001333333, ,0.001,0.001,0.001,0.001, ,,
2794,0.001,0.002,0.001,0.001333333, ,0,0,0,0, ,,
2795,0.001,0.001,0.002,0.001333333, ,0.001,0.001,0.001,0.001, ,,
2796,0.002,0.001,0.002,0.001666667, ,0.001,0,0.001,0.000666667, ,,
2797,0.002,0.002,0.001,0.001666667, ,0,0.001,0,0.000333333, ,,
2798,0.001,0.001,0.001,0.001, ,0.001,0,0.001,0.000666667, ,,
2799,0.001,0.002,0.002,0.001666667, ,0,0.001,0,0.000333333, ,,
2800,0.002,0.001,0.001,0.001333333, ,0.001,0,0.001,0.000666667, ,,
2801,0.001,0.002,0.002,0.001666667, ,0.001,0.001,0.001,0.001, ,,
2802,0.002,0.001,0.001,0.001333333, ,0.001,0,0,0.000333333, ,,
2803,0.001,0.002,0.002,0.001666667, ,0,0.001,0.001,0.000666667, ,,
2804,0.002,0.001,0.001,0.001333333, ,0.001,0.001,0.001,0.001, ,,
2805,0.001,0.002,0.001,0.001333333, ,0.001,0,0.001,0.000666667, ,,
2806,0.002,0.001,0.002,0.001666667, ,0.001,0.001,0.001,0.001, ,,
2807,0.001,0.002,0.002,0.001666667, ,0.001,0.001,0.001,0.001, ,,
2808,0.002,0.001,0.001,0.001333333, ,0,0,0.001,0.000333333, ,,
2809,0.001,0.001,0.002,0.001333333, ,0.001,0.001,0,0.000666667, ,,
2810,0.001,0.002,0.001,0.001333333, ,0.001,0,0.001,0.000666667, ,,
2811,0.002,0.001,0.001,0.001333333, ,0.001,0.001,0.001,0.001, ,,
2812,0.001,0.002,0.002,0.001666667, ,0,0,0.001,0.000333333, ,,
2813,0.002,0.001,0.001,0.001333333, ,0.001,0.001,0,0.000666667, ,,
2814,0.001,0.002,0.002,0.001666667, ,0,0,0,0, ,,
2815,0.002,0.001,0.001,0.001333333, ,0.001,0.001,0.001,0.001, ,,
2816,0.001,0.002,0.002,0.001666667, ,0.001,0,0.001,0.000666667, ,,
2817,0.001,0.001,0.001,0.001, ,0.001,0.001,0,0.000666667, ,,
2818,0.002,0.001,0.002,0.001666667, ,0.001,0,0.001,0.000666667, ,,
2819,0.001,0.002,0.001,0.001333333, ,0.001,0.001,0.001,0.001, ,,
2820,0.002,0.001,0.002,0.001666667, ,0.001,0.001,0,0.000666667, ,,
2821,0.001,0.002,0.001,0.001333333, ,0.001,0,0.001,0.000666667, ,,
2822,0.002,0.001,0.001,0.001333333, ,0.002,0.001,0.001,0.001333333, ,,
2823,0.001,0.001,0.002,0.001333333, ,0.001,0.001,0.001,0.001, ,,
2824,0.002,0.002,0.001,0.001666667, ,0.001,0.001,0.001,0.001, ,,
2825,0.001,0.001,0.002,0.001333333, ,0.001,0.001,0.001,0.001, ,,
2826,0.002,0.002,0.001,0.001666667, ,0,0,0.001,0.000333333, ,,
2827,0.001,0.001,0.002,0.001333333, ,0.001,0.001,0,0.000666667, ,,
2828,0.002,0.001,0.001,0.001333333, ,0.001,0,0.001,0.000666667, ,,
2829,0.001,0.002,0.002,0.001666667, ,0.001,0.001,0.001,0.001, ,,
2830,0.002,0.001,0.001,0.001333333, ,0.001,0,0,0.000333333, ,,
2831,0.001,0.002,0.001,0.001333333, ,0,0.001,0.001,0.000666667, ,,
2832,0.001,0.001,0.002,0.001333333, ,0.001,0.001,0.001,0.001, ,,
2833,0.002,0.002,0.001,0.001666667, ,0.001,0.001,0,0.000666667, ,,
2834,0.004,0.001,0.002,0.002333333, ,0.001,0,0.001,0.000666667, ,,
2835,0.001,0.002,0.001,0.001333333, ,0.001,0.001,0.001,0.001, ,,
2836,0.002,0.001,0.001,0.001333333, ,0,0,0,0, ,,
2837,0.001,0.001,0.002,0.001333333, ,0.001,0.001,0.001,0.001, ,,
2838,0.002,0.002,0.001,0.001666667, ,0.001,0.001,0.001,0.001, ,,
2839,0.001,0.001,0.002,0.001333333, ,0.001,0,0.001,0.000666667, ,,
2840,0.001,0.002,0.001,0.001333333, ,0.001,0.001,0,0.000666667, ,,
2841,0.002,0.001,0.002,0.001666667, ,0.001,0.001,0.001,0.001, ,,
2842,0.001,0.001,0.001,0.001, ,0,0,0.001,0.000333333, ,,
2843,0.002,0.002,0.001,0.001666667, ,0.001,0.001,0,0.000666667, ,,
2844,0.001,0.002,0.002,0.001666667, ,0.001,0.001,0.001,0.001, ,,
2845,0.002,0.002,0.001,0.001666667, ,0.001,0,0.001,0.000666667, ,,
2846,0.001,0.001,0.002,0.001333333, ,0,0.001,0,0.000333333, ,,
2847,0.002,0.002,0.001,0.001666667, ,0.001,0,0.001,0.000666667, ,,
2848,0.001,0.001,0.002,0.001333333, ,0.001,0.001,0,0.000666667, ,,
2849,0.001,0.002,0.001,0.001333333, ,0.001,0,0.001,0.000666667, ,,
2850,0.002,0.001,0.002,0.001666667, ,0,0.001,0.001,0.000666667, ,,
2851,0.001,0.002,0.001,0.001333333, ,0.001,0.001,0.001,0.001, ,,
2852,0.002,0.001,0.004,0.002333333, ,0.001,0,0.001,0.000666667, ,,
2853,0.001,0.002,0.001,0.001333333, ,0.001,0.001,0,0.000666667, ,,
2854,0.002,0.001,0.002,0.001666667, ,0.001,0.001,0.001,0.001, ,,
2855,0.001,0.002,0.001,0.001333333, ,0.001,0.001,0.001,0.001, ,,
2856,0.001,0.001,0.002,0.001333333, ,0.001,0,0.001,0.000666667, ,,
2857,0.002,0.002,0.001,0.001666667, ,0.001,0.001,0.001,0.001, ,,
2858,0.001,0.001,0.001,0.001, ,0.001,0.001,0.001,0.001, ,,
2859,0.002,0.001,0.002,0.001666667, ,0.001,0,0,0.000333333, ,,
2860,0.001,0.002,0.001,0.001333333, ,0.001,0.001,0.001,0.001, ,,
2861,0.002,0.001,0.002,0.001666667, ,0.001,0.001,0.001,0.001, ,,
2862,0.001,0.002,0.001,0.001333333, ,0,0,0,0, ,,
2863,0.001,0.001,0.002,0.001333333, ,0.001,0,0.001,0.000666667, ,,
2864,0.002,0.001,0.001,0.001333333, ,0.001,0.001,0.001,0.001, ,,
2865,0.001,0.002,0.002,0.001666667, ,0,0.001,0,0.000333333, ,,
2866,0.002,0.002,0.001,0.001666667, ,0.001,0,0.001,0.000666667, ,,
2867,0.001,0.001,0.001,0.001, ,0.001,0.001,0,0.000666667, ,,
2868,0.002,0.001,0.002,0.001666667, ,0.001,0.001,0.001,0.001, ,,
2869,0.001,0.002,0.001,0.001333333, ,0.001,0,0.001,0.000666667, ,,
2870,0.001,0.001,0.002,0.001333333, ,0.001,0.001,0.001,0.001, ,,
2871,0.002,0.002,0.001,0.001666667, ,0,0.001,0,0.000333333, ,,
2872,0.001,0.001,0.001,0.001, ,0.001,0,0.001,0.000666667, ,,
2873,0.002,0.001,0.002,0.001666667, ,0.001,0.001,0.001,0.001, ,,
2874,0.001,0.002,0.001,0.001333333, ,0,0,0,0, ,,
2875,0.002,0.001,0.002,0.001666667, ,0.001,0.001,0.001,0.001, ,,
2876,0.001,0.002,0.001,0.001333333, ,0.001,0,0,0.000333333, ,,
2877,0.001,0.001,0.002,0.001333333, ,0,0,0.001,0.000333333, ,,
2878,0.002,0.002,0.001,0.001666667, ,0.001,0.001,0,0.000666667, ,,
2879,0.001,0.001,0.001,0.001, ,0,0,0,0, ,,
2880,0.002,0.001,0.002,0.001666667, ,0.001,0.001,0.001,0.001, ,,
2881,0.001,0.002,0.001,0.001333333, ,0.001,0,0.001,0.000666667, ,,
2882,0.002,0.001,0.002,0.001666667, ,0.001,0.001,0,0.000666667, ,,
2883,0.001,0.002,0.001,0.001333333, ,0,0,0.001,0.000333333, ,,
2884,0.001,0.001,0.001,0.001, ,0.001,0.001,0,0.000666667, ,,
2885,0.002,0.001,0.002,0.001666667, ,0.001,0.001,0.001,0.001, ,,
2886,0.001,0.002,0.001,0.001333333, ,0.001,0.001,0.001,0.001, ,,
2887,0.002,0.001,0.002,0.001666667, ,0.001,0,0.001,0.000666667, ,,
2888,0.001,0.002,0.001,0.001333333, ,0.001,0.001,0.001,0.001, ,,
2889,0.002,0.001,0.002,0.001666667, ,0.001,0.001,0,0.000666667, ,,
2890,0.001,0.002,0.001,0.001333333, ,0.001,0,0.001,0.000666667, ,,
2891,0.001,0.001,0.001,0.001, ,0.001,0.001,0.001,0.001, ,,
2892,0.002,0.002,0.002,0.002, ,0,0,0,0, ,,
2893,0.001,0.001,0.001,0.001, ,0.001,0.001,0.001,0.001, ,,
2894,0.002,0.001,0.002,0.001666667, ,0.001,0.001,0,0.000666667, ,,
2895,0.001,0.005,0.001,0.002333333, ,0,0,0.002,0.000666667, ,,
2896,0.002,0.002,0.002,0.002, ,0.001,0.001,0.001,0.001, ,,
2897,0.001,0.001,0.001,0.001, ,0.001,0,0.001,0.000666667, ,,
2898,0.002,0.002,0.001,0.001666667, ,0.001,0.001,0.001,0.001, ,,
2899,0.001,0.002,0.002,0.001666667, ,0,0.001,0,0.000333333, ,,
2900,0.001,0.001,0.001,0.001, ,0.001,0,0.001,0.000666667, ,,
2901,0.002,0.001,0.002,0.001666667, ,0,0.001,0.001,0.000666667, ,,
2902,0.001,0.002,0.001,0.001333333, ,0.001,0,0,0.000333333, ,,
2903,0.002,0.001,0.002,0.001666667, ,0.001,0.001,0.001,0.001, ,,
2904,0.002,0.002,0.001,0.001666667, ,0,0,0.001,0.000333333, ,,
2905,0.002,0.001,0.002,0.001666667, ,0.001,0.001,0,0.000666667, ,,
2906,0.002,0.002,0.001,0.001666667, ,0.001,0,0.001,0.000666667, ,,
2907,0.001,0.001,0.001,0.001, ,0.001,0.001,0.001,0.001, ,,
2908,0.001,0.002,0.002,0.001666667, ,0,0.001,0.001,0.000666667, ,,
2909,0.002,0.001,0.001,0.001333333, ,0.001,0,0,0.000333333, ,,
2910,0.001,0.002,0.002,0.001666667, ,0,0,0,0, ,,
2911,0.002,0.001,0.001,0.001333333, ,0.001,0.001,0.001,0.001, ,,
2912,0.001,0.002,0.001,0.001333333, ,0.001,0,0.001,0.000666667, ,,
2913,0.002,0.001,0.002,0.001666667, ,0.001,0.001,0,0.000666667, ,,
2914,0.001,0.002,0.001,0.001333333, ,0,0,0.001,0.000333333, ,,
2915,0.002,0.002,0.002,0.002, ,0.001,0.001,0,0.000666667, ,,
2916,0.001,0.001,0.001,0.001, ,0,0.001,0.001,0.000666667, ,,
2917,0.002,0.002,0.002,0.002, ,0.001,0,0.001,0.000666667, ,,
2918,0.001,0.001,0.001,0.001, ,0.001,0.001,0.001,0.001, ,,
2919,0.002,0.002,0.002,0.002, ,0.001,0.001,0.001,0.001, ,,
2920,0.001,0.001,0.001,0.001, ,0.001,0.001,0.001,0.001, ,,
2921,0.001,0.001,0.001,0.001, ,0.001,0,0.001,0.000666667, ,,
2922,0.002,0.002,0.002,0.002, ,0.001,0.001,0.001,0.001, ,,
2923,0.001,0.001,0.001,0.001, ,0.001,0,0.001,0.000666667, ,,
2924,0.002,0.002,0.002,0.002, ,0.001,0.001,0,0.000666667, ,,
2925,0.002,0.001,0.001,0.001333333, ,0,0.001,0.001,0.000666667, ,,
2926,0.001,0.002,0.002,0.001666667, ,0.001,0,0.001,0.000666667, ,,
2927,0.002,0.001,0.001,0.001333333, ,0,0,0,0, ,,
2928,0.001,0.001,0.001,0.001, ,0.001,0.001,0.001,0.001, ,,
2929,0.002,0.002,0.002,0.002, ,0.001,0.001,0.001,0.001, ,,
2930,0.001,0.001,0.001,0.001, ,0.001,0,0.001,0.000666667, ,,
2931,0.001,0.002,0.002,0.001666667, ,0.001,0.001,0,0.000666667, ,,
2932,0.002,0.001,0.001,0.001333333, ,0,0,0.001,0.000333333, ,,
2933,0.001,0.001,0.001,0.001, ,0.001,0.001,0.001,0.001, ,,
2934,0.002,0.002,0.002,0.002, ,0.001,0.001,0.001,0.001, ,,
2935,0.001,0.001,0.001,0.001, ,0.001,0.001,0.001,0.001, ,,
2936,0.002,0.002,0.002,0.002, ,0.001,0,0.001,0.000666667, ,,
2937,0.004,0.001,0.001,0.002, ,0.001,0.001,0.001,0.001, ,,
2938,0.001,0.001,0.002,0.001333333, ,0.001,0,0.001,0.000666667, ,,
2939,0.002,0.002,0.001,0.001666667, ,0.001,0.001,0.001,0.001, ,,
2940,0.001,0.001,0.001,0.001, ,0.001,0,0,0.000333333, ,,
2941,0.002,0.002,0.002,0.002, ,0,0.001,0.001,0.000666667, ,,
2942,0.001,0.001,0.001,0.001, ,0,0,0,0, ,,
2943,0.002,0.002,0.002,0.002, ,0.001,0.001,0.001,0.001, ,,
2944,0.001,0.001,0.001,0.001, ,0.001,0,0,0.000333333, ,,
2945,0.001,0.002,0.002,0.001666667, ,0.001,0.001,0.001,0.001, ,,
2946,0.002,0.001,0.001,0.001333333, ,0.001,0,0.001,0.000666667, ,,
2947,0.001,0.002,0.002,0.001666667, ,0,0.001,0,0.000333333, ,,
2948,0.002,0.001,0.001,0.001333333, ,0.001,0.001,0.001,0.001, ,,
2949,0.001,0.002,0.001,0.001333333, ,0.001,0,0.001,0.000666667, ,,
2950,0.002,0.002,0.002,0.002, ,0.002,0.001,0.001,0.001333333, ,,
2951,0.001,0.001,0.001,0.001, ,0.001,0.001,0.001,0.001, ,,
2952,0.001,0.002,0.002,0.001666667, ,0.001,0.001,0.001,0.001, ,,
2953,0.002,0.001,0.001,0.001333333, ,0.001,0,0.001,0.000666667, ,,
2954,0.001,0.002,0.001,0.001333333, ,0,0.001,0.001,0.000666667, ,,
2955,0.002,0.002,0.005,0.003, ,0.001,0.001,0.001,0.001, ,,
2956,0.001,0.001,0.001,0.001, ,0.001,0,0.001,0.000666667, ,,
2957,0.002,0.002,0.002,0.002, ,0.001,0.001,0.001,0.001, ,,
2958,0.001,0.002,0.002,0.001666667, ,0.001,0,0.001,0.000666667, ,,
2959,0.001,0.001,0.002,0.001333333, ,0,0.001,0.001,0.000666667, ,,
2960,0.002,0.002,0.001,0.001666667, ,0.001,0,0.002,0.001, ,,
2961,0.001,0.001,0.002,0.001333333, ,0.001,0.001,0.001,0.001, ,,
2962,0.002,0.002,0.001,0.001666667, ,0.001,0.001,0.001,0.001, ,,
2963,0.001,0.002,0.002,0.001666667, ,0.001,0,0.001,0.000666667, ,,
2964,0.002,0.001,0.003,0.002, ,0.001,0.001,0.002,0.001333333, ,,
2965,0.001,0.002,0.002,0.001666667, ,0.001,0.001,0.001,0.001, ,,
2966,0.002,0.001,0.001,0.001333333, ,0.001,0,0.001,0.000666667, ,,
2967,0.001,0.002,0.002,0.001666667, ,0.001,0.001,0.001,0.001, ,,
2968,0.002,0.002,0.002,0.002, ,0.001,0.001,0.001,0.001, ,,
2969,0.001,0.001,0.001,0.001, ,0.001,0,0.001,0.000666667, ,,
2970,0.001,0.002,0.002,0.001666667, ,0,0.001,0.001,0.000666667, ,,
2971,0.002,0.001,0.002,0.001666667, ,0.001,0.001,0.001,0.001, ,,
2972,0.001,0.002,0.001,0.001333333, ,0.001,0,0.001,0.000666667, ,,
2973,0.002,0.002,0.002,0.002, ,0.001,0.001,0,0.000666667, ,,
2974,0.001,0.001,0.002,0.001333333, ,0,0,0.001,0.000333333, ,,
2975,0.002,0.001,0.002,0.001666667, ,0.001,0.001,0,0.000666667, ,,
2976,0.001,0.002,0.002,0.001666667, ,0.001,0.001,0.001,0.001, ,,
2977,0.002,0.001,0.002,0.001666667, ,0.001,0,0.001,0.000666667, ,,
2978,0.001,0.002,0.001,0.001333333, ,0.001,0.001,0.001,0.001, ,,
2979,0.001,0.001,0.002,0.001333333, ,0.001,0,0,0.000333333, ,,
2980,0.002,0.002,0.001,0.001666667, ,0.001,0.001,0.001,0.001, ,,
2981,0.001,0.001,0.002,0.001333333, ,0.001,0.001,0.002,0.001333333, ,,
2982,0.002,0.002,0.002,0.002, ,0.002,0.001,0.001,0.001333333, ,,
2983,0.001,0.001,0.001,0.001, ,0.001,0.001,0.001,0.001, ,,
2984,0.002,0.002,0.002,0.002, ,0.001,0.001,0.001,0.001, ,,
2985,0.001,0.001,0.001,0.001, ,0.001,0.001,0.001,0.001, ,,
2986,0.002,0.001,0.002,0.001666667, ,0.001,0,0,0.000333333, ,,
2987,0.002,0.002,0.001,0.001666667, ,0,0.001,0.001,0.000666667, ,,
2988,0.002,0.002,0.002,0.002, ,0.001,0,0.001,0.000666667, ,,
2989,0.001,0.001,0.002,0.001333333, ,0.001,0.001,0.001,0.001, ,,
2990,0.002,0.002,0.001,0.001666667, ,0,0,0,0, ,,
2991,0.001,0.001,0.002,0.001333333, ,0.001,0.001,0,0.000666667, ,,
2992,0.002,0.002,0.002,0.002, ,0.001,0.001,0.001,0.001, ,,
2993,0.001,0.001,0.001,0.001, ,0.001,0,0.001,0.000666667, ,,
2994,0.002,0.002,0.002,0.002, ,0.001,0.001,0.001,0.001, ,,
2995,0.002,0.001,0.002,0.001666667, ,0,0.001,0,0.000333333, ,,
2996,0.001,0.002,0.001,0.001333333, ,0.001,0,0.001,0.000666667, ,,
2997,0.001,0.001,0.002,0.001333333, ,0.001,0.001,0.001,0.001, ,,
2998,0.002,0.004,0.001,0.002333333, ,0.001,0.001,0.001,0.001, ,,
2999,0.001,0.002,0.002,0.001666667, ,0.001,0,0,0.000333333, ,,
3000,0.002,0.001,0.001,0.001333333, ,0,0.001,0.001,0.000666667, ,,
3001,0.001,0.002,0.002,0.001666667, ,0.001,0,0.001,0.000666667, ,,
3002,0.002,0.001,0.002,0.001666667, ,0.001,0.001,0,0.000666667, ,,
3003,0.001,0.002,0.001,0.001333333, ,0.001,0.001,0.001,0.001, ,,
3004,0.002,0.001,0.002,0.001666667, ,0,0,0.001,0.000333333, ,,
3005,0.001,0.002,0.002,0.001666667, ,0.001,0.001,0,0.000666667, ,,
3006,0.002,0.001,0.001,0.001333333, ,0,0,0,0, ,,
3007,0.001,0.002,0.002,0.001666667, ,0.001,0,0.001,0.000666667, ,,
3008,0.002,0.001,0.002,0.001666667, ,0,0.001,0.001,0.000666667, ,,
3009,0.001,0.002,0.002,0.001666667, ,0.001,0.001,0,0.000666667, ,,
3010,0.002,0.001,0.001,0.001333333, ,0.001,0,0.001,0.000666667, ,,
3011,0.001,0.002,0.002,0.001666667, ,0.001,0.001,0.001,0.001, ,,
3012,0.002,0.001,0.001,0.001333333, ,0.001,0,0.001,0.000666667, ,,
3013,0.001,0.001,0.002,0.001333333, ,0.001,0.001,0.001,0.001, ,,
3014,0.002,0.002,0.002,0.002, ,0.001,0.001,0.001,0.001, ,,
3015,0.001,0.001,0.001,0.001, ,0.001,0.001,0,0.000666667, ,,
3016,0.002,0.002,0.002,0.002, ,0.001,0.001,0.001,0.001, ,,
3017,0.001,0.001,0.002,0.001333333, ,0,0,0.001,0.000333333, ,,
3018,0.002,0.002,0.001,0.001666667, ,0.001,0.001,0,0.000666667, ,,
3019,0.001,0.001,0.003,0.001666667, ,0,0,0.001,0.000333333, ,,
3020,0.002,0.002,0.001,0.001666667, ,0.001,0.001,0,0.000666667, ,,
3021,0.002,0.001,0.002,0.001666667, ,0.001,0,0.001,0.000666667, ,,
3022,0.001,0.002,0.001,0.001333333, ,0,0.001,0,0.000333333, ,,
3023,0.002,0.001,0.002,0.001666667, ,0,0,0.001,0.000333333, ,,
3024,0.001,0.002,0.001,0.001333333, ,0.001,0.001,0,0.000666667, ,,
3025,0.002,0.001,0.002,0.001666667, ,0.001,0,0.001,0.000666667, ,,
3026,0.001,0.002,0.001,0.001333333, ,0.001,0.001,0,0.000666667, ,,
3027,0.002,0.001,0.002,0.001666667, ,0,0,0.001,0.000333333, ,,
3028,0.001,0.002,0.002,0.001666667, ,0.001,0.001,0,0.000666667, ,,
3029,0.001,0.001,0.001,0.001, ,0,0,0.001,0.000333333, ,,
3030,0.002,0.002,0.002,0.002, ,0.001,0.001,0,0.000666667, ,,
3031,0.001,0.001,0.001,0.001, ,0,0,0.001,0.000333333, ,,
3032,0.002,0.001,0.002,0.001666667, ,0.001,0.001,0,0.000666667, ,,
3033,0.002,0.002,0.001,0.001666667, ,0.001,0,0.001,0.000666667, ,,
3034,0.001,0.001,0.002,0.001333333, ,0,0.001,0,0.000333333, ,,
3035,0.002,0.002,0.001,0.001666667, ,0.001,0,0.001,0.000666667, ,,
3036,0.001,0.001,0.002,0.001333333, ,0.001,0.001,0.001,0.001, ,,
3037,0.002,0.002,0.001,0.001666667, ,0,0,0,0, ,,
3038,0.001,0.001,0.002,0.001333333, ,0.001,0.001,0,0.000666667, ,,
3039,0.002,0.002,0.001,0.001666667, ,0,0,0.001,0.000333333, ,,
3040,0.004,0.001,0.002,0.002333333, ,0.001,0.001,0,0.000666667, ,,
3041,0.001,0.001,0.001,0.001, ,0.001,0,0.001,0.000666667, ,,
3042,0.001,0.002,0.002,0.001666667, ,0,0.001,0.001,0.000666667, ,,
3043,0.002,0.001,0.002,0.001666667, ,0.001,0,0,0.000333333, ,,
3044,0.001,0.002,0.001,0.001333333, ,0,0.001,0.001,0.000666667, ,,
3045,0.002,0.001,0.002,0.001666667, ,0.001,0,0,0.000333333, ,,
3046,0.001,0.002,0.001,0.001333333, ,0.001,0.001,0.001,0.001, ,,
3047,0.002,0.001,0.002,0.001666667, ,0.001,0.001,0.001,0.001, ,,
3048,0.001,0.002,0.001,0.001333333, ,0.001,0,0.001,0.000666667, ,,
3049,0.002,0.001,0.002,0.001666667, ,0.001,0.001,0,0.000666667, ,,
3050,0.001,0.002,0.001,0.001333333, ,0,0.001,0.001,0.000666667, ,,
3051,0.002,0.001,0.002,0.001666667, ,0.001,0,0,0.000333333, ,,
3052,0.001,0.002,0.001,0.001333333, ,0.001,0.001,0.001,0.001, ,,
3053,0.001,0.001,0.002,0.001333333, ,0,0,0.001,0.000333333, ,,
3054,0.002,0.002,0.001,0.001666667, ,0.001,0.001,0,0.000666667, ,,
3055,0.001,0.001,0.002,0.001333333, ,0,0,0,0, ,,
3056,0.002,0.002,0.002,0.002, ,0.001,0.001,0.001,0.001, ,,
3057,0.001,0.001,0.001,0.001, ,0.001,0,0.001,0.000666667, ,,
3058,0.002,0.002,0.004,0.002666667, ,0,0.001,0.001,0.000666667, ,,
3059,0.001,0.001,0.001,0.001, ,0.001,0.001,0,0.000666667, ,,
3060,0.002,0.001,0.002,0.001666667, ,0.001,0,0.001,0.000666667, ,,
3061,0.001,0.002,0.002,0.001666667, ,0.001,0.001,0.001,0.001, ,,
3062,0.002,0.001,0.001,0.001333333, ,0.001,0.001,0.001,0.001, ,,
3063,0.001,0.002,0.002,0.001666667, ,0.001,0,0,0.000333333, ,,
3064,0.002,0.001,0.001,0.001333333, ,0.001,0.001,0.001,0.001, ,,
3065,0.001,0.002,0.001,0.001333333, ,0.001,0.001,0.001,0.001, ,,
3066,0.001,0.001,0.002,0.001333333, ,0.001,0,0,0.000333333, ,,
3067,0.002,0.002,0.001,0.001666667, ,0.001,0.001,0.001,0.001, ,,
3068,0.002,0.001,0.002,0.001666667, ,0,0,0.001,0.000333333, ,,
3069,0.001,0.002,0.001,0.001333333, ,0.001,0.001,0,0.000666667, ,,
3070,0.002,0.001,0.002,0.001666667, ,0,0,0.001,0.000333333, ,,
3071,0.001,0.001,0.001,0.001, ,0.001,0.001,0,0.000666667, ,,
3072,0.001,0.002,0.002,0.001666667, ,0,0,0.001,0.000333333, ,,
3073,0.002,0.001,0.001,0.001333333, ,0.001,0.001,0.001,0.001, ,,
3074,0.002,0.002,0.002,0.002, ,0.001,0,0,0.000333333, ,,
3075,0.001,0.001,0.002,0.001333333, ,0,0.001,0.001,0.000666667, ,,
3076,0.001,0.002,0.001,0.001333333, ,0.001,0.001,0,0.000666667, ,,
3077,0.002,0.001,0.002,0.001666667, ,0.001,0.001,0.001,0.001, ,,
3078,0.001,0.002,0.001,0.001333333, ,0.001,0.001,0.001,0.001, ,,
3079,0.002,0.001,0.002,0.001666667, ,0.001,0,0.001,0.000666667, ,,
3080,0.001,0.002,0.002,0.001666667, ,0.001,0.001,0.001,0.001, ,,
3081,0.002,0.001,0.002,0.001666667, ,0.001,0.001,0.001,0.001, ,,
3082,0.002,0.002,0.001,0.001666667, ,0.001,0,0,0.000333333, ,,
3083,0.001,0.001,0.002,0.001333333, ,0,0.001,0.001,0.000666667, ,,
3084,0.001,0.002,0.001,0.001333333, ,0.001,0.001,0.001,0.001, ,,
3085,0.002,0.001,0.001,0.001333333, ,0.001,0,0.001,0.000666667, ,,
3086,0.001,0.002,0.002,0.001666667, ,0,0.001,0,0.000333333, ,,
3087,0.002,0.001,0.001,0.001333333, ,0.001,0,0.001,0.000666667, ,,
3088,0.002,0.001,0.002,0.001666667, ,0.001,0.001,0.001,0.001, ,,
3089,0.001,0.002,0.001,0.001333333, ,0.001,0.001,0,0.000666667, ,,
3090,0.001,0.001,0.002,0.001333333, ,0,0,0.001,0.000333333, ,,
3091,0.002,0.002,0.001,0.001666667, ,0.001,0.001,0.001,0.001, ,,
3092,0.002,0.002,0.002,0.002, ,0.001,0.001,0.001,0.001, ,,
3093,0.001,0.001,0.001,0.001, ,0.001,0,0,0.000333333, ,,
3094,0.002,0.002,0.002,0.002, ,0.001,0.001,0.001,0.001, ,,
3095,0.002,0.001,0.001,0.001333333, ,0.001,0.001,0.001,0.001, ,,
3096,0.001,0.002,0.002,0.001666667, ,0.001,0.001,0.001,0.001, ,,
3097,0.002,0.001,0.001,0.001333333, ,0.001,0,0.001,0.000666667, ,,
3098,0.001,0.002,0.002,0.001666667, ,0.001,0.002,0,0.001, ,,
3099,0.002,0.001,0.001,0.001333333, ,0.001,0.001,0.001,0.001, ,,
3100,0.001,0.002,0.002,0.001666667, ,0.001,0.001,0.001,0.001, ,,
3101,0.002,0.004,0.001,0.002333333, ,0,0.001,0,0.000333333, ,,
3102,0.001,0.001,0.002,0.001333333, ,0.001,0,0.001,0.000666667, ,,
3103,0.002,0.002,0.001,0.001666667, ,0.001,0.001,0,0.000666667, ,,
3104,0.001,0.001,0.002,0.001333333, ,0,0.001,0.001,0.000666667, ,,
3105,0.002,0.002,0.001,0.001666667, ,0.001,0.001,0.001,0.001, ,,
3106,0.001,0.001,0.002,0.001333333, ,0.001,0,0,0.000333333, ,,
3107,0.002,0.002,0.001,0.001666667, ,0.001,0.001,0.001,0.001, ,,
3108,0.001,0.001,0.002,0.001333333, ,0.001,0.001,0.001,0.001, ,,
3109,0.002,0.002,0.002,0.002, ,0.001,0.001,0.001,0.001, ,,
3110,0.001,0.001,0.001,0.001, ,0.001,0.001,0.001,0.001, ,,
3111,0.002,0.002,0.002,0.002, ,0.001,0.001,0.001,0.001, ,,
3112,0.001,0.001,0.002,0.001333333, ,0.001,0,0.001,0.000666667, ,,
3113,0.001,0.002,0.001,0.001333333, ,0.001,0.001,0,0.000666667, ,,
3114,0.002,0.001,0.002,0.001666667, ,0.001,0.001,0.001,0.001, ,,
3115,0.001,0.002,0.001,0.001333333, ,0.001,0,0.001,0.000666667, ,,
3116,0.002,0.001,0.001,0.001333333, ,0,0.001,0,0.000333333, ,,
3117,0.001,0.001,0.002,0.001333333, ,0.001,0.001,0.001,0.001, ,,
3118,0.002,0.002,0.001,0.001666667, ,0.001,0,0,0.000333333, ,,
3119,0.001,0.001,0.002,0.001333333, ,0,0.001,0.001,0.000666667, ,,
3120,0.002,0.002,0.001,0.001666667, ,0.001,0.001,0.001,0.001, ,,
3121,0.001,0.001,0.002,0.001333333, ,0.001,0,0,0.000333333, ,,
3122,0.002,0.002,0.001,0.001666667, ,0.001,0.001,0.001,0.001, ,,
3123,0.001,0.001,0.002,0.001333333, ,0,0,0.001,0.000333333, ,,
3124,0.002,0.001,0.001,0.001333333, ,0.001,0.001,0,0.000666667, ,,
3125,0.001,0.002,0.002,0.001666667, ,0.001,0.001,0.001,0.001, ,,
3126,0.002,0.001,0.001,0.001333333, ,0.001,0.001,0.001,0.001, ,,
3127,0.001,0.002,0.002,0.001666667, ,0.001,0.001,0.001,0.001, ,,
3128,0.002,0.001,0.001,0.001333333, ,0.001,0.001,0.001,0.001, ,,
3129,0.001,0.002,0.001,0.001333333, ,0.001,0,0,0.000333333, ,,
3130,0.001,0.001,0.002,0.001333333, ,0.001,0.001,0.001,0.001, ,,
3131,0.002,0.002,0.001,0.001666667, ,0.001,0.001,0.001,0.001, ,,
3132,0.001,0.001,0.002,0.001333333, ,0.001,0,0.001,0.000666667, ,,
3133,0.002,0.002,0.001,0.001666667, ,0,0.001,0,0.000333333, ,,
3134,0.001,0.001,0.002,0.001333333, ,0.001,0,0.001,0.000666667, ,,
3135,0.002,0.002,0.001,0.001666667, ,0.001,0.001,0,0.000666667, ,,
3136,0.001,0.001,0.001,0.001, ,0.001,0,0.001,0.000666667, ,,
3137,0.001,0.001,0.002,0.001333333, ,0,0.001,0.001,0.000666667, ,,
3138,0.002,0.002,0.001,0.001666667, ,0.001,0.001,0.001,0.001, ,,
3139,0.001,0.001,0.002,0.001333333, ,0.001,0,0,0.000333333, ,,
3140,0.002,0.002,0.001,0.001666667, ,0.001,0.001,0.001,0.001, ,,
3141,0.001,0.001,0.002,0.001333333, ,0.001,0.002,0.001,0.001333333, ,,
3142,0.002,0.002,0.001,0.001666667, ,0.001,0.002,0.001,0.001333333, ,,
3143,0.004,0.001,0.001,0.002, ,0.002,0.001,0.001,0.001333333, ,,
3144,0.001,0.002,0.002,0.001666667, ,0,0.001,0.001,0.000666667, ,,
3145,0.002,0.001,0.001,0.001333333, ,0.001,0,0.001,0.000666667, ,,
3146,0.001,0.001,0.002,0.001333333, ,0.001,0.001,0,0.000666667, ,,
3147,0.002,0.002,0.001,0.001666667, ,0.001,0.001,0.001,0.001, ,,
3148,0.001,0.001,0.002,0.001333333, ,0,0,0.001,0.000333333, ,,
3149,0.002,0.002,0.001,0.001666667, ,0.001,0.001,0,0.000666667, ,,
3150,0.001,0.001,0.001,0.001, ,0.001,0,0.001,0.000666667, ,,
3151,0.002,0.002,0.002,0.002, ,0,0.001,0,0.000333333, ,,
3152,0.001,0.001,0.002,0.001333333, ,0.001,0,0.001,0.000666667, ,,
3153,0.001,0.002,0.001,0.001333333, ,0.001,0.001,0.001,0.001, ,,
3154,0.002,0.001,0.002,0.001666667, ,0.001,0.001,0.001,0.001, ,,
3155,0.001,0.001,0.001,0.001, ,0,0,0,0, ,,
3156,0.002,0.002,0.002,0.002, ,0.001,0.001,0.001,0.001, ,,
3157,0.001,0.001,0.001,0.001, ,0.001,0.001,0,0.000666667, ,,
3158,0.002,0.002,0.002,0.002, ,0,0,0.001,0.000333333, ,,
3159,0.001,0.001,0.001,0.001, ,0.001,0.001,0,0.000666667, ,,
3160,0.002,0.002,0.002,0.002, ,0.001,0.001,0.001,0.001, ,,
3161,0.001,0.001,0.004,0.002, ,0,0,0.001,0.000333333, ,,
3162,0.001,0.002,0.001,0.001333333, ,0.001,0.001,0,0.000666667, ,,
3163,0.002,0.003,0.002,0.002333333, ,0.001,0.001,0.001,0.001, ,,
3164,0.001,0.001,0.001,0.001, ,0.001,0.001,0.001,0.001, ,,
3165,0.002,0.002,0.002,0.002, ,0.001,0,0.001,0.000666667, ,,
3166,0.001,0.001,0.001,0.001, ,0,0.001,0,0.000333333, ,,
3167,0.002,0.002,0.002,0.002, ,0.001,0,0.001,0.000666667, ,,
3168,0.001,0.001,0.001,0.001, ,0,0.001,0,0.000333333, ,,
3169,0.002,0.002,0.002,0.002, ,0.001,0,0.001,0.000666667, ,,
3170,0.001,0.001,0.001,0.001, ,0.001,0.001,0,0.000666667, ,,
3171,0.002,0.002,0.002,0.002, ,0,0,0.001,0.000333333, ,,
3172,0.001,0.001,0.001,0.001, ,0.001,0.001,0.001,0.001, ,,
3173,0.002,0.002,0.001,0.001666667, ,0.001,0.001,0.001,0.001, ,,
3174,0.001,0.001,0.002,0.001333333, ,0.002,0.001,0.001,0.001333333, ,,
3175,0.002,0.002,0.001,0.001666667, ,0.002,0,0.001,0.001, ,,
3176,0.001,0.001,0.002,0.001333333, ,0.001,0.001,0.001,0.001, ,,
3177,0.002,0.002,0.001,0.001666667, ,0.002,0.001,0.001,0.001333333, ,,
3178,0.001,0.001,0.002,0.001333333, ,0.001,0,0,0.000333333, ,,
3179,0.002,0.001,0.001,0.001333333, ,0.001,0.001,0.001,0.001, ,,
3180,0.001,0.002,0.002,0.001666667, ,0.001,0.001,0.001,0.001, ,,
3181,0.002,0.001,0.002,0.001666667, ,0.001,0,0.001,0.000666667, ,,
3182,0.001,0.002,0.001,0.001333333, ,0.001,0.001,0.001,0.001, ,,
3183,0.002,0.001,0.001,0.001333333, ,0.001,0,0,0.000333333, ,,
3184,0.001,0.002,0.002,0.001666667, ,0.002,0.002,0.001,0.001666667, ,,
3185,0.001,0.002,0.002,0.001666667, ,0.001,0.002,0.001,0.001333333, ,,
3186,0.002,0.001,0.001,0.001333333, ,0.001,0.001,0.001,0.001, ,,
3187,0.001,0.001,0.001,0.001, ,0.001,0,0,0.000333333, ,,
3188,0.002,0.002,0.002,0.002, ,0.001,0.001,0.001,0.001, ,,
3189,0.001,0.001,0.001,0.001, ,0.002,0.002,0.001,0.001666667, ,,
3190,0.002,0.002,0.002,0.002, ,0.001,0.001,0.002,0.001333333, ,,
3191,0.001,0.001,0.002,0.001333333, ,0.001,0,0.001,0.000666667, ,,
3192,0.002,0.002,0.001,0.001666667, ,0.001,0.001,0.001,0.001, ,,
3193,0.001,0.001,0.001,0.001, ,0.001,0.001,0.001,0.001, ,,
3194,0.002,0.002,0.002,0.002, ,0.001,0.001,0,0.000666667, ,,
3195,0.001,0.001,0.001,0.001, ,0.002,0.001,0.002,0.001666667, ,,
3196,0.002,0.002,0.002,0.002, ,0.001,0,0,0.000333333, ,,
3197,0.001,0.001,0.001,0.001, ,0,0.001,0.001,0.000666667, ,,
3198,0.002,0.002,0.002,0.002, ,0.001,0,0,0.000333333, ,,
3199,0.001,0.001,0.001,0.001, ,0,0.001,0.001,0.000666667, ,,
3200,0.002,0.002,0.002,0.002, ,0.001,0,0,0.000333333, ,,
3201,0.001,0.001,0.001,0.001, ,0.002,0.003,0.001,0.002, ,,
3202,0.002,0.001,0.002,0.001666667, ,0.001,0.001,0.001,0.001, ,,
3203,0.001,0.002,0.001,0.001333333, ,0.001,0.001,0,0.000666667, ,,
3204,0.002,0.004,0.002,0.002666667, ,0.001,0.001,0.001,0.001, ,,
3205,0.001,0.001,0.001,0.001, ,0.002,0.001,0.002,0.001666667, ,,
3206,0.001,0.002,0.002,0.001666667, ,0.002,0.001,0.001,0.001333333, ,,
3207,0.002,0.001,0.001,0.001333333, ,0.001,0.002,0.001,0.001333333, ,,
3208,0.002,0.002,0.002,0.002, ,0.001,0,0.001,0.000666667, ,,
3209,0.001,0.001,0.001,0.001, ,0.002,0.001,0.001,0.001333333, ,,
3210,0.001,0.002,0.001,0.001333333, ,0.001,0.001,0,0.000666667, ,,
3211,0.002,0.001,0.002,0.001666667, ,0.001,0.001,0.001,0.001, ,,
3212,0.001,0.002,0.002,0.001666667, ,0.001,0,0.001,0.000666667, ,,
3213,0.002,0.001,0.001,0.001333333, ,0.001,0.001,0.001,0.001, ,,
3214,0.001,0.002,0.001,0.001333333, ,0.001,0.001,0.001,0.001, ,,
3215,0.002,0.001,0.002,0.001666667, ,0.001,0,0.001,0.000666667, ,,
3216,0.001,0.002,0.001,0.001333333, ,0.002,0.001,0.001,0.001333333, ,,
3217,0.002,0.001,0.002,0.001666667, ,0.002,0.002,0.001,0.001666667, ,,
3218,0.001,0.001,0.001,0.001, ,0.001,0.001,0.001,0.001, ,,
3219,0.002,0.002,0.002,0.002, ,0.001,0,0.001,0.000666667, ,,
3220,0.001,0.001,0.001,0.001, ,0.002,0.001,0.001,0.001333333, ,,
3221,0.002,0.002,0.002,0.002, ,0.001,0.001,0.001,0.001, ,,
3222,0.001,0.001,0.001,0.001, ,0.002,0.001,0.001,0.001333333, ,,
3223,0.001,0.002,0.001,0.001333333, ,0.001,0.001,0.001,0.001, ,,
3224,0.002,0.001,0.002,0.001666667, ,0.002,0.001,0.001,0.001333333, ,,
3225,0.001,0.001,0.001,0.001, ,0.001,0.001,0.001,0.001, ,,
3226,0.002,0.002,0.002,0.002, ,0.001,0.001,0.001,0.001, ,,
3227,0.001,0.001,0.001,0.001, ,0.002,0.001,0.001,0.001333333, ,,
3228,0.002,0.002,0.002,0.002, ,0.001,0.001,0.001,0.001, ,,
3229,0.001,0.001,0.001,0.001, ,0.001,0,0.001,0.000666667, ,,
3230,0.002,0.002,0.002,0.002, ,0.001,0.001,0.001,0.001, ,,
3231,0.001,0.001,0.001,0.001, ,0.001,0,0,0.000333333, ,,
3232,0.002,0.002,0.002,0.002, ,0.001,0.001,0.001,0.001, ,,
3233,0.001,0.001,0.001,0.001, ,0.001,0.001,0.001,0.001, ,,
3234,0.002,0.002,0.002,0.002, ,0.001,0.001,0,0.000666667, ,,
3235,0.001,0.001,0.001,0.001, ,0.002,0.001,0.001,0.001333333, ,,
3236,0.001,0.002,0.002,0.001666667, ,0.002,0.001,0.001,0.001333333, ,,
3237,0.002,0.001,0.001,0.001333333, ,0.002,0.001,0.001,0.001333333, ,,
3238,0.001,0.002,0.001,0.001333333, ,0.002,0.001,0.002,0.001666667, ,,
3239,0.002,0.001,0.002,0.001666667, ,0.002,0.001,0.001,0.001333333, ,,
3240,0.001,0.001,0.001,0.001, ,0.001,0.001,0.001,0.001, ,,
3241,0.002,0.002,0.002,0.002, ,0.002,0.001,0.001,0.001333333, ,,
3242,0.001,0.001,0.001,0.001, ,0.001,0,0.001,0.000666667, ,,
3243,0.002,0.002,0.002,0.002, ,0.001,0.001,0,0.000666667, ,,
3244,0.001,0.001,0.001,0.001, ,0.001,0.001,0.001,0.001, ,,
3245,0.001,0.002,0.002,0.001666667, ,0.001,0,0.001,0.000666667, ,,
3246,0.005,0.001,0.001,0.002333333, ,0.001,0.001,0,0.000666667, ,,
3247,0.001,0.002,0.002,0.001666667, ,0.001,0.001,0.001,0.001, ,,
3248,0.001,0.001,0.001,0.001, ,0.002,0.001,0.001,0.001333333, ,,
3249,0.002,0.002,0.002,0.002, ,0.001,0,0.001,0.000666667, ,,
3250,0.001,0.001,0.001,0.001, ,0.001,0.001,0.001,0.001, ,,
3251,0.002,0.001,0.001,0.001333333, ,0.001,0.001,0,0.000666667, ,,
3252,0.002,0.002,0.002,0.002, ,0.001,0.001,0.001,0.001, ,,
3253,0.001,0.001,0.001,0.001, ,0.001,0.001,0.001,0.001, ,,
3254,0.002,0.002,0.002,0.002, ,0.002,0.002,0.001,0.001666667, ,,
3255,0.001,0.001,0.001,0.001, ,0.001,0.001,0.001,0.001, ,,
3256,0.002,0.002,0.002,0.002, ,0.001,0.001,0.001,0.001, ,,
3257,0.001,0.001,0.001,0.001, ,0.001,0.001,0,0.000666667, ,,
3258,0.002,0.002,0.001,0.001666667, ,0.001,0.001,0.001,0.001, ,,
3259,0.001,0.001,0.002,0.001333333, ,0.001,0.001,0.001,0.001, ,,
3260,0.002,0.001,0.001,0.001333333, ,0.001,0.001,0.001,0.001, ,,
3261,0.001,0.002,0.002,0.001666667, ,0.001,0.001,0.001,0.001, ,,
3262,0.002,0.001,0.001,0.001333333, ,0,0,0.001,0.000333333, ,,
3263,0.001,0.002,0.002,0.001666667, ,0.001,0.001,0,0.000666667, ,,
3264,0.002,0.001,0.004,0.002333333, ,0.001,0.001,0.001,0.001, ,,
3265,0.001,0.002,0.001,0.001333333, ,0.001,0.001,0.001,0.001, ,,
3266,0.002,0.001,0.002,0.001666667, ,0.001,0.001,0.001,0.001, ,,
3267,0.001,0.002,0.001,0.001333333, ,0.001,0,0,0.000333333, ,,
3268,0.002,0.001,0.002,0.001666667, ,0,0.001,0.001,0.000666667, ,,
3269,0.001,0.001,0.001,0.001, ,0.002,0.001,0.002,0.001666667, ,,
3270,0.002,0.002,0.002,0.002, ,0.001,0.002,0.001,0.001333333, ,,
3271,0.001,0.001,0.001,0.001, ,0.002,0.001,0.001,0.001333333, ,,
3272,0.002,0.002,0.002,0.002, ,0,0.001,0.001,0.000666667, ,,
3273,0.001,0.001,0.001,0.001, ,0.001,0,0.001,0.000666667, ,,
3274,0.002,0.002,0.002,0.002, ,0.001,0.001,0.001,0.001, ,,
3275,0.001,0.001,0.001,0.001, ,0.001,0.001,0.001,0.001, ,,
3276,0.002,0.002,0.002,0.002, ,0.001,0.001,0.001,0.001, ,,
3277,0.001,0.001,0.001,0.001, ,0.001,0,0.001,0.000666667, ,,
3278,0.002,0.002,0.001,0.001666667, ,0,0.001,0,0.000333333, ,,
3279,0.001,0.001,0.002,0.001333333, ,0.001,0,0.001,0.000666667, ,,
3280,0.002,0.001,0.001,0.001333333, ,0.001,0.001,0.001,0.001, ,,
3281,0.001,0.002,0.002,0.001666667, ,0.001,0.001,0.001,0.001, ,,
3282,0.002,0.001,0.001,0.001333333, ,0.001,0.001,0,0.000666667, ,,
3283,0.001,0.002,0.002,0.001666667, ,0,0,0.001,0.000333333, ,,
3284,0.002,0.001,0.001,0.001333333, ,0.001,0.001,0,0.000666667, ,,
3285,0.001,0.002,0.003,0.002, ,0.001,0,0.001,0.000666667, ,,
3286,0.001,0.001,0.001,0.001, ,0.001,0.001,0.001,0.001, ,,
3287,0.002,0.002,0.002,0.002, ,0.001,0.001,0.001,0.001, ,,
3288,0.001,0.001,0.001,0.001, ,0.001,0,0,0.000333333, ,,
3289,0.002,0.002,0.002,0.002, ,0.001,0.001,0.001,0.001, ,,
3290,0.001,0.001,0.001,0.001, ,0.001,0.001,0.001,0.001, ,,
3291,0.002,0.002,0.002,0.002, ,0.001,0.001,0.001,0.001, ,,
3292,0.001,0.001,0.001,0.001, ,0.001,0,0.001,0.000666667, ,,
3293,0.002,0.002,0.002,0.002, ,0,0.001,0,0.000333333, ,,
3294,0.001,0.001,0.001,0.001, ,0.001,0,0,0.000333333, ,,
3295,0.002,0.001,0.002,0.001666667, ,0,0.001,0.001,0.000666667, ,,
3296,0.001,0.002,0.001,0.001333333, ,0.001,0,0,0.000333333, ,,
3297,0.001,0.001,0.001,0.001, ,0.001,0.001,0.001,0.001, ,,
3298,0.002,0.002,0.002,0.002, ,0.001,0,0.001,0.000666667, ,,
3299,0.001,0.001,0.001,0.001, ,0,0.001,0,0.000333333, ,,
3300,0.002,0.002,0.002,0.002, ,0.001,0.001,0.001,0.001, ,,
3301,0.001,0.001,0.001,0.001, ,0.001,0,0.001,0.000666667, ,,
3302,0.002,0.002,0.002,0.002, ,0.001,0.002,0.001,0.001333333, ,,
3303,0.001,0.001,0.001,0.001, ,0.001,0,0.001,0.000666667, ,,
3304,0.002,0.002,0.002,0.002, ,0.002,0.001,0.001,0.001333333, ,,
3305,0.001,0.001,0.001,0.001, ,0,0.001,0.001,0.000666667, ,,
3306,0.002,0.002,0.002,0.002, ,0.001,0,0,0.000333333, ,,
3307,0.001,0.003,0.001,0.001666667, ,0.001,0.001,0.001,0.001, ,,
3308,0.002,0.002,0.001,0.001666667, ,0.001,0.001,0.001,0.001, ,,
3309,0.001,0.001,0.002,0.001333333, ,0.001,0,0,0.000333333, ,,
3310,0.002,0.002,0.001,0.001666667, ,0,0.001,0.001,0.000666667, ,,
3311,0.001,0.001,0.002,0.001333333, ,0.001,0,0.001,0.000666667, ,,
3312,0.002,0.002,0.001,0.001666667, ,0.001,0.001,0,0.000666667, ,,
3313,0.001,0.001,0.002,0.001333333, ,0.001,0.001,0.001,0.001, ,,
3314,0.002,0.002,0.001,0.001666667, ,0.001,0.001,0.001,0.001, ,,
3315,0.001,0.001,0.002,0.001333333, ,0.001,0,0.001,0.000666667, ,,
3316,0.002,0.002,0.001,0.001666667, ,0.002,0.001,0,0.001, ,,
3317,0.001,0.001,0.002,0.001333333, ,0.001,0.001,0.001,0.001, ,,
3318,0.002,0.002,0.001,0.001666667, ,0.002,0.001,0.002,0.001666667, ,,
3319,0.001,0.001,0.001,0.001, ,0.001,0.001,0.001,0.001, ,,
3320,0.001,0.002,0.002,0.001666667, ,0.001,0.001,0,0.000666667, ,,
3321,0.002,0.001,0.001,0.001333333, ,0.001,0.001,0.001,0.001, ,,
3322,0.001,0.001,0.002,0.001333333, ,0.001,0,0.001,0.000666667, ,,
3323,0.002,0.002,0.001,0.001666667, ,0.001,0.001,0.001,0.001, ,,
3324,0.001,0.001,0.002,0.001333333, ,0.001,0.001,0.001,0.001, ,,
3325,0.002,0.002,0.001,0.001666667, ,0,0,0,0, ,,
3326,0.001,0.001,0.002,0.001333333, ,0.001,0,0.001,0.000666667, ,,
3327,0.002,0.002,0.001,0.001666667, ,0.001,0.001,0,0.000666667, ,,
3328,0.001,0.001,0.001,0.001, ,0.001,0,0.001,0.000666667, ,,
3329,0.002,0.001,0.002,0.001666667, ,0.001,0.001,0.001,0.001, ,,
3330,0.001,0.002,0.001,0.001333333, ,0.001,0.001,0.001,0.001, ,,
3331,0.002,0.001,0.002,0.001666667, ,0.001,0,0,0.000333333, ,,
3332,0.001,0.002,0.001,0.001333333, ,0.001,0.001,0.001,0.001, ,,
3333,0.002,0.001,0.002,0.001666667, ,0.001,0.001,0.001,0.001, ,,
3334,0.001,0.002,0.001,0.001333333, ,0.002,0.001,0.002,0.001666667, ,,
3335,0.002,0.001,0.002,0.001666667, ,0.001,0.002,0.001,0.001333333, ,,
3336,0.001,0.002,0.001,0.001333333, ,0.001,0,0.001,0.000666667, ,,
3337,0.002,0.001,0.002,0.001666667, ,0.001,0.001,0.001,0.001, ,,
3338,0.001,0.002,0.001,0.001333333, ,0.001,0.001,0.001,0.001, ,,
3339,0.002,0.002,0.002,0.002, ,0.001,0.001,0.001,0.001, ,,
3340,0.001,0.002,0.001,0.001333333, ,0.001,0,0,0.000333333, ,,
3341,0.002,0.001,0.002,0.001666667, ,0.001,0.001,0.001,0.001, ,,
3342,0.001,0.002,0.001,0.001333333, ,0.001,0.001,0.001,0.001, ,,
3343,0.002,0.001,0.002,0.001666667, ,0.001,0,0.001,0.000666667, ,,
3344,0.001,0.002,0.001,0.001333333, ,0.002,0.001,0.001,0.001333333, ,,
3345,0.002,0.001,0.001,0.001333333, ,0.001,0.001,0.001,0.001, ,,
3346,0.001,0.002,0.002,0.001666667, ,0.001,0.001,0.001,0.001, ,,
3347,0.002,0.001,0.001,0.001333333, ,0.001,0,0,0.000333333, ,,
3348,0.001,0.002,0.002,0.001666667, ,0.001,0.001,0.001,0.001, ,,
3349,0.004,0.002,0.001,0.002333333, ,0.001,0.001,0.001,0.001, ,,
3350,0.002,0.001,0.002,0.001666667, ,0.002,0.001,0.001,0.001333333, ,,
3351,0.001,0.002,0.001,0.001333333, ,0.001,0.001,0.001,0.001, ,,
3352,0.002,0.001,0.002,0.001666667, ,0.001,0.001,0.001,0.001, ,,
3353,0.001,0.002,0.001,0.001333333, ,0.001,0.001,0.001,0.001, ,,
3354,0.002,0.001,0.002,0.001666667, ,0.001,0.001,0.002,0.001333333, ,,
3355,0.002,0.001,0.001,0.001333333, ,0.001,0,0.001,0.000666667, ,,
3356,0.001,0.002,0.002,0.001666667, ,0.001,0.001,0.001,0.001, ,,
3357,0.002,0.001,0.001,0.001333333, ,0,0.001,0.001,0.000666667, ,,
3358,0.001,0.002,0.002,0.001666667, ,0.001,0,0,0.000333333, ,,
3359,0.002,0.001,0.001,0.001333333, ,0.001,0.001,0.001,0.001, ,,
3360,0.001,0.002,0.002,0.001666667, ,0.001,0.001,0.001,0.001, ,,
3361,0.001,0.001,0.001,0.001, ,0.001,0,0,0.000333333, ,,
3362,0.002,0.002,0.002,0.002, ,0,0.001,0.001,0.000666667, ,,
3363,0.001,0.001,0.001,0.001, ,0.001,0.001,0.001,0.001, ,,
3364,0.002,0.002,0.002,0.002, ,0.001,0,0.001,0.000666667, ,,
3365,0.001,0.001,0.001,0.001, ,0.002,0.001,0.001,0.001333333, ,,
3366,0.002,0.002,0.001,0.001666667, ,0.001,0.001,0.002,0.001333333, ,,
3367,0.001,0.001,0.005,0.002333333, ,0.002,0.001,0.001,0.001333333, ,,
3368,0.002,0.002,0.001,0.001666667, ,0.001,0.001,0.001,0.001, ,,
3369,0.001,0.001,0.002,0.001333333, ,0.001,0.001,0.001,0.001, ,,
3370,0.002,0.002,0.001,0.001666667, ,0.001,0.001,0.001,0.001, ,,
3371,0.001,0.001,0.002,0.001333333, ,0.001,0.001,0.001,0.001, ,,
3372,0.002,0.002,0.001,0.001666667, ,0.001,0,0.001,0.000666667, ,,
3373,0.001,0.001,0.002,0.001333333, ,0.001,0.001,0.001,0.001, ,,
3374,0.002,0.002,0.001,0.001666667, ,0.001,0,0,0.000333333, ,,
3375,0.001,0.001,0.002,0.001333333, ,0,0.001,0.001,0.000666667, ,,
3376,0.002,0.002,0.001,0.001666667, ,0.001,0.001,0.001,0.001, ,,
3377,0.001,0.001,0.002,0.001333333, ,0.001,0.001,0.002,0.001333333, ,,
3378,0.002,0.002,0.001,0.001666667, ,0.001,0,0.001,0.000666667, ,,
3379,0.001,0.001,0.002,0.001333333, ,0.001,0.001,0.001,0.001, ,,
3380,0.002,0.002,0.001,0.001666667, ,0.001,0.001,0.001,0.001, ,,
3381,0.002,0.001,0.002,0.001666667, ,0.002,0.001,0.002,0.001666667, ,,
3382,0.001,0.002,0.001,0.001333333, ,0.001,0.001,0.001,0.001, ,,
3383,0.002,0.001,0.002,0.001666667, ,0.001,0,0.001,0.000666667, ,,
3384,0.001,0.002,0.001,0.001333333, ,0.001,0.001,0.002,0.001333333, ,,
3385,0.002,0.001,0.002,0.001666667, ,0.001,0.001,0.001,0.001, ,,
3386,0.002,0.002,0.001,0.001666667, ,0.001,0.001,0.001,0.001, ,,
3387,0.001,0.001,0.002,0.001333333, ,0.001,0,0.001,0.000666667, ,,
3388,0.002,0.002,0.001,0.001666667, ,0.001,0.001,0,0.000666667, ,,
3389,0.001,0.001,0.002,0.001333333, ,0,0,0.001,0.000333333, ,,
3390,0.002,0.002,0.001,0.001666667, ,0.002,0.001,0.001,0.001333333, ,,
3391,0.001,0.002,0.002,0.001666667, ,0,0,0,0, ,,
3392,0.002,0.002,0.001,0.001666667, ,0.001,0.001,0.001,0.001, ,,
3393,0.001,0.001,0.002,0.001333333, ,0.001,0.001,0.001,0.001, ,,
3394,0.002,0.002,0.001,0.001666667, ,0.001,0,0.001,0.000666667, ,,
3395,0.002,0.001,0.002,0.001666667, ,0.001,0.001,0,0.000666667, ,,
3396,0.001,0.002,0.001,0.001333333, ,0.001,0.001,0.002,0.001333333, ,,
3397,0.002,0.001,0.002,0.001666667, ,0.002,0.001,0.001,0.001333333, ,,
3398,0.001,0.002,0.001,0.001333333, ,0.002,0.002,0.002,0.002, ,,
3399,0.002,0.002,0.002,0.002, ,0.002,0.001,0.001,0.001333333, ,,
3400,0.001,0.001,0.001,0.001, ,0.001,0,0.002,0.001, ,,
3401,0.002,0.002,0.002,0.002, ,0.002,0.001,0.001,0.001333333, ,,
3402,0.001,0.001,0.001,0.001, ,0.001,0.001,0.001,0.001, ,,
3403,0.002,0.002,0.002,0.002, ,0.001,0.001,0.001,0.001, ,,
3404,0.001,0.001,0.001,0.001, ,0.001,0.001,0.001,0.001, ,,
3405,0.002,0.002,0.002,0.002, ,0.001,0,0,0.000333333, ,,
3406,0.001,0.001,0.001,0.001, ,0.001,0.001,0.001,0.001, ,,
3407,0.002,0.001,0.002,0.001666667, ,0.001,0.001,0.001,0.001, ,,
3408,0.001,0.002,0.002,0.001666667, ,0.001,0,0.001,0.000666667, ,,
3409,0.002,0.005,0.001,0.002666667, ,0.001,0.001,0.001,0.001, ,,
3410,0.001,0.001,0.001,0.001, ,0.001,0.001,0,0.000666667, ,,
3411,0.002,0.002,0.002,0.002, ,0.001,0.001,0.001,0.001, ,,
3412,0.001,0.001,0.001,0.001, ,0.001,0,0.001,0.000666667, ,,
3413,0.002,0.002,0.002,0.002, ,0.001,0.001,0.001,0.001, ,,
3414,0.001,0.001,0.001,0.001, ,0.001,0.001,0.001,0.001, ,,
3415,0.002,0.002,0.002,0.002, ,0.001,0,0,0.000333333, ,,
3416,0.001,0.001,0.001,0.001, ,0.001,0.001,0.001,0.001, ,,
3417,0.002,0.002,0.002,0.002, ,0.001,0.001,0.001,0.001, ,,
3418,0.001,0.001,0.001,0.001, ,0.001,0.001,0.001,0.001, ,,
3419,0.002,0.002,0.002,0.002, ,0.001,0.001,0.001,0.001, ,,
3420,0.001,0.001,0.001,0.001, ,0.001,0.001,0.001,0.001, ,,
3421,0.002,0.001,0.002,0.001666667, ,0.001,0,0.001,0.000666667, ,,
3422,0.001,0.002,0.001,0.001333333, ,0.001,0.001,0,0.000666667, ,,
3423,0.002,0.001,0.002,0.001666667, ,0.001,0,0.001,0.000666667, ,,
3424,0.001,0.002,0.001,0.001333333, ,0,0.001,0.001,0.000666667, ,,
3425,0.002,0.001,0.002,0.001666667, ,0.001,0.001,0.001,0.001, ,,
3426,0.001,0.002,0.001,0.001333333, ,0.001,0,0,0.000333333, ,,
3427,0.002,0.001,0.002,0.001666667, ,0.001,0.001,0.001,0.001, ,,
3428,0.001,0.002,0.001,0.001333333, ,0.001,0.001,0.001,0.001, ,,
3429,0.002,0.001,0.003,0.002, ,0.001,0.001,0.001,0.001, ,,
3430,0.001,0.002,0.002,0.001666667, ,0.002,0.001,0.001,0.001333333, ,,
3431,0.002,0.001,0.001,0.001333333, ,0.001,0.001,0.001,0.001, ,,
3432,0.001,0.002,0.002,0.001666667, ,0.001,0.001,0.001,0.001, ,,
3433,0.002,0.001,0.001,0.001333333, ,0.001,0.001,0.001,0.001, ,,
3434,0.001,0.002,0.002,0.001666667, ,0.001,0,0.001,0.000666667, ,,
3435,0.001,0.001,0.001,0.001, ,0.002,0.001,0.001,0.001333333, ,,
3436,0.002,0.002,0.002,0.002, ,0.001,0.001,0.001,0.001, ,,
3437,0.002,0.001,0.001,0.001333333, ,0.001,0.001,0.001,0.001, ,,
3438,0.001,0.002,0.002,0.001666667, ,0,0,0,0, ,,
3439,0.002,0.001,0.001,0.001333333, ,0.001,0.001,0.001,0.001, ,,
3440,0.001,0.002,0.002,0.001666667, ,0.001,0.001,0,0.000666667, ,,
3441,0.002,0.001,0.001,0.001333333, ,0.001,0,0.001,0.000666667, ,,
3442,0.001,0.002,0.002,0.001666667, ,0.001,0.001,0.001,0.001, ,,
3443,0.002,0.001,0.001,0.001333333, ,0.001,0.001,0.001,0.001, ,,
3444,0.001,0.001,0.002,0.001333333, ,0.001,0.001,0.001,0.001, ,,
3445,0.002,0.002,0.001,0.001666667, ,0.002,0.001,0.001,0.001333333, ,,
3446,0.001,0.001,0.002,0.001333333, ,0.001,0.001,0.001,0.001, ,,
3447,0.002,0.002,0.001,0.001666667, ,0.001,0.001,0.001,0.001, ,,
3448,0.001,0.001,0.002,0.001333333, ,0.002,0,0.001,0.001, ,,
3449,0.002,0.002,0.001,0.001666667, ,0.001,0.001,0.001,0.001, ,,
3450,0.001,0.001,0.002,0.001333333, ,0.001,0.001,0,0.000666667, ,,
3451,0.005,0.002,0.001,0.002666667, ,0.001,0.001,0.001,0.001, ,,
3452,0.002,0.002,0.002,0.002, ,0.001,0,0.001,0.000666667, ,,
3453,0.001,0.001,0.001,0.001, ,0,0.001,0.001,0.000666667, ,,
3454,0.002,0.002,0.002,0.002, ,0.001,0,0,0.000333333, ,,
3455,0.001,0.001,0.001,0.001, ,0.001,0.001,0.001,0.001, ,,
3456,0.002,0.001,0.002,0.001666667, ,0,0.001,0.001,0.000666667, ,,
3457,0.001,0.002,0.001,0.001333333, ,0.001,0.001,0.001,0.001, ,,
3458,0.002,0.001,0.002,0.001666667, ,0.001,0.001,0,0.000666667, ,,
3459,0.001,0.002,0.001,0.001333333, ,0.001,0,0.001,0.000666667, ,,
3460,0.002,0.001,0.002,0.001666667, ,0.001,0.001,0.001,0.001, ,,
3461,0.001,0.002,0.001,0.001333333, ,0.003,0.002,0.002,0.002333333, ,,
3462,0.002,0.001,0.002,0.001666667, ,0.002,0.001,0.001,0.001333333, ,,
3463,0.001,0.002,0.002,0.001666667, ,0.002,0.001,0.001,0.001333333, ,,
3464,0.002,0.001,0.001,0.001333333, ,0.001,0.001,0.002,0.001333333, ,,
3465,0.001,0.002,0.002,0.001666667, ,0.002,0.001,0,0.001, ,,
3466,0.002,0.001,0.002,0.001666667, ,0.001,0.001,0.001,0.001, ,,
3467,0.001,0.002,0.001,0.001333333, ,0.001,0.001,0.001,0.001, ,,
3468,0.002,0.001,0.002,0.001666667, ,0.001,0.001,0.001,0.001, ,,
3469,0.002,0.002,0.005,0.003, ,0.001,0.001,0.001,0.001, ,,
3470,0.001,0.001,0.001,0.001, ,0,0,0,0, ,,
3471,0.001,0.002,0.002,0.001666667, ,0.002,0.001,0.001,0.001333333, ,,
3472,0.002,0.001,0.001,0.001333333, ,0.001,0.001,0.001,0.001, ,,
3473,0.001,0.002,0.002,0.001666667, ,0.002,0.001,0.001,0.001333333, ,,
3474,0.002,0.001,0.001,0.001333333, ,0.001,0.001,0.001,0.001, ,,
3475,0.002,0.002,0.002,0.002, ,0.001,0,0.001,0.000666667, ,,
3476,0.001,0.001,0.002,0.001333333, ,0.001,0.001,0.001,0.001, ,,
3477,0.001,0.002,0.001,0.001333333, ,0.002,0.001,0.001,0.001333333, ,,
3478,0.002,0.001,0.002,0.001666667, ,0.001,0.001,0.001,0.001, ,,
3479,0.001,0.002,0.001,0.001333333, ,0.001,0.001,0.001,0.001, ,,
3480,0.002,0.001,0.002,0.001666667, ,0.001,0.001,0.001,0.001, ,,
3481,0.001,0.002,0.001,0.001333333, ,0.001,0.001,0.001,0.001, ,,
3482,0.002,0.001,0.002,0.001666667, ,0.001,0,0.001,0.000666667, ,,
3483,0.001,0.002,0.001,0.001333333, ,0.001,0.001,0.001,0.001, ,,
3484,0.002,0.001,0.002,0.001666667, ,0.002,0.001,0.001,0.001333333, ,,
3485,0.001,0.002,0.001,0.001333333, ,0,0,0.001,0.000333333, ,,
3486,0.002,0.001,0.001,0.001333333, ,0.001,0.001,0,0.000666667, ,,
3487,0.001,0.002,0.002,0.001666667, ,0.001,0.001,0.001,0.001, ,,
3488,0.002,0.001,0.001,0.001333333, ,0.001,0,0.001,0.000666667, ,,
3489,0.001,0.002,0.002,0.001666667, ,0.001,0.001,0,0.000666667, ,,
3490,0.002,0.001,0.001,0.001333333, ,0.001,0.001,0.001,0.001, ,,
3491,0.001,0.002,0.002,0.001666667, ,0.001,0,0.001,0.000666667, ,,
3492,0.002,0.001,0.001,0.001333333, ,0.001,0.001,0.001,0.001, ,,
3493,0.001,0.002,0.002,0.001666667, ,0.002,0.001,0.001,0.001333333, ,,
3494,0.002,0.001,0.001,0.001333333, ,0.001,0.001,0.002,0.001333333, ,,
3495,0.002,0.002,0.002,0.002, ,0.002,0.001,0.001,0.001333333, ,,
3496,0.001,0.001,0.001,0.001, ,0.001,0.001,0.001,0.001, ,,
3497,0.001,0.002,0.002,0.001666667, ,0.001,0.001,0.001,0.001, ,,
3498,0.002,0.001,0.001,0.001333333, ,0.001,0.001,0.001,0.001, ,,
3499,0.001,0.001,0.002,0.001333333, ,0.001,0.001,0.001,0.001, ,,
3500,0.002,0.002,0.001,0.001666667, ,0.001,0,0.001,0.000666667, ,,
3501,0.001,0.002,0.002,0.001666667, ,0.001,0.001,0.001,0.001, ,,
3502,0.002,0.001,0.001,0.001333333, ,0.001,0,0,0.000333333, ,,
3503,0.001,0.001,0.002,0.001333333, ,0,0.001,0.001,0.000666667, ,,
3504,0.002,0.002,0.001,0.001666667, ,0.001,0.001,0,0.000666667, ,,
3505,0.001,0.001,0.002,0.001333333, ,0.001,0,0.001,0.000666667, ,,
3506,0.002,0.002,0.001,0.001666667, ,0.001,0.001,0.001,0.001, ,,
3507,0.001,0.001,0.002,0.001333333, ,0,0.001,0.001,0.000666667, ,,
3508,0.002,0.002,0.001,0.001666667, ,0.001,0,0.001,0.000666667, ,,
3509,0.001,0.001,0.002,0.001333333, ,0.001,0.001,0.001,0.001, ,,
3510,0.002,0.002,0.001,0.001666667, ,0.001,0.001,0,0.000666667, ,,
3511,0.001,0.005,0.002,0.002666667, ,0.001,0,0.001,0.000666667, ,,
3512,0.002,0.002,0.001,0.001666667, ,0.001,0.001,0.001,0.001, ,,
3513,0.001,0.002,0.002,0.001666667, ,0,0,0,0, ,,
3514,0.002,0.001,0.001,0.001333333, ,0.001,0.001,0.001,0.001, ,,
3515,0.001,0.002,0.002,0.001666667, ,0.001,0.001,0.001,0.001, ,,
3516,0.002,0.001,0.001,0.001333333, ,0,0,0,0, ,,
3517,0.001,0.002,0.001,0.001333333, ,0.001,0,0.001,0.000666667, ,,
3518,0.002,0.001,0.002,0.001666667, ,0,0.001,0,0.000333333, ,,
3519,0.001,0.002,0.002,0.001666667, ,0.002,0,0.001,0.001, ,,
3520,0.002,0.001,0.001,0.001333333, ,0.001,0.001,0,0.000666667, ,,
3521,0.001,0.002,0.002,0.001666667, ,0.001,0.001,0.001,0.001, ,,
3522,0.002,0.001,0.001,0.001333333, ,0.002,0,0.001,0.001, ,,
3523,0.001,0.002,0.002,0.001666667, ,0.001,0.001,0,0.000666667, ,,
3524,0.002,0.001,0.001,0.001333333, ,0.001,0,0.001,0.000666667, ,,
3525,0.001,0.002,0.002,0.001666667, ,0.001,0.001,0.001,0.001, ,,
3526,0.002,0.001,0.001,0.001333333, ,0.001,0.001,0.001,0.001, ,,
3527,0.001,0.002,0.001,0.001333333, ,0.001,0.001,0.001,0.001, ,,
3528,0.002,0.001,0.002,0.001666667, ,0.001,0.001,0,0.000666667, ,,
3529,0.001,0.002,0.002,0.001666667, ,0.001,0,0.001,0.000666667, ,,
3530,0.002,0.001,0.001,0.001333333, ,0,0.001,0,0.000333333, ,,
3531,0.001,0.002,0.002,0.001666667, ,0.001,0,0.001,0.000666667, ,,
3532,0.002,0.001,0.001,0.001333333, ,0.001,0.001,0.001,0.001, ,,
3533,0.001,0.001,0.001,0.001, ,0,0,0,0, ,,
3534,0.001,0.002,0.002,0.001666667, ,0.001,0.001,0,0.000666667, ,,
3535,0.002,0.001,0.002,0.001666667, ,0,0,0.001,0.000333333, ,,
3536,0.001,0.002,0.001,0.001333333, ,0.001,0.001,0,0.000666667, ,,
3537,0.002,0.001,0.001,0.001333333, ,0.001,0,0.001,0.000666667, ,,
3538,0.001,0.002,0.002,0.001666667, ,0.001,0,0,0.000333333, ,,
3539,0.002,0.001,0.001,0.001333333, ,0,0.001,0.001,0.000666667, ,,
3540,0.001,0.002,0.002,0.001666667, ,0.001,0,0,0.000333333, ,,
3541,0.002,0.001,0.001,0.001333333, ,0.001,0.001,0,0.000666667, ,,
3542,0.001,0.002,0.002,0.001666667, ,0.001,0,0.001,0.000666667, ,,
3543,0.002,0.001,0.001,0.001333333, ,0,0,0,0, ,,
3544,0.001,0.002,0.002,0.001666667, ,0.001,0.001,0.001,0.001, ,,
3545,0.002,0.001,0.001,0.001333333, ,0.001,0.001,0,0.000666667, ,,
3546,0.001,0.002,0.002,0.001666667, ,0,0,0.001,0.000333333, ,,
3547,0.002,0.001,0.001,0.001333333, ,0.001,0.001,0.001,0.001, ,,
3548,0.001,0.002,0.002,0.001666667, ,0.001,0,0,0.000333333, ,,
3549,0.002,0.001,0.001,0.001333333, ,0,0.001,0.001,0.000666667, ,,
3550,0.001,0.002,0.002,0.001666667, ,0.001,0,0,0.000333333, ,,
3551,0.002,0.001,0.001,0.001333333, ,0,0.001,0,0.000333333, ,,
3552,0.001,0.002,0.002,0.001666667, ,0.001,0,0.001,0.000666667, ,,
3553,0.002,0.001,0.001,0.001333333, ,0.001,0.001,0,0.000666667, ,,
3554,0.004,0.002,0.002,0.002666667, ,0,0,0.001,0.000333333, ,,
3555,0.001,0.001,0.001,0.001, ,0.001,0.001,0,0.000666667, ,,
3556,0.002,0.002,0.002,0.002, ,0.001,0,0.001,0.000666667, ,,
3557,0.001,0.002,0.001,0.001333333, ,0.001,0.001,0.001,0.001, ,,
3558,0.002,0.002,0.002,0.002, ,0.001,0.001,0.001,0.001, ,,
3559,0.001,0.001,0.001,0.001, ,0.001,0,0.001,0.000666667, ,,
3560,0.001,0.002,0.002,0.001666667, ,0.001,0.001,0,0.000666667, ,,
3561,0.002,0.001,0.001,0.001333333, ,0,0.001,0.001,0.000666667, ,,
3562,0.001,0.002,0.002,0.001666667, ,0.001,0,0.001,0.000666667, ,,
3563,0.002,0.001,0.001,0.001333333, ,0.001,0.001,0,0.000666667, ,,
3564,0.001,0.002,0.002,0.001666667, ,0.001,0,0.001,0.000666667, ,,
3565,0.002,0.001,0.001,0.001333333, ,0,0.001,0.001,0.000666667, ,,
3566,0.001,0.002,0.002,0.001666667, ,0.001,0,0,0.000333333, ,,
3567,0.003,0.001,0.001,0.001666667, ,0,0.001,0,0.000333333, ,,
3568,0.002,0.002,0.002,0.002, ,0.001,0,0.001,0.000666667, ,,
3569,0.001,0.001,0.001,0.001, ,0.001,0.001,0.001,0.001, ,,
3570,0.002,0.002,0.002,0.002, ,0.001,0.001,0.001,0.001, ,,
3571,0.001,0.001,0.005,0.002333333, ,0.001,0,0,0.000333333, ,,
3572,0.002,0.002,0.001,0.001666667, ,0.001,0.001,0.001,0.001, ,,
3573,0.001,0.002,0.002,0.001666667, ,0.001,0.001,0.001,0.001, ,,
3574,0.002,0.001,0.001,0.001333333, ,0.001,0.001,0.001,0.001, ,,
3575,0.002,0.002,0.002,0.002, ,0.001,0,0.001,0.000666667, ,,
3576,0.002,0.001,0.001,0.001333333, ,0.001,0.001,0.001,0.001, ,,
3577,0.002,0.002,0.002,0.002, ,0.001,0.001,0,0.000666667, ,,
3578,0.001,0.001,0.001,0.001, ,0.001,0,0.001,0.000666667, ,,
3579,0.002,0.002,0.002,0.002, ,0.001,0.001,0.001,0.001, ,,
3580,0.002,0.001,0.001,0.001333333, ,0.001,0.001,0.001,0.001, ,,
3581,0.001,0.002,0.002,0.001666667, ,0.001,0,0,0.000333333, ,,
3582,0.002,0.001,0.001,0.001333333, ,0,0.001,0,0.000333333, ,,
3583,0.001,0.002,0.002,0.001666667, ,0.001,0,0.001,0.000666667, ,,
3584,0.002,0.001,0.001,0.001333333, ,0.001,0.001,0.001,0.001, ,,
3585,0.002,0.002,0.002,0.002, ,0.001,0.001,0.001,0.001, ,,
3586,0.001,0.001,0.001,0.001, ,0,0,0,0, ,,
3587,0.002,0.002,0.002,0.002, ,0.001,0.001,0.001,0.001, ,,
3588,0.001,0.001,0.001,0.001, ,0.001,0.001,0,0.000666667, ,,
3589,0.001,0.002,0.002,0.001666667, ,0.001,0.001,0.001,0.001, ,,
3590,0.002,0.001,0.001,0.001333333, ,0.002,0.001,0.002,0.001666667, ,,
3591,0.001,0.002,0.002,0.001666667, ,0.001,0,0,0.000333333, ,,
3592,0.002,0.002,0.001,0.001666667, ,0,0.001,0.001,0.000666667, ,,
3593,0.001,0.002,0.002,0.001666667, ,0.001,0.001,0.001,0.001, ,,
3594,0.002,0.002,0.001,0.001666667, ,0.001,0,0,0.000333333, ,,
3595,0.001,0.001,0.002,0.001333333, ,0.001,0.001,0.001,0.001, ,,
3596,0.002,0.002,0.001,0.001666667, ,0,0.001,0.001,0.000666667, ,,
3597,0.001,0.001,0.002,0.001333333, ,0.001,0,0,0.000333333, ,,
3598,0.002,0.002,0.001,0.001666667, ,0.001,0.001,0.001,0.001, ,,
3599,0.002,0.001,0.002,0.001666667, ,0,0,0,0, ,,
3600,0.001,0.002,0.001,0.001333333, ,0.001,0.001,0.001,0.001, ,,
3601,0.001,0.001,0.002,0.001333333, ,0.001,0.001,0.001,0.001, ,,
3602,0.002,0.002,0.001,0.001666667, ,0.001,0,0,0.000333333, ,,
3603,0.001,0.001,0.002,0.001333333, ,0,0.001,0.001,0.000666667, ,,
3604,0.002,0.002,0.001,0.001666667, ,0.001,0,0,0.000333333, ,,
3605,0.001,0.001,0.002,0.001333333, ,0.001,0.001,0.001,0.001, ,,
3606,0.002,0.002,0.001,0.001666667, ,0.001,0,0.001,0.000666667, ,,
3607,0.001,0.001,0.002,0.001333333, ,0,0.001,0.001,0.000666667, ,,
3608,0.002,0.001,0.001,0.001333333, ,0.001,0.001,0.001,0.001, ,,
3609,0.001,0.002,0.002,0.001666667, ,0.001,0,0,0.000333333, ,,
3610,0.002,0.002,0.001,0.001666667, ,0.001,0.001,0.001,0.001, ,,
3611,0.001,0.001,0.002,0.001333333, ,0.001,0.001,0.001,0.001, ,,
3612,0.002,0.002,0.001,0.001666667, ,0,0,0.001,0.000333333, ,,
3613,0.001,0.001,0.001,0.001, ,0.001,0.001,0.001,0.001, ,,
3614,0.001,0.004,0.002,0.002333333, ,0.001,0,0,0.000333333, ,,
3615,0.002,0.001,0.001,0.001333333, ,0.001,0.001,0.001,0.001, ,,
3616,0.002,0.002,0.002,0.002, ,0.001,0.001,0.001,0.001, ,,
3617,0.001,0.001,0.001,0.001, ,0,0,0,0, ,,
3618,0.001,0.001,0.002,0.001333333, ,0.001,0.001,0.001,0.001, ,,
3619,0.002,0.002,0.001,0.001666667, ,0.001,0.001,0.001,0.001, ,,
3620,0.001,0.001,0.002,0.001333333, ,0.001,0,0.001,0.000666667, ,,
3621,0.002,0.002,0.002,0.002, ,0.001,0.001,0.001,0.001, ,,
3622,0.001,0.001,0.001,0.001, ,0.001,0.001,0.001,0.001, ,,
3623,0.002,0.002,0.001,0.001666667, ,0.002,0.001,0.001,0.001333333, ,,
3624,0.001,0.001,0.002,0.001333333, ,0.001,0.001,0.001,0.001, ,,
3625,0.002,0.002,0.001,0.001666667, ,0.001,0,0.001,0.000666667, ,,
3626,0.001,0.001,0.002,0.001333333, ,0,0.001,0,0.000333333, ,,
3627,0.002,0.002,0.001,0.001666667, ,0.001,0.001,0.001,0.001, ,,
3628,0.001,0.001,0.002,0.001333333, ,0.001,0,0.001,0.000666667, ,,
3629,0.002,0.002,0.001,0.001666667, ,0.001,0.001,0.001,0.001, ,,
3630,0.001,0.001,0.002,0.001333333, ,0,0,0,0, ,,
3631,0.002,0.002,0.002,0.002, ,0.001,0.001,0.001,0.001, ,,
3632,0.001,0.001,0.001,0.001, ,0.001,0,0,0.000333333, ,,
3633,0.002,0.001,0.002,0.001666667, ,0.001,0.001,0.001,0.001, ,,
3634,0.001,0.002,0.002,0.001666667, ,0,0.001,0.001,0.000666667, ,,
3635,0.002,0.001,0.001,0.001333333, ,0.001,0,0,0.000333333, ,,
3636,0.001,0.002,0.001,0.001333333, ,0.001,0.001,0.001,0.001, ,,
3637,0.001,0.001,0.002,0.001333333, ,0.001,0.001,0.001,0.001, ,,
3638,0.002,0.002,0.001,0.001666667, ,0.001,0,0.001,0.000666667, ,,
3639,0.001,0.001,0.002,0.001333333, ,0.001,0.001,0,0.000666667, ,,
3640,0.002,0.002,0.001,0.001666667, ,0,0,0.001,0.000333333, ,,
3641,0.001,0.002,0.002,0.001666667, ,0.001,0.001,0.001,0.001, ,,
3642,0.002,0.001,0.001,0.001333333, ,0.001,0,0,0.000333333, ,,
3643,0.001,0.002,0.002,0.001666667, ,0,0.001,0.001,0.000666667, ,,
3644,0.002,0.001,0.001,0.001333333, ,0.001,0,0.001,0.000666667, ,,
3645,0.001,0.002,0.002,0.001666667, ,0,0.001,0,0.000333333, ,,
3646,0.002,0.001,0.001,0.001333333, ,0.001,0,0.001,0.000666667, ,,
3647,0.001,0.002,0.002,0.001666667, ,0,0.001,0,0.000333333, ,,
3648,0.002,0.001,0.001,0.001333333, ,0.001,0,0.001,0.000666667, ,,
3649,0.001,0.002,0.001,0.001333333, ,0.001,0.001,0,0.000666667, ,,
3650,0.002,0.002,0.002,0.002, ,0,0,0.001,0.000333333, ,,
3651,0.001,0.001,0.002,0.001333333, ,0.001,0.001,0,0.000666667, ,,
3652,0.002,0.002,0.001,0.001666667, ,0.001,0,0.001,0.000666667, ,,
3653,0.001,0.001,0.002,0.001333333, ,0.001,0.001,0.001,0.001, ,,
3654,0.002,0.001,0.001,0.001333333, ,0.001,0.001,0.001,0.001, ,,
3655,0.001,0.002,0.001,0.001333333, ,0.001,0.001,0.001,0.001, ,,
3656,0.001,0.001,0.002,0.001333333, ,0.001,0,0.001,0.000666667, ,,
3657,0.005,0.002,0.001,0.002666667, ,0.001,0.001,0,0.000666667, ,,
3658,0.001,0.001,0.002,0.001333333, ,0,0,0.001,0.000333333, ,,
3659,0.002,0.002,0.001,0.001666667, ,0.001,0,0,0.000333333, ,,
3660,0.002,0.001,0.002,0.001666667, ,0.001,0.001,0.001,0.001, ,,
3661,0.001,0.002,0.001,0.001333333, ,0.001,0,0.001,0.000666667, ,,
3662,0.002,0.001,0.002,0.001666667, ,0,0.001,0,0.000333333, ,,
3663,0.001,0.002,0.001,0.001333333, ,0,0,0,0, ,,
3664,0.002,0.001,0.002,0.001666667, ,0.001,0.001,0.001,0.001, ,,
3665,0.001,0.002,0.001,0.001333333, ,0.001,0,0,0.000333333, ,,
3666,0.002,0.001,0.002,0.001666667, ,0,0,0.001,0.000333333, ,,
3667,0.001,0.002,0.001,0.001333333, ,0.001,0.001,0,0.000666667, ,,
3668,0.002,0.001,0.002,0.001666667, ,0,0,0.001,0.000333333, ,,
3669,0.001,0.002,0.001,0.001333333, ,0.001,0,0,0.000333333, ,,
3670,0.002,0.001,0.002,0.001666667, ,0,0.001,0.001,0.000666667, ,,
3671,0.001,0.002,0.001,0.001333333, ,0.001,0,0,0.000333333, ,,
3672,0.002,0.001,0.002,0.001666667, ,0,0.001,0.001,0.000666667, ,,
3673,0.001,0.002,0.001,0.001333333, ,0.001,0,0,0.000333333, ,,
3674,0.002,0.001,0.004,0.002333333, ,0,0.001,0.001,0.000666667, ,,
3675,0.001,0.002,0.001,0.001333333, ,0.001,0,0.001,0.000666667, ,,
3676,0.002,0.001,0.002,0.001666667, ,0.001,0.001,0.001,0.001, ,,
3677,0.002,0.002,0.001,0.001666667, ,0,0,0,0, ,,
3678,0.001,0.001,0.002,0.001333333, ,0.001,0.001,0.001,0.001, ,,
3679,0.002,0.002,0.001,0.001666667, ,0.001,0,0,0.000333333, ,,
3680,0.001,0.001,0.002,0.001333333, ,0.001,0.001,0.001,0.001, ,,
3681,0.002,0.002,0.001,0.001666667, ,0,0,0,0, ,,
3682,0.001,0.001,0.002,0.001333333, ,0.001,0,0.001,0.000666667, ,,
3683,0.002,0.002,0.001,0.001666667, ,0,0.001,0,0.000333333, ,,
3684,0.001,0.001,0.002,0.001333333, ,0.001,0,0.001,0.000666667, ,,
3685,0.002,0.002,0.001,0.001666667, ,0.001,0.001,0.001,0.001, ,,
3686,0.001,0.002,0.002,0.001666667, ,0.001,0.001,0.001,0.001, ,,
3687,0.002,0.001,0.001,0.001333333, ,0.001,0.001,0.001,0.001, ,,
3688,0.001,0.002,0.002,0.001666667, ,0.001,0,0.001,0.000666667, ,,
3689,0.002,0.002,0.001,0.001666667, ,0.001,0.001,0.001,0.001, ,,
3690,0.001,0.001,0.002,0.001333333, ,0.001,0,0.001,0.000666667, ,,
3691,0.002,0.002,0.001,0.001666667, ,0,0.001,0,0.000333333, ,,
3692,0.001,0.002,0.002,0.001666667, ,0.001,0,0.001,0.000666667, ,,
3693,0.002,0.001,0.001,0.001333333, ,0.001,0.001,0.001,0.001, ,,
3694,0.001,0.002,0.002,0.001666667, ,0.001,0,0,0.000333333, ,,
3695,0.001,0.001,0.001,0.001, ,0,0.001,0,0.000333333, ,,
3696,0.002,0.002,0.002,0.002, ,0.001,0,0.001,0.000666667, ,,
3697,0.002,0.001,0.001,0.001333333, ,0.001,0.001,0.001,0.001, ,,
3698,0.001,0.002,0.002,0.001666667, ,0.001,0,0.001,0.000666667, ,,
3699,0.002,0.001,0.001,0.001333333, ,0.001,0,0,0.000333333, ,,
3700,0.001,0.002,0.002,0.001666667, ,0.001,0.001,0.001,0.001, ,,
3701,0.002,0.001,0.001,0.001333333, ,0.001,0.001,0.001,0.001, ,,
3702,0.001,0.002,0.002,0.001666667, ,0.001,0,0.001,0.000666667, ,,
3703,0.002,0.001,0.001,0.001333333, ,0.001,0.001,0.001,0.001, ,,
3704,0.001,0.002,0.002,0.001666667, ,0,0.001,0,0.000333333, ,,
3705,0.002,0.001,0.001,0.001333333, ,0.001,0.001,0.001,0.001, ,,
3706,0.001,0.002,0.002,0.001666667, ,0.001,0,0.001,0.000666667, ,,
3707,0.002,0.001,0.001,0.001333333, ,0.001,0.001,0.001,0.001, ,,
3708,0.001,0.002,0.001,0.001333333, ,0.001,0,0,0.000333333, ,,
3709,0.002,0.001,0.002,0.001666667, ,0,0.001,0.001,0.000666667, ,,
3710,0.001,0.001,0.001,0.001, ,0.001,0,0,0.000333333, ,,
3711,0.002,0.002,0.003,0.002333333, ,0,0.001,0.001,0.000666667, ,,
3712,0.001,0.002,0.001,0.001333333, ,0.001,0,0,0.000333333, ,,
3713,0.002,0.001,0.002,0.001666667, ,0.001,0.001,0.001,0.001, ,,
3714,0.001,0.002,0.001,0.001333333, ,0.001,0,0.001,0.000666667, ,,
3715,0.002,0.001,0.001,0.001333333, ,0,0.001,0,0.000333333, ,,
3716,0.001,0.002,0.002,0.001666667, ,0.001,0,0.001,0.000666667, ,,
3717,0.002,0.004,0.001,0.002333333, ,0.001,0.001,0.001,0.001, ,,
3718,0.001,0.001,0.002,0.001333333, ,0.002,0.001,0.001,0.001333333, ,,
3719,0.002,0.002,0.001,0.001666667, ,0.001,0.001,0.001,0.001, ,,
3720,0.001,0.001,0.002,0.001333333, ,0.001,0,0.001,0.000666667, ,,
3721,0.002,0.002,0.001,0.001666667, ,0,0.001,0,0.000333333, ,,
3722,0.001,0.001,0.002,0.001333333, ,0.001,0,0.001,0.000666667, ,,
3723,0.002,0.002,0.001,0.001666667, ,0.001,0.001,0,0.000666667, ,,
3724,0.001,0.001,0.002,0.001333333, ,0,0,0.001,0.000333333, ,,
3725,0.002,0.002,0.001,0.001666667, ,0.001,0.001,0,0.000666667, ,,
3726,0.001,0.002,0.002,0.001666667, ,0,0,0.001,0.000333333, ,,
3727,0.002,0.001,0.001,0.001333333, ,0.001,0.001,0,0.000666667, ,,
3728,0.001,0.002,0.002,0.001666667, ,0.001,0,0.001,0.000666667, ,,
3729,0.002,0.001,0.001,0.001333333, ,0.001,0.001,0.001,0.001, ,,
3730,0.002,0.002,0.002,0.002, ,0,0,0,0, ,,
3731,0.001,0.001,0.001,0.001, ,0.001,0.001,0.001,0.001, ,,
3732,0.002,0.002,0.002,0.002, ,0.001,0.001,0,0.000666667, ,,
3733,0.001,0.001,0.002,0.001333333, ,0,0,0.001,0.000333333, ,,
3734,0.002,0.002,0.002,0.002, ,0.001,0.001,0.001,0.001, ,,
3735,0.001,0.002,0.002,0.001666667, ,0.001,0.001,0.001,0.001, ,,
3736,0.002,0.001,0.001,0.001333333, ,0.001,0,0,0.000333333, ,,
3737,0.001,0.002,0.002,0.001666667, ,0.001,0.001,0.001,0.001, ,,
3738,0.002,0.001,0.001,0.001333333, ,0,0.001,0.001,0.000666667, ,,
3739,0.001,0.002,0.002,0.001666667, ,0.001,0,0.001,0.000666667, ,,
3740,0.002,0.002,0.001,0.001666667, ,0.001,0.001,0.001,0.001, ,,
3741,0.001,0.001,0.002,0.001333333, ,0.001,0,0,0.000333333, ,,
3742,0.002,0.002,0.001,0.001666667, ,0,0.001,0.001,0.000666667, ,,
3743,0.001,0.001,0.002,0.001333333, ,0.001,0,0.001,0.000666667, ,,
3744,0.002,0.002,0.001,0.001666667, ,0.001,0.001,0,0.000666667, ,,
3745,0.001,0.001,0.002,0.001333333, ,0,0,0.001,0.000333333, ,,
3746,0.002,0.002,0.001,0.001666667, ,0.001,0.001,0,0.000666667, ,,
3747,0.001,0.001,0.002,0.001333333, ,0.001,0,0.001,0.000666667, ,,
3748,0.002,0.002,0.001,0.001666667, ,0.001,0.001,0.001,0.001, ,,
3749,0.001,0.003,0.002,0.002, ,0.001,0.001,0.001,0.001, ,,
3750,0.002,0.001,0.001,0.001333333, ,0.001,0.001,0.001,0.001, ,,
3751,0.002,0.002,0.002,0.002, ,0.001,0.001,0.001,0.001, ,,
3752,0.001,0.001,0.002,0.001333333, ,0.001,0,0.001,0.000666667, ,,
3753,0.002,0.002,0.001,0.001666667, ,0.001,0.001,0.001,0.001, ,,
3754,0.001,0.002,0.002,0.001666667, ,0,0,0,0, ,,
3755,0.002,0.001,0.001,0.001333333, ,0.001,0.001,0.001,0.001, ,,
3756,0.001,0.002,0.002,0.001666667, ,0.001,0.001,0.001,0.001, ,,
3757,0.002,0.001,0.001,0.001333333, ,0.001,0,0,0.000333333, ,,
3758,0.001,0.002,0.002,0.001666667, ,0,0.001,0.001,0.000666667, ,,
3759,0.002,0.002,0.001,0.001666667, ,0.001,0,0,0.000333333, ,,
3760,0.004,0.001,0.002,0.002333333, ,0.002,0.001,0.001,0.001333333, ,,
3761,0.001,0.002,0.001,0.001333333, ,0,0,0.001,0.000333333, ,,
3762,0.002,0.001,0.002,0.001666667, ,0.001,0.001,0,0.000666667, ,,
3763,0.001,0.002,0.002,0.001666667, ,0.001,0,0.001,0.000666667, ,,
3764,0.002,0.001,0.001,0.001333333, ,0.001,0.001,0.001,0.001, ,,
3765,0.001,0.002,0.001,0.001333333, ,0.001,0.001,0.001,0.001, ,,
3766,0.002,0.002,0.002,0.002, ,0.001,0,0.001,0.000666667, ,,
3767,0.002,0.001,0.001,0.001333333, ,0.001,0.001,0,0.000666667, ,,
3768,0.001,0.002,0.002,0.001666667, ,0.001,0.001,0.001,0.001, ,,
3769,0.002,0.001,0.002,0.001666667, ,0,0,0.001,0.000333333, ,,
3770,0.001,0.002,0.002,0.001666667, ,0.001,0.001,0,0.000666667, ,,
3771,0.002,0.001,0.001,0.001333333, ,0.001,0,0.001,0.000666667, ,,
3772,0.001,0.002,0.002,0.001666667, ,0.001,0.001,0.001,0.001, ,,
3773,0.002,0.001,0.002,0.001666667, ,0.001,0,0,0.000333333, ,,
3774,0.001,0.002,0.002,0.001666667, ,0,0.001,0,0.000333333, ,,
3775,0.002,0.001,0.002,0.001666667, ,0.001,0,0.001,0.000666667, ,,
3776,0.001,0.002,0.005,0.002666667, ,0.001,0.001,0.001,0.001, ,,
3777,0.002,0.002,0.002,0.002, ,0.001,0,0,0.000333333, ,,
3778,0.002,0.001,0.001,0.001333333, ,0.001,0.001,0.001,0.001, ,,
3779,0.001,0.002,0.002,0.001666667, ,0,0,0,0, ,,
3780,0.002,0.001,0.002,0.001666667, ,0.001,0.001,0.001,0.001, ,,
3781,0.002,0.002,0.001,0.001666667, ,0.001,0,0.001,0.000666667, ,,
3782,0.001,0.002,0.002,0.001666667, ,0.001,0.001,0.001,0.001, ,,
3783,0.002,0.001,0.001,0.001333333, ,0.001,0.001,0.001,0.001, ,,
3784,0.001,0.002,0.002,0.001666667, ,0.001,0.001,0,0.000666667, ,,
3785,0.002,0.001,0.001,0.001333333, ,0.001,0,0.001,0.000666667, ,,
3786,0.001,0.002,0.002,0.001666667, ,0,0.001,0,0.000333333, ,,
3787,0.002,0.001,0.002,0.001666667, ,0.001,0,0.001,0.000666667, ,,
3788,0.001,0.002,0.001,0.001333333, ,0.001,0.001,0,0.000666667, ,,
3789,0.002,0.002,0.002,0.002, ,0,0,0.001,0.000333333, ,,
3790,0.002,0.001,0.001,0.001333333, ,0,0,0,0, ,,
3791,0.001,0.002,0.002,0.001666667, ,0.001,0.001,0.001,0.001, ,,
3792,0.002,0.002,0.001,0.001666667, ,0.001,0,0,0.000333333, ,,
3793,0.001,0.001,0.002,0.001333333, ,0,0.001,0.001,0.000666667, ,,
3794,0.002,0.002,0.001,0.001666667, ,0.001,0,0,0.000333333, ,,
3795,0.001,0.001,0.002,0.001333333, ,0,0.001,0,0.000333333, ,,
3796,0.002,0.002,0.001,0.001666667, ,0.001,0,0.001,0.000666667, ,,
3797,0.001,0.002,0.002,0.001666667, ,0,0,0,0, ,,
3798,0.002,0.001,0.001,0.001333333, ,0.001,0.001,0.001,0.001, ,,
3799,0.001,0.002,0.002,0.001666667, ,0,0,0,0, ,,
3800,0.002,0.001,0.001,0.001333333, ,0.001,0.001,0.001,0.001, ,,
3801,0.001,0.002,0.002,0.001666667, ,0.001,0,0,0.000333333, ,,
3802,0.002,0.002,0.001,0.001666667, ,0,0.001,0.001,0.000666667, ,,
3803,0.001,0.001,0.002,0.001333333, ,0.001,0.001,0.001,0.001, ,,
3804,0.002,0.002,0.001,0.001666667, ,0.001,0,0.001,0.000666667, ,,
3805,0.001,0.001,0.002,0.001333333, ,0,0.001,0,0.000333333, ,,
3806,0.002,0.002,0.001,0.001666667, ,0.001,0,0,0.000333333, ,,
3807,0.001,0.001,0.002,0.001333333, ,0.001,0.001,0.001,0.001, ,,
3808,0.002,0.002,0.001,0.001666667, ,0,0,0.001,0.000333333, ,,
3809,0.001,0.001,0.002,0.001333333, ,0.001,0.001,0,0.000666667, ,,
3810,0.002,0.002,0.001,0.001666667, ,0.001,0,0.001,0.000666667, ,,
3811,0.001,0.001,0.002,0.001333333, ,0,0.001,0,0.000333333, ,,
3812,0.002,0.002,0.002,0.002, ,0.001,0.001,0.001,0.001, ,,
3813,0.001,0.002,0.001,0.001333333, ,0.001,0,0.001,0.000666667, ,,
3814,0.002,0.001,0.001,0.001333333, ,0.001,0.002,0.001,0.001333333, ,,
3815,0.001,0.002,0.002,0.001666667, ,0.001,0,0.001,0.000666667, ,,
3816,0.002,0.001,0.001,0.001333333, ,0.001,0.001,0.001,0.001, ,,
3817,0.001,0.002,0.002,0.001666667, ,0.001,0.001,0.001,0.001, ,,
3818,0.002,0.002,0.002,0.002, ,0.001,0,0,0.000333333, ,,
3819,0.001,0.005,0.001,0.002333333, ,0.001,0.001,0.001,0.001, ,,
3820,0.002,0.001,0.002,0.001666667, ,0.001,0,0.001,0.000666667, ,,
3821,0.001,0.002,0.001,0.001333333, ,0.001,0.001,0,0.000666667, ,,
3822,0.002,0.002,0.002,0.002, ,0,0,0.001,0.000333333, ,,
3823,0.001,0.001,0.001,0.001, ,0.001,0.001,0,0.000666667, ,,
3824,0.002,0.002,0.002,0.002, ,0.001,0.001,0.001,0.001, ,,
3825,0.001,0.001,0.002,0.001333333, ,0.001,0,0.001,0.000666667, ,,
3826,0.002,0.002,0.001,0.001666667, ,0.001,0.001,0.001,0.001, ,,
3827,0.001,0.001,0.001,0.001, ,0.001,0,0,0.000333333, ,,
3828,0.002,0.002,0.002,0.002, ,0.001,0.001,0.001,0.001, ,,
3829,0.002,0.001,0.002,0.001666667, ,0.002,0.001,0.001,0.001333333, ,,
3830,0.001,0.002,0.001,0.001333333, ,0.001,0.001,0.001,0.001, ,,
3831,0.002,0.001,0.002,0.001666667, ,0.001,0,0.001,0.000666667, ,,
3832,0.001,0.002,0.001,0.001333333, ,0.001,0.001,0.001,0.001, ,,
3833,0.002,0.001,0.002,0.001666667, ,0.001,0.001,0,0.000666667, ,,
3834,0.001,0.002,0.001,0.001333333, ,0.001,0,0.001,0.000666667, ,,
3835,0.002,0.001,0.001,0.001333333, ,0.002,0.001,0.001,0.001333333, ,,
3836,0.001,0.002,0.002,0.001666667, ,0.001,0.001,0.001,0.001, ,,
3837,0.002,0.002,0.002,0.002, ,0,0,0.001,0.000333333, ,,
3838,0.001,0.001,0.001,0.001, ,0.001,0.001,0,0.000666667, ,,
3839,0.002,0.002,0.002,0.002, ,0.001,0,0.001,0.000666667, ,,
3840,0.002,0.001,0.001,0.001333333, ,0.001,0.001,0.001,0.001, ,,
3841,0.001,0.002,0.002,0.001666667, ,0.001,0.001,0,0.000666667, ,,
3842,0.002,0.001,0.001,0.001333333, ,0,0,0.001,0.000333333, ,,
3843,0.001,0.002,0.002,0.001666667, ,0.001,0.001,0.001,0.001, ,,
3844,0.002,0.001,0.002,0.001666667, ,0.001,0,0,0.000333333, ,,
3845,0.001,0.002,0.001,0.001333333, ,0.002,0.001,0.002,0.001666667, ,,
3846,0.002,0.001,0.002,0.001666667, ,0.002,0.002,0.001,0.001666667, ,,
3847,0.002,0.002,0.001,0.001666667, ,0.001,0,0.001,0.000666667, ,,
3848,0.001,0.001,0.002,0.001333333, ,0.001,0.001,0,0.000666667, ,,
3849,0.002,0.002,0.001,0.001666667, ,0.001,0.001,0.001,0.001, ,,
3850,0.001,0.001,0.002,0.001333333, ,0.001,0,0.001,0.000666667, ,,
3851,0.002,0.002,0.001,0.001666667, ,0.001,0.001,0,0.000666667, ,,
3852,0.001,0.001,0.002,0.001333333, ,0.001,0,0.001,0.000666667, ,,
3853,0.002,0.002,0.001,0.001666667, ,0.001,0.001,0.001,0.001, ,,
3854,0.001,0.001,0.002,0.001333333, ,0.001,0,0,0.000333333, ,,
3855,0.002,0.002,0.001,0.001666667, ,0,0.001,0,0.000333333, ,,
3856,0.002,0.002,0.002,0.002, ,0.001,0.001,0.001,0.001, ,,
3857,0.001,0.001,0.002,0.001333333, ,0.001,0,0.001,0.000666667, ,,
3858,0.002,0.002,0.001,0.001666667, ,0.001,0.001,0,0.000666667, ,,
3859,0.001,0.001,0.002,0.001333333, ,0.001,0,0.001,0.000666667, ,,
3860,0.002,0.002,0.001,0.001666667, ,0.001,0.001,0.001,0.001, ,,
3861,0.002,0.001,0.002,0.001666667, ,0.001,0.001,0,0.000666667, ,,
3862,0.004,0.002,0.001,0.002333333, ,0.001,0.001,0.001,0.001, ,,
3863,0.002,0.001,0.002,0.001666667, ,0.001,0.001,0.001,0.001, ,,
3864,0.002,0.002,0.001,0.001666667, ,0.002,0,0,0.000666667, ,,
3865,0.001,0.002,0.002,0.001666667, ,0.001,0.001,0.001,0.001, ,,
3866,0.002,0.002,0.001,0.001666667, ,0,0.001,0.001,0.000666667, ,,
3867,0.001,0.002,0.002,0.001666667, ,0.001,0,0,0.000333333, ,,
3868,0.002,0.001,0.001,0.001333333, ,0.002,0.001,0.001,0.001333333, ,,
3869,0.002,0.002,0.002,0.002, ,0,0.001,0.001,0.000666667, ,,
3870,0.001,0.001,0.001,0.001, ,0.001,0,0,0.000333333, ,,
3871,0.002,0.002,0.002,0.002, ,0.001,0.001,0.001,0.001, ,,
3872,0.001,0.002,0.002,0.001666667, ,0.001,0,0,0.000333333, ,,
3873,0.002,0.001,0.001,0.001333333, ,0.001,0.001,0.001,0.001, ,,
3874,0.001,0.002,0.002,0.001666667, ,0.001,0.001,0,0.000666667, ,,
3875,0.002,0.001,0.001,0.001333333, ,0.001,0,0.001,0.000666667, ,,
3876,0.002,0.002,0.002,0.002, ,0.001,0.001,0.001,0.001, ,,
3877,0.001,0.001,0.001,0.001, ,0.002,0.001,0.001,0.001333333, ,,
3878,0.002,0.002,0.005,0.003, ,0.001,0.001,0.001,0.001, ,,
3879,0.001,0.001,0.002,0.001333333, ,0.002,0.001,0.001,0.001333333, ,,
3880,0.002,0.002,0.001,0.001666667, ,0.001,0,0.001,0.000666667, ,,
3881,0.001,0.001,0.002,0.001333333, ,0.002,0.001,0.001,0.001333333, ,,
3882,0.002,0.002,0.001,0.001666667, ,0.001,0.001,0,0.000666667, ,,
3883,0.001,0.001,0.002,0.001333333, ,0.001,0.001,0.001,0.001, ,,
3884,0.002,0.002,0.001,0.001666667, ,0.001,0,0.001,0.000666667, ,,
3885,0.002,0.001,0.002,0.001666667, ,0.001,0.001,0,0.000666667, ,,
3886,0.001,0.002,0.001,0.001333333, ,0,0,0.001,0.000333333, ,,
3887,0.002,0.001,0.002,0.001666667, ,0.001,0.001,0,0.000666667, ,,
3888,0.001,0.002,0.002,0.001666667, ,0.001,0.001,0.001,0.001, ,,
3889,0.002,0.002,0.001,0.001666667, ,0.001,0,0.001,0.000666667, ,,
3890,0.001,0.001,0.001,0.001, ,0.001,0.001,0,0.000666667, ,,
3891,0.002,0.002,0.002,0.002, ,0.001,0,0.001,0.000666667, ,,
3892,0.001,0.001,0.001,0.001, ,0.001,0.001,0.001,0.001, ,,
3893,0.002,0.002,0.002,0.002, ,0.003,0.001,0,0.001333333, ,,
3894,0.001,0.001,0.001,0.001, ,0.002,0.001,0.001,0.001333333, ,,
3895,0.002,0.002,0.002,0.002, ,0.001,0,0.001,0.000666667, ,,
3896,0.001,0.001,0.001,0.001, ,0.002,0.001,0,0.001, ,,
3897,0.002,0.002,0.002,0.002, ,0,0,0.001,0.000333333, ,,
3898,0.001,0.001,0.001,0.001, ,0.001,0.001,0.001,0.001, ,,
3899,0.002,0.002,0.002,0.002, ,0.001,0,0,0.000333333, ,,
3900,0.001,0.001,0.002,0.001333333, ,0.001,0.001,0.001,0.001, ,,
3901,0.002,0.002,0.001,0.001666667, ,0,0,0,0, ,,
3902,0.002,0.001,0.002,0.001666667, ,0.001,0.001,0.001,0.001, ,,
3903,0.001,0.002,0.001,0.001333333, ,0,0,0,0, ,,
3904,0.002,0.001,0.002,0.001666667, ,0.001,0.001,0.001,0.001, ,,
3905,0.001,0.002,0.001,0.001333333, ,0.001,0,0,0.000333333, ,,
3906,0.002,0.001,0.001,0.001333333, ,0.001,0.001,0.001,0.001, ,,
3907,0.002,0.002,0.001,0.001666667, ,0,0,0,0, ,,
3908,0.002,0.002,0.002,0.002, ,0.002,0.001,0.001,0.001333333, ,,
3909,0.001,0.001,0.001,0.001, ,0.001,0.001,0.001,0.001, ,,
3910,0.002,0.002,0.002,0.002, ,0.001,0.001,0.001,0.001, ,,
3911,0.001,0.001,0.001,0.001, ,0.001,0.001,0.001,0.001, ,,
3912,0.002,0.002,0.002,0.002, ,0.001,0,0,0.000333333, ,,
3913,0.001,0.001,0.001,0.001, ,0.001,0.001,0.001,0.001, ,,
3914,0.002,0.002,0.002,0.002, ,0.001,0,0.001,0.000666667, ,,
3915,0.002,0.002,0.001,0.001666667, ,0,0.001,0,0.000333333, ,,
3916,0.001,0.001,0.002,0.001333333, ,0.001,0,0.001,0.000666667, ,,
3917,0.002,0.002,0.001,0.001666667, ,0.001,0.001,0,0.000666667, ,,
3918,0.001,0.001,0.002,0.001333333, ,0,0,0.001,0.000333333, ,,
3919,0.002,0.002,0.001,0.001666667, ,0.001,0.001,0,0.000666667, ,,
3920,0.001,0.001,0.002,0.001333333, ,0,0,0.001,0.000333333, ,,
3921,0.002,0.005,0.001,0.002666667, ,0.001,0.001,0,0.000666667, ,,
3922,0.001,0.002,0.002,0.001666667, ,0.001,0,0.001,0.000666667, ,,
3923,0.002,0.002,0.001,0.001666667, ,0,0.001,0,0.000333333, ,,
3924,0.001,0.001,0.002,0.001333333, ,0.001,0,0.001,0.000666667, ,,
3925,0.002,0.002,0.001,0.001666667, ,0,0.001,0.001,0.000666667, ,,
3926,0.002,0.001,0.002,0.001666667, ,0.001,0,0,0.000333333, ,,
3927,0.002,0.002,0.001,0.001666667, ,0.001,0.001,0.001,0.001, ,,
3928,0.002,0.001,0.002,0.001666667, ,0,0,0,0, ,,
3929,0.001,0.002,0.001,0.001333333, ,0.001,0.001,0.001,0.001, ,,
3930,0.002,0.001,0.002,0.001666667, ,0.001,0.001,0,0.000666667, ,,
3931,0.002,0.002,0.001,0.001666667, ,0.001,0,0.001,0.000666667, ,,
3932,0.001,0.002,0.002,0.001666667, ,0.001,0.001,0.001,0.001, ,,
3933,0.002,0.001,0.001,0.001333333, ,0,0.001,0.001,0.000666667, ,,
3934,0.002,0.002,0.002,0.002, ,0.001,0,0,0.000333333, ,,
3935,0.002,0.001,0.001,0.001333333, ,0.001,0.001,0.001,0.001, ,,
3936,0.001,0.002,0.002,0.001666667, ,0,0,0,0, ,,
3937,0.002,0.002,0.001,0.001666667, ,0.001,0.001,0.001,0.001, ,,
3938,0.002,0.001,0.003,0.002, ,0.001,0,0,0.000333333, ,,
3939,0.001,0.002,0.002,0.001666667, ,0,0.001,0.001,0.000666667, ,,
3940,0.002,0.001,0.001,0.001333333, ,0.001,0.001,0.001,0.001, ,,
3941,0.002,0.002,0.002,0.002, ,0.001,0.001,0.001,0.001, ,,
3942,0.002,0.001,0.001,0.001333333, ,0.002,0.001,0.001,0.001333333, ,,
3943,0.001,0.002,0.002,0.001666667, ,0.001,0,0.001,0.000666667, ,,
3944,0.002,0.001,0.001,0.001333333, ,0.001,0.001,0.001,0.001, ,,
3945,0.002,0.002,0.002,0.002, ,0.001,0.001,0.001,0.001, ,,
3946,0.001,0.002,0.002,0.001666667, ,0.001,0.001,0,0.000666667, ,,
3947,0.002,0.001,0.001,0.001333333, ,0.001,0,0.001,0.000666667, ,,
3948,0.002,0.002,0.002,0.002, ,0.001,0.001,0.001,0.001, ,,
3949,0.002,0.001,0.001,0.001333333, ,0.002,0.001,0,0.001, ,,
3950,0.001,0.002,0.002,0.001666667, ,0,0,0.001,0.000333333, ,,
3951,0.002,0.001,0.001,0.001333333, ,0.001,0.001,0,0.000666667, ,,
3952,0.002,0.002,0.002,0.002, ,0.002,0,0.001,0.001, ,,
3953,0.002,0.001,0.002,0.001666667, ,0.001,0.001,0.001,0.001, ,,
3954,0.002,0.002,0.001,0.001666667, ,0.001,0.001,0.001,0.001, ,,
3955,0.002,0.001,0.002,0.001666667, ,0.001,0,0,0.000333333, ,,
3956,0.002,0.002,0.001,0.001666667, ,0.001,0.001,0.001,0.001, ,,
3957,0.002,0.001,0.002,0.001666667, ,0.002,0.001,0.001,0.001333333, ,,
3958,0.002,0.002,0.001,0.001666667, ,0.001,0,0.001,0.000666667, ,,
3959,0.001,0.001,0.002,0.001333333, ,0.001,0.002,0,0.001, ,,
3960,0.002,0.002,0.002,0.002, ,0.002,0,0.001,0.001, ,,
3961,0.002,0.001,0.001,0.001333333, ,0.001,0.001,0.001,0.001, ,,
3962,0.002,0.002,0.002,0.002, ,0.001,0.001,0,0.000666667, ,,
3963,0.002,0.002,0.001,0.001666667, ,0.001,0,0.001,0.000666667, ,,
3964,0.004,0.001,0.002,0.002333333, ,0.001,0.001,0.001,0.001, ,,
3965,0.002,0.002,0.001,0.001666667, ,0.001,0.001,0,0.000666667, ,,
3966,0.002,0.001,0.002,0.001666667, ,0.001,0,0.001,0.000666667, ,,
3967,0.002,0.002,0.002,0.002, ,0.001,0.001,0,0.000666667, ,,
3968,0.002,0.001,0.001,0.001333333, ,0.001,0,0.001,0.000666667, ,,
3969,0.002,0.002,0.002,0.002, ,0.001,0.001,0.001,0.001, ,,
3970,0.002,0.001,0.001,0.001333333, ,0.001,0,0,0.000333333, ,,
3971,0.002,0.002,0.002,0.002, ,0.001,0.001,0.001,0.001, ,,
3972,0.002,0.001,0.001,0.001333333, ,0.001,0.001,0.001,0.001, ,,
3973,0.001,0.002,0.002,0.001666667, ,0.003,0.001,0.001,0.001666667, ,,
3974,0.002,0.001,0.001,0.001333333, ,0.002,0.001,0.001,0.001333333, ,,
3975,0.002,0.002,0.002,0.002, ,0.002,0.001,0.001,0.001333333, ,,
3976,0.002,0.001,0.001,0.001333333, ,0.001,0,0,0.000333333, ,,
3977,0.002,0.002,0.002,0.002, ,0.002,0.001,0.001,0.001333333, ,,
3978,0.002,0.001,0.001,0.001333333, ,0.001,0,0.001,0.000666667, ,,
3979,0.001,0.002,0.002,0.001666667, ,0.001,0.001,0,0.000666667, ,,
3980,0.002,0.001,0.005,0.002666667, ,0.001,0.001,0.001,0.001, ,,
3981,0.002,0.002,0.002,0.002, ,0.001,0,0.001,0.000666667, ,,
3982,0.002,0.001,0.001,0.001333333, ,0.001,0.001,0,0.000666667, ,,
3983,0.001,0.002,0.002,0.001666667, ,0.001,0,0.001,0.000666667, ,,
3984,0.002,0.002,0.001,0.001666667, ,0.001,0.001,0,0.000666667, ,,
3985,0.001,0.001,0.002,0.001333333, ,0.002,0.001,0.001,0.001333333, ,,
3986,0.001,0.002,0.001,0.001333333, ,0.001,0,0.001,0.000666667, ,,
3987,0.002,0.002,0.002,0.002, ,0.001,0.001,0,0.000666667, ,,
3988,0.001,0.001,0.001,0.001, ,0.001,0,0.001,0.000666667, ,,
3989,0.002,0.002,0.002,0.002, ,0.002,0.001,0.001,0.001333333, ,,
3990,0.002,0.001,0.002,0.001666667, ,0.001,0.001,0.001,0.001, ,,
3991,0.001,0.002,0.001,0.001333333, ,0.001,0,0,0.000333333, ,,
3992,0.002,0.001,0.002,0.001666667, ,0.001,0.001,0.001,0.001, ,,
3993,0.002,0.002,0.001,0.001666667, ,0.001,0.001,0.001,0.001, ,,
3994,0.001,0.001,0.001,0.001, ,0.001,0.001,0.001,0.001, ,,
3995,0.002,0.002,0.002,0.002, ,0.002,0,0.001,0.001, ,,
3996,0.001,0.001,0.002,0.001333333, ,0.001,0.001,0,0.000666667, ,,
3997,0.002,0.002,0.001,0.001666667, ,0.001,0,0.001,0.000666667, ,,
3998,0.001,0.001,0.002,0.001333333, ,0.001,0.001,0,0.000666667, ,,
3999,0.002,0.002,0.001,0.001666667, ,0.001,0.001,0.001,0.001, ,,
4000,0.001,0.001,0.001,0.001, ,0.001,0,0.001,0.000666667, ,,
4001,0.002,0.002,0.002,0.002, ,0.001,0.001,0,0.000666667, ,,
4002,0.001,0.001,0.002,0.001333333, ,0.001,0,0.001,0.000666667, ,,
4003,0.002,0.002,0.001,0.001666667, ,0.001,0.001,0.001,0.001, ,,
4004,0.001,0.001,0.001,0.001, ,0.001,0.001,0,0.000666667, ,,
4005,0.002,0.002,0.002,0.002, ,0.001,0.001,0.001,0.001, ,,
4006,0.001,0.001,0.002,0.001333333, ,0.002,0.001,0.002,0.001666667, ,,
4007,0.002,0.002,0.001,0.001666667, ,0.001,0.001,0.001,0.001, ,,
4008,0.001,0.001,0.002,0.001333333, ,0.002,0.001,0,0.001, ,,
4009,0.002,0.002,0.001,0.001666667, ,0.001,0,0.001,0.000666667, ,,
4010,0.002,0.001,0.002,0.001666667, ,0.001,0.001,0.001,0.001, ,,
4011,0.001,0.002,0.001,0.001333333, ,0,0.001,0,0.000333333, ,,
4012,0.002,0.001,0.001,0.001333333, ,0.001,0,0.001,0.000666667, ,,
4013,0.001,0.002,0.002,0.001666667, ,0.001,0.001,0.001,0.001, ,,
4014,0.002,0.001,0.001,0.001333333, ,0.001,0,0.001,0.000666667, ,,
4015,0.002,0.002,0.002,0.002, ,0.001,0.001,0,0.000666667, ,,
4016,0.002,0.001,0.002,0.001666667, ,0.001,0,0.001,0.000666667, ,,
4017,0.001,0.002,0.001,0.001333333, ,0.001,0.001,0.001,0.001, ,,
4018,0.002,0.001,0.002,0.001666667, ,0.001,0.001,0,0.000666667, ,,
4019,0.001,0.002,0.001,0.001333333, ,0.001,0,0.001,0.000666667, ,,
4020,0.002,0.001,0.002,0.001666667, ,0.001,0.001,0.001,0.001, ,,
4021,0.001,0.002,0.001,0.001333333, ,0.001,0.001,0.001,0.001, ,,
4022,0.002,0.001,0.001,0.001333333, ,0.001,0,0,0.000333333, ,,
4023,0.001,0.005,0.001,0.002333333, ,0.001,0.001,0.001,0.001, ,,
4024,0.002,0.002,0.001,0.001666667, ,0,0,0,0, ,,
4025,0.002,0.001,0.002,0.001666667, ,0.001,0.001,0.001,0.001, ,,
4026,0.001,0.002,0.002,0.001666667, ,0.001,0,0.001,0.000666667, ,,
4027,0.002,0.001,0.001,0.001333333, ,0.001,0.001,0,0.000666667, ,,
4028,0.001,0.002,0.002,0.001666667, ,0.001,0.001,0.001,0.001, ,,
4029,0.002,0.001,0.001,0.001333333, ,0.001,0,0,0.000333333, ,,
4030,0.001,0.002,0.002,0.001666667, ,0,0.001,0.001,0.000666667, ,,
4031,0.002,0.001,0.001,0.001333333, ,0.001,0,0,0.000333333, ,,
4032,0.001,0.002,0.002,0.001666667, ,0.001,0.001,0.001,0.001, ,,
4033,0.002,0.001,0.001,0.001333333, ,0.001,0.001,0.001,0.001, ,,
4034,0.002,0.002,0.002,0.002, ,0.001,0,0,0.000333333, ,,
4035,0.001,0.001,0.001,0.001, ,0.001,0.001,0.001,0.001, ,,
4036,0.002,0.002,0.002,0.002, ,0,0,0.001,0.000333333, ,,
4037,0.001,0.001,0.001,0.001, ,0.002,0.001,0.001,0.001333333, ,,
4038,0.002,0.002,0.002,0.002, ,0.001,0.001,0.001,0.001, ,,
4039,0.001,0.001,0.001,0.001, ,0.001,0.001,0,0.000666667, ,,
4040,0.002,0.002,0.002,0.002, ,0.001,0,0.001,0.000666667, ,,
4041,0.001,0.001,0.001,0.001, ,0.001,0.001,0,0.000666667, ,,
4042,0.002,0.002,0.002,0.002, ,0,0,0.001,0.000333333, ,,
4043,0.001,0.002,0.001,0.001333333, ,0.001,0.001,0,0.000666667, ,,
4044,0.002,0.001,0.002,0.001666667, ,0,0.001,0.001,0.000666667, ,,
4045,0.001,0.002,0.001,0.001333333, ,0.001,0,0,0.000333333, ,,
4046,0.002,0.001,0.002,0.001666667, ,0.001,0,0.001,0.000666667, ,,
4047,0.001,0.002,0.001,0.001333333, ,0,0.001,0,0.000333333, ,,
4048,0.002,0.001,0.002,0.001666667, ,0.001,0,0.001,0.000666667, ,,
4049,0.001,0.002,0.001,0.001333333, ,0.001,0.001,0,0.000666667, ,,
4050,0.002,0.001,0.002,0.001666667, ,0,0,0.001,0.000333333, ,,
4051,0.001,0.002,0.001,0.001333333, ,0.001,0.001,0,0.000666667, ,,
4052,0.002,0.001,0.002,0.001666667, ,0,0,0,0, ,,
4053,0.001,0.002,0.001,0.001333333, ,0.001,0.001,0.001,0.001, ,,
4054,0.002,0.002,0.002,0.002, ,0,0,0,0, ,,
4055,0.002,0.001,0.001,0.001333333, ,0.001,0,0.001,0.000666667, ,,
4056,0.001,0.002,0.002,0.001666667, ,0,0.001,0,0.000333333, ,,
4057,0.002,0.002,0.001,0.001666667, ,0.001,0,0.001,0.000666667, ,,
4058,0.001,0.002,0.002,0.001666667, ,0.001,0.001,0,0.000666667, ,,
4059,0.002,0.001,0.001,0.001333333, ,0.001,0.001,0.001,0.001, ,,
4060,0.001,0.002,0.002,0.001666667, ,0.001,0.001,0,0.000666667, ,,
4061,0.002,0.001,0.001,0.001333333, ,0,0,0.001,0.000333333, ,,
4062,0.001,0.002,0.002,0.001666667, ,0.001,0,0,0.000333333, ,,
4063,0.002,0.002,0.001,0.001666667, ,0,0.001,0.001,0.000666667, ,,
4064,0.002,0.001,0.002,0.001666667, ,0.001,0.001,0,0.000666667, ,,
4065,0.001,0.002,0.001,0.001333333, ,0.001,0,0.001,0.000666667, ,,
4066,0.005,0.002,0.002,0.003, ,0,0.001,0,0.000333333, ,,
4067,0.002,0.002,0.002,0.002, ,0.001,0,0.001,0.000666667, ,,
4068,0.001,0.001,0.001,0.001, ,0,0.001,0,0.000333333, ,,
4069,0.002,0.002,0.002,0.002, ,0.001,0.001,0.001,0.001, ,,
4070,0.001,0.001,0.001,0.001, ,0.001,0,0.001,0.000666667, ,,
4071,0.002,0.002,0.002,0.002, ,0.001,0.001,0.001,0.001, ,,
4072,0.002,0.002,0.001,0.001666667, ,0.001,0.001,0,0.000666667, ,,
4073,0.001,0.001,0.002,0.001333333, ,0,0,0.001,0.000333333, ,,
4074,0.002,0.002,0.001,0.001666667, ,0.001,0.001,0,0.000666667, ,,
4075,0.001,0.002,0.002,0.001666667, ,0,0,0.001,0.000333333, ,,
4076,0.002,0.001,0.001,0.001333333, ,0.001,0.001,0,0.000666667, ,,
4077,0.001,0.002,0.002,0.001666667, ,0.001,0,0.001,0.000666667, ,,
4078,0.002,0.002,0.002,0.002, ,0,0.001,0,0.000333333, ,,
4079,0.001,0.001,0.002,0.001333333, ,0.001,0,0.001,0.000666667, ,,
4080,0.002,0.002,0.001,0.001666667, ,0.001,0.001,0,0.000666667, ,,
4081,0.002,0.001,0.002,0.001666667, ,0,0,0.001,0.000333333, ,,
4082,0.001,0.002,0.005,0.002666667, ,0.001,0.001,0.001,0.001, ,,
4083,0.002,0.001,0.001,0.001333333, ,0.001,0,0,0.000333333, ,,
4084,0.001,0.002,0.002,0.001666667, ,0,0.001,0.001,0.000666667, ,,
4085,0.002,0.002,0.001,0.001666667, ,0.001,0.001,0.001,0.001, ,,
4086,0.001,0.001,0.002,0.001333333, ,0.001,0.001,0,0.000666667, ,,
4087,0.002,0.002,0.001,0.001666667, ,0.001,0,0.001,0.000666667, ,,
4088,0.001,0.001,0.002,0.001333333, ,0.001,0.001,0.001,0.001, ,,
4089,0.002,0.002,0.002,0.002, ,0,0.001,0,0.000333333, ,,
4090,0.001,0.001,0.001,0.001, ,0.001,0,0.001,0.000666667, ,,
4091,0.002,0.002,0.001,0.001666667, ,0.001,0.001,0.001,0.001, ,,
4092,0.002,0.002,0.002,0.002, ,0.001,0.001,0,0.000666667, ,,
4093,0.001,0.002,0.001,0.001333333, ,0,0,0.001,0.000333333, ,,
4094,0.002,0.001,0.002,0.001666667, ,0.001,0,0,0.000333333, ,,
4095,0.001,0.002,0.002,0.001666667, ,0.001,0.001,0.001,0.001, ,,
4096,0.002,0.001,0.001,0.001333333, ,0,0.001,0,0.000333333, ,,
4097,0.001,0.002,0.002,0.001666667, ,0.001,0,0.001,0.000666667, ,,
4098,0.002,0.002,0.001,0.001666667, ,0.001,0.001,0,0.000666667, ,,
4099,0.001,0.001,0.002,0.001333333, ,0,0,0.001,0.000333333, ,,
4100,0.002,0.002,0.001,0.001666667, ,0.001,0.001,0.001,0.001, ,,
4101,0.001,0.001,0.002,0.001333333, ,0.001,0.001,0,0.000666667, ,,
4102,0.002,0.002,0.001,0.001666667, ,0.001,0.001,0.001,0.001, ,,
4103,0.001,0.002,0.002,0.001666667, ,0.001,0,0.001,0.000666667, ,,
4104,0.002,0.001,0.001,0.001333333, ,0.001,0.001,0.001,0.001, ,,
4105,0.001,0.002,0.002,0.001666667, ,0,0,0,0, ,,
4106,0.002,0.002,0.001,0.001666667, ,0.001,0.001,0.001,0.001, ,,
4107,0.001,0.001,0.002,0.001333333, ,0,0,0,0, ,,
4108,0.002,0.002,0.001,0.001666667, ,0.001,0.001,0.001,0.001, ,,
4109,0.001,0.002,0.002,0.001666667, ,0.001,0,0,0.000333333, ,,
4110,0.001,0.002,0.001,0.001333333, ,0,0.001,0.001,0.000666667, ,,
4111,0.002,0.001,0.002,0.001666667, ,0.001,0,0,0.000333333, ,,
4112,0.001,0.002,0.002,0.001666667, ,0.001,0.001,0.001,0.001, ,,
4113,0.002,0.001,0.001,0.001333333, ,0,0.001,0.001,0.000666667, ,,
4114,0.001,0.002,0.002,0.001666667, ,0.001,0,0,0.000333333, ,,
4115,0.002,0.002,0.001,0.001666667, ,0,0.001,0.001,0.000666667, ,,
4116,0.001,0.001,0.002,0.001333333, ,0.001,0.001,0,0.000666667, ,,
4117,0.002,0.002,0.001,0.001666667, ,0.001,0,0.001,0.000666667, ,,
4118,0.001,0.001,0.002,0.001333333, ,0.001,0.001,0.001,0.001, ,,
4119,0.002,0.002,0.001,0.001666667, ,0.001,0,0.001,0.000666667, ,,
4120,0.002,0.002,0.002,0.002, ,0,0.001,0,0.000333333, ,,
4121,0.001,0.002,0.001,0.001333333, ,0.001,0.001,0.001,0.001, ,,
4122,0.002,0.001,0.002,0.001666667, ,0.001,0,0.001,0.000666667, ,,
4123,0.001,0.002,0.001,0.001333333, ,0.001,0.001,0.001,0.001, ,,
4124,0.002,0.002,0.002,0.002, ,0.001,0.001,0,0.000666667, ,,
4125,0.001,0.004,0.002,0.002333333, ,0,0,0.001,0.000333333, ,,
4126,0.002,0.002,0.001,0.001666667, ,0.001,0.001,0.001,0.001, ,,
4127,0.002,0.001,0.002,0.001666667, ,0.001,0,0,0.000333333, ,,
4128,0.001,0.002,0.001,0.001333333, ,0.001,0.001,0.001,0.001, ,,
4129,0.002,0.001,0.002,0.001666667, ,0,0.001,0,0.000333333, ,,
4130,0.001,0.002,0.001,0.001333333, ,0.001,0,0.001,0.000666667, ,,
4131,0.002,0.002,0.002,0.002, ,0.001,0.001,0.001,0.001, ,,
4132,0.002,0.001,0.001,0.001333333, ,0.001,0.001,0,0.000666667, ,,
4133,0.001,0.002,0.002,0.001666667, ,0.001,0.001,0.001,0.001, ,,
4134,0.002,0.001,0.001,0.001333333, ,0.001,0.001,0.002,0.001333333, ,,
4135,0.001,0.002,0.002,0.001666667, ,0.001,0.001,0,0.000666667, ,,
4136,0.002,0.002,0.002,0.002, ,0.001,0,0.001,0.000666667, ,,
4137,0.001,0.001,0.001,0.001, ,0.001,0.001,0.001,0.001, ,,
4138,0.002,0.002,0.002,0.002, ,0.001,0.001,0.001,0.001, ,,
4139,0.002,0.001,0.001,0.001333333, ,0.001,0,0.002,0.001, ,,
4140,0.001,0.002,0.002,0.001666667, ,0,0.001,0.001,0.000666667, ,,
4141,0.002,0.002,0.001,0.001666667, ,0.001,0,0,0.000333333, ,,
4142,0.001,0.001,0.002,0.001333333, ,0.001,0.001,0.001,0.001, ,,
4143,0.002,0.002,0.001,0.001666667, ,0,0,0.001,0.000333333, ,,
4144,0.001,0.002,0.002,0.001666667, ,0.001,0.001,0.001,0.001, ,,
4145,0.002,0.001,0.002,0.001666667, ,0.001,0.001,0,0.000666667, ,,
4146,0.001,0.002,0.001,0.001333333, ,0,0,0.001,0.000333333, ,,
4147,0.002,0.002,0.002,0.002, ,0.001,0.001,0.001,0.001, ,,
4148,0.001,0.001,0.001,0.001, ,0.001,0.001,0,0.000666667, ,,
4149,0.002,0.002,0.002,0.002, ,0.001,0,0.001,0.000666667, ,,
4150,0.002,0.002,0.002,0.002, ,0.001,0.001,0.001,0.001, ,,
4151,0.001,0.001,0.001,0.001, ,0.001,0.001,0.001,0.001, ,,
4152,0.002,0.002,0.002,0.002, ,0,0,0,0, ,,
4153,0.001,0.002,0.001,0.001333333, ,0.001,0.001,0.001,0.001, ,,
4154,0.002,0.001,0.002,0.001666667, ,0.001,0.001,0.001,0.001, ,,
4155,0.002,0.002,0.001,0.001666667, ,0.001,0,0.001,0.000666667, ,,
4156,0.001,0.002,0.002,0.001666667, ,0.001,0.001,0,0.000666667, ,,
4157,0.002,0.002,0.001,0.001666667, ,0,0,0.001,0.000333333, ,,
4158,0.001,0.002,0.002,0.001666667, ,0.001,0.001,0.001,0.001, ,,
4159,0.002,0.001,0.002,0.001666667, ,0,0.001,0.001,0.000666667, ,,
4160,0.002,0.002,0.001,0.001666667, ,0.001,0,0,0.000333333, ,,
4161,0.001,0.002,0.002,0.001666667, ,0.001,0.001,0.001,0.001, ,,
4162,0.002,0.001,0.001,0.001333333, ,0,0.001,0.001,0.000666667, ,,
4163,0.001,0.002,0.002,0.001666667, ,0.001,0,0,0.000333333, ,,
4164,0.002,0.001,0.001,0.001333333, ,0.001,0.001,0.001,0.001, ,,
4165,0.001,0.002,0.002,0.001666667, ,0.001,0.001,0.002,0.001333333, ,,
4166,0.002,0.002,0.002,0.002, ,0.001,0.001,0.001,0.001, ,,
4167,0.002,0.001,0.001,0.001333333, ,0.001,0.001,0.001,0.001, ,,
4168,0.004,0.002,0.002,0.002666667, ,0.001,0.001,0.001,0.001, ,,
4169,0.002,0.002,0.001,0.001666667, ,0.001,0,0,0.000333333, ,,
4170,0.002,0.001,0.002,0.001666667, ,0,0.001,0.001,0.000666667, ,,
4171,0.001,0.002,0.001,0.001333333, ,0.001,0,0.001,0.000666667, ,,
4172,0.002,0.001,0.002,0.001666667, ,0,0.001,0,0.000333333, ,,
4173,0.001,0.002,0.001,0.001333333, ,0.001,0,0.001,0.000666667, ,,
4174,0.002,0.001,0.002,0.001666667, ,0.001,0.001,0,0.000666667, ,,
4175,0.001,0.002,0.002,0.001666667, ,0,0,0.001,0.000333333, ,,
4176,0.002,0.002,0.001,0.001666667, ,0.001,0.001,0,0.000666667, ,,
4177,0.002,0.001,0.002,0.001666667, ,0.001,0,0.001,0.000666667, ,,
4178,0.001,0.002,0.001,0.001333333, ,0,0.001,0,0.000333333, ,,
4179,0.002,0.001,0.002,0.001666667, ,0.001,0,0.001,0.000666667, ,,
4180,0.001,0.002,0.001,0.001333333, ,0,0,0,0, ,,
4181,0.002,0.001,0.002,0.001666667, ,0.001,0.001,0.001,0.001, ,,
4182,0.002,0.002,0.001,0.001666667, ,0,0,0,0, ,,
4183,0.001,0.002,0.002,0.001666667, ,0.001,0.001,0.001,0.001, ,,
4184,0.002,0.001,0.005,0.002666667, ,0,0,0.001,0.000333333, ,,
4185,0.001,0.002,0.001,0.001333333, ,0.001,0.001,0,0.000666667, ,,
4186,0.002,0.002,0.002,0.002, ,0.001,0.001,0.001,0.001, ,,
4187,0.001,0.002,0.001,0.001333333, ,0.001,0.001,0.001,0.001, ,,
4188,0.002,0.002,0.002,0.002, ,0.001,0,0.001,0.000666667, ,,
4189,0.002,0.001,0.001,0.001333333, ,0.001,0.001,0,0.000666667, ,,
4190,0.001,0.002,0.002,0.001666667, ,0,0,0.001,0.000333333, ,,
4191,0.002,0.002,0.001,0.001666667, ,0.001,0.001,0,0.000666667, ,,
4192,0.001,0.001,0.002,0.001333333, ,0.001,0.001,0.001,0.001, ,,
4193,0.002,0.002,0.001,0.001666667, ,0,0,0.001,0.000333333, ,,
4194,0.001,0.001,0.002,0.001333333, ,0.001,0.001,0,0.000666667, ,,
4195,0.002,0.002,0.001,0.001666667, ,0.001,0,0.001,0.000666667, ,,
4196,0.002,0.001,0.002,0.001666667, ,0.001,0.001,0.001,0.001, ,,
4197,0.001,0.002,0.002,0.001666667, ,0.001,0.001,0.001,0.001, ,,
4198,0.003,0.001,0.001,0.001666667, ,0.002,0.001,0.001,0.001333333, ,,
4199,0.002,0.002,0.002,0.002, ,0.001,0.001,0.001,0.001, ,,
4200,0.001,0.001,0.001,0.001, ,0.001,0.001,0.001,0.001, ,,
4201,0.002,0.002,0.002,0.002, ,0.001,0.001,0.001,0.001, ,,
4202,0.002,0.002,0.001,0.001666667, ,0.001,0.001,0.001,0.001, ,,
4203,0.001,0.001,0.002,0.001333333, ,0.001,0,0.001,0.000666667, ,,
4204,0.002,0.002,0.001,0.001666667, ,0.001,0.001,0.001,0.001, ,,
4205,0.001,0.001,0.002,0.001333333, ,0.001,0.001,0.001,0.001, ,,
4206,0.002,0.002,0.001,0.001666667, ,0,0.001,0.001,0.000666667, ,,
4207,0.002,0.001,0.002,0.001666667, ,0.001,0.001,0,0.000666667, ,,
4208,0.002,0.002,0.001,0.001666667, ,0.001,0.001,0.001,0.001, ,,
4209,0.003,0.001,0.002,0.002, ,0.001,0,0.001,0.000666667, ,,
4210,0.002,0.002,0.001,0.001666667, ,0.001,0.001,0.001,0.001, ,,
4211,0.002,0.001,0.002,0.001666667, ,0.001,0.001,0.001,0.001, ,,
4212,0.001,0.002,0.001,0.001333333, ,0.001,0.001,0.001,0.001, ,,
4213,0.002,0.002,0.002,0.002, ,0.001,0.001,0.001,0.001, ,,
4214,0.001,0.001,0.002,0.001333333, ,0.001,0.001,0.001,0.001, ,,
4215,0.002,0.002,0.001,0.001666667, ,0.001,0,0.001,0.000666667, ,,
4216,0.002,0.001,0.002,0.001666667, ,0.001,0.001,0.001,0.001, ,,
4217,0.001,0.002,0.001,0.001333333, ,0.001,0.001,0.001,0.001, ,,
4218,0.002,0.002,0.002,0.002, ,0.001,0.001,0,0.000666667, ,,
4219,0.001,0.001,0.001,0.001, ,0.001,0.001,0.002,0.001333333, ,,
4220,0.002,0.002,0.002,0.002, ,0.001,0,0,0.000333333, ,,
4221,0.002,0.001,0.001,0.001333333, ,0.001,0.001,0.001,0.001, ,,
4222,0.001,0.002,0.002,0.001666667, ,0,0,0,0, ,,
4223,0.002,0.002,0.002,0.002, ,0.001,0.001,0.001,0.001, ,,
4224,0.001,0.001,0.001,0.001, ,0.001,0,0.001,0.000666667, ,,
4225,0.002,0.002,0.002,0.002, ,0.001,0.001,0,0.000666667, ,,
4226,0.002,0.001,0.001,0.001333333, ,0.001,0.001,0.001,0.001, ,,
4227,0.001,0.005,0.002,0.002666667, ,0.001,0.001,0.001,0.001, ,,
4228,0.002,0.001,0.001,0.001333333, ,0.001,0.001,0.001,0.001, ,,
4229,0.001,0.002,0.002,0.001666667, ,0.002,0.001,0.002,0.001666667, ,,
4230,0.002,0.001,0.001,0.001333333, ,0.002,0.001,0.001,0.001333333, ,,
4231,0.002,0.002,0.002,0.002, ,0.001,0.001,0.001,0.001, ,,
4232,0.001,0.002,0.002,0.001666667, ,0.001,0.001,0.001,0.001, ,,
4233,0.002,0.001,0.001,0.001333333, ,0.001,0.001,0.001,0.001, ,,
4234,0.001,0.002,0.002,0.001666667, ,0.002,0.001,0.001,0.001333333, ,,
4235,0.002,0.001,0.001,0.001333333, ,0.001,0,0.001,0.000666667, ,,
4236,0.001,0.002,0.002,0.001666667, ,0.001,0.001,0.001,0.001, ,,
4237,0.002,0.001,0.001,0.001333333, ,0.001,0.001,0.001,0.001, ,,
4238,0.002,0.002,0.002,0.002, ,0.001,0.001,0,0.000666667, ,,
4239,0.001,0.001,0.002,0.001333333, ,0,0,0.001,0.000333333, ,,
4240,0.002,0.002,0.001,0.001666667, ,0.002,0.001,0.001,0.001333333, ,,
4241,0.001,0.002,0.002,0.001666667, ,0.001,0.001,0.001,0.001, ,,
4242,0.002,0.001,0.001,0.001333333, ,0.001,0.001,0.001,0.001, ,,
4243,0.001,0.002,0.002,0.001666667, ,0.001,0.001,0.001,0.001, ,,
4244,0.002,0.001,0.001,0.001333333, ,0.001,0.001,0.001,0.001, ,,
4245,0.002,0.002,0.002,0.002, ,0.002,0.001,0.001,0.001333333, ,,
4246,0.001,0.001,0.001,0.001, ,0.001,0.001,0.001,0.001, ,,
4247,0.002,0.002,0.002,0.002, ,0.001,0.001,0.001,0.001, ,,
4248,0.001,0.001,0.001,0.001, ,0.001,0.001,0.001,0.001, ,,
4249,0.002,0.002,0.002,0.002, ,0.001,0.001,0.001,0.001, ,,
4250,0.001,0.002,0.002,0.001666667, ,0.001,0.001,0.001,0.001, ,,
4251,0.002,0.001,0.001,0.001333333, ,0.001,0.001,0.001,0.001, ,,
4252,0.001,0.002,0.002,0.001666667, ,0.001,0,0.002,0.001, ,,
4253,0.002,0.001,0.001,0.001333333, ,0.001,0.001,0,0.000666667, ,,
4254,0.002,0.002,0.002,0.002, ,0.001,0.001,0.001,0.001, ,,
4255,0.001,0.001,0.001,0.001, ,0,0,0.001,0.000333333, ,,
4256,0.002,0.002,0.002,0.002, ,0.002,0.001,0.001,0.001333333, ,,
4257,0.001,0.001,0.001,0.001, ,0.001,0.001,0.001,0.001, ,,
4258,0.002,0.002,0.002,0.002, ,0.001,0.001,0.001,0.001, ,,
4259,0.002,0.001,0.001,0.001333333, ,0.001,0,0.001,0.000666667, ,,
4260,0.001,0.002,0.002,0.001666667, ,0.001,0.001,0.001,0.001, ,,
4261,0.002,0.002,0.002,0.002, ,0.002,0.002,0.002,0.002, ,,
4262,0.001,0.001,0.001,0.001, ,0.002,0.002,0.002,0.002, ,,
4263,0.002,0.002,0.002,0.002, ,0.001,0.001,0.001,0.001, ,,
4264,0.001,0.001,0.001,0.001, ,0.001,0.002,0.001,0.001333333, ,,
4265,0.002,0.002,0.002,0.002, ,0.002,0.001,0.001,0.001333333, ,,
4266,0.001,0.001,0.002,0.001333333, ,0.001,0.001,0.001,0.001, ,,
4267,0.002,0.002,0.001,0.001666667, ,0.001,0.001,0.001,0.001, ,,
4268,0.002,0.001,0.002,0.001666667, ,0.001,0.001,0.001,0.001, ,,
4269,0.001,0.002,0.001,0.001333333, ,0.001,0.001,0.001,0.001, ,,
4270,0.005,0.002,0.002,0.003, ,0.001,0.001,0.001,0.001, ,,
4271,0.002,0.001,0.001,0.001333333, ,0.001,0.001,0.001,0.001, ,,
4272,0.001,0.002,0.002,0.001666667, ,0.001,0.001,0.001,0.001, ,,
4273,0.002,0.001,0.001,0.001333333, ,0.001,0.001,0.001,0.001, ,,
4274,0.001,0.002,0.002,0.001666667, ,0.001,0.001,0.001,0.001, ,,
4275,0.002,0.001,0.001,0.001333333, ,0.001,0.001,0.001,0.001, ,,
4276,0.001,0.002,0.002,0.001666667, ,0.002,0.001,0.001,0.001333333, ,,
4277,0.002,0.001,0.002,0.001666667, ,0.001,0.001,0.001,0.001, ,,
4278,0.002,0.002,0.001,0.001666667, ,0.001,0.001,0.001,0.001, ,,
4279,0.001,0.001,0.002,0.001333333, ,0.001,0.001,0.001,0.001, ,,
4280,0.002,0.002,0.001,0.001666667, ,0.001,0.001,0.001,0.001, ,,
4281,0.001,0.002,0.002,0.001666667, ,0.001,0.001,0.001,0.001, ,,
4282,0.002,0.001,0.001,0.001333333, ,0.001,0,0.001,0.000666667, ,,
4283,0.001,0.002,0.002,0.001666667, ,0.001,0.001,0,0.000666667, ,,
4284,0.002,0.001,0.002,0.001666667, ,0.001,0.001,0.001,0.001, ,,
4285,0.002,0.002,0.002,0.002, ,0.001,0,0,0.000333333, ,,
4286,0.001,0.001,0.005,0.002333333, ,0,0.001,0.001,0.000666667, ,,
4287,0.002,0.002,0.002,0.002, ,0.001,0,0.001,0.000666667, ,,
4288,0.001,0.001,0.001,0.001, ,0.001,0.001,0,0.000666667, ,,
4289,0.002,0.002,0.002,0.002, ,0.001,0.001,0.001,0.001, ,,
4290,0.001,0.001,0.001,0.001, ,0.001,0.001,0.001,0.001, ,,
4291,0.002,0.002,0.002,0.002, ,0.001,0.001,0.001,0.001, ,,
4292,0.002,0.001,0.001,0.001333333, ,0.001,0,0.001,0.000666667, ,,
4293,0.002,0.002,0.002,0.002, ,0.001,0.002,0.001,0.001333333, ,,
4294,0.001,0.001,0.001,0.001, ,0.002,0.001,0.002,0.001666667, ,,
4295,0.002,0.002,0.002,0.002, ,0.001,0.001,0.001,0.001, ,,
4296,0.002,0.002,0.001,0.001666667, ,0.001,0.001,0.001,0.001, ,,
4297,0.001,0.001,0.002,0.001333333, ,0.001,0.001,0.001,0.001, ,,
4298,0.002,0.002,0.001,0.001666667, ,0.001,0.001,0.001,0.001, ,,
4299,0.001,0.001,0.002,0.001333333, ,0.001,0.001,0.001,0.001, ,,
4300,0.002,0.002,0.002,0.002, ,0.001,0,0,0.000333333, ,,
4301,0.001,0.001,0.001,0.001, ,0.001,0.001,0.001,0.001, ,,
4302,0.002,0.002,0.002,0.002, ,0,0.001,0.001,0.000666667, ,,
4303,0.002,0.001,0.001,0.001333333, ,0.001,0,0,0.000333333, ,,
4304,0.001,0.002,0.002,0.001666667, ,0.001,0.001,0.001,0.001, ,,
4305,0.002,0.001,0.001,0.001333333, ,0.001,0.001,0.001,0.001, ,,
4306,0.001,0.002,0.002,0.001666667, ,0.001,0,0.001,0.000666667, ,,
4307,0.002,0.001,0.001,0.001333333, ,0,0.001,0.001,0.000666667, ,,
4308,0.001,0.002,0.002,0.001666667, ,0.001,0.001,0,0.000666667, ,,
4309,0.002,0.001,0.001,0.001333333, ,0.001,0,0.001,0.000666667, ,,
4310,0.002,0.002,0.002,0.002, ,0.001,0.001,0.001,0.001, ,,
4311,0.001,0.001,0.001,0.001, ,0.001,0.001,0,0.000666667, ,,
4312,0.002,0.002,0.002,0.002, ,0,0,0.001,0.000333333, ,,
4313,0.001,0.001,0.001,0.001, ,0.001,0.001,0.001,0.001, ,,
4314,0.002,0.002,0.002,0.002, ,0.001,0.001,0.001,0.001, ,,
4315,0.001,0.001,0.001,0.001, ,0.001,0.001,0.001,0.001, ,,
4316,0.002,0.002,0.002,0.002, ,0.001,0.001,0.001,0.001, ,,
4317,0.001,0.002,0.002,0.001666667, ,0.001,0,0,0.000333333, ,,
4318,0.002,0.001,0.001,0.001333333, ,0,0,0.001,0.000333333, ,,
4319,0.001,0.002,0.002,0.001666667, ,0.001,0.001,0,0.000666667, ,,
4320,0.002,0.001,0.001,0.001333333, ,0.001,0.001,0.001,0.001, ,,
4321,0.002,0.002,0.002,0.002, ,0,0,0.001,0.000333333, ,,
4322,0.001,0.001,0.001,0.001, ,0.001,0.001,0,0.000666667, ,,
4323,0.002,0.002,0.002,0.002, ,0.001,0.001,0.001,0.001, ,,
4324,0.001,0.001,0.001,0.001, ,0.001,0.001,0.001,0.001, ,,
4325,0.002,0.002,0.002,0.002, ,0.001,0.001,0.001,0.001, ,,
4326,0.001,0.002,0.002,0.001666667, ,0.001,0.001,0.001,0.001, ,,
4327,0.002,0.001,0.001,0.001333333, ,0.002,0,0.001,0.001, ,,
4328,0.002,0.002,0.002,0.002, ,0.001,0.001,0.001,0.001, ,,
4329,0.001,0.005,0.001,0.002333333, ,0.001,0.001,0.001,0.001, ,,
4330,0.002,0.001,0.002,0.001666667, ,0.001,0.001,0.001,0.001, ,,
4331,0.001,0.002,0.002,0.001666667, ,0,0.001,0,0.000333333, ,,
4332,0.002,0.001,0.001,0.001333333, ,0.001,0,0.001,0.000666667, ,,
4333,0.001,0.002,0.002,0.001666667, ,0.001,0.001,0.001,0.001, ,,
4334,0.002,0.001,0.001,0.001333333, ,0.001,0.001,0.001,0.001, ,,
4335,0.002,0.002,0.002,0.002, ,0,0,0,0, ,,
4336,0.001,0.001,0.001,0.001, ,0.002,0.001,0.001,0.001333333, ,,
4337,0.002,0.002,0.002,0.002, ,0.001,0.001,0.002,0.001333333, ,,
4338,0.001,0.002,0.001,0.001333333, ,0.001,0.001,0.001,0.001, ,,
4339,0.002,0.001,0.002,0.001666667, ,0.001,0.001,0,0.000666667, ,,
4340,0.002,0.002,0.002,0.002, ,0.001,0.001,0.001,0.001, ,,
4341,0.001,0.001,0.001,0.001, ,0.001,0.001,0.001,0.001, ,,
4342,0.002,0.002,0.002,0.002, ,0.002,0.001,0.002,0.001666667, ,,
4343,0.001,0.002,0.001,0.001333333, ,0.001,0.001,0.001,0.001, ,,
4344,0.002,0.001,0.002,0.001666667, ,0.001,0.001,0.001,0.001, ,,
4345,0.002,0.002,0.001,0.001666667, ,0.001,0.001,0.001,0.001, ,,
4346,0.001,0.001,0.002,0.001333333, ,0.001,0.001,0.001,0.001, ,,
4347,0.002,0.002,0.001,0.001666667, ,0.001,0,0.001,0.000666667, ,,
4348,0.001,0.002,0.002,0.001666667, ,0.001,0.001,0,0.000666667, ,,
4349,0.002,0.001,0.002,0.001666667, ,0,0.001,0.001,0.000666667, ,,
4350,0.001,0.002,0.001,0.001333333, ,0.001,0,0,0.000333333, ,,
4351,0.002,0.001,0.002,0.001666667, ,0.001,0.001,0.001,0.001, ,,
4352,0.001,0.002,0.001,0.001333333, ,0.001,0,0.001,0.000666667, ,,
4353,0.002,0.001,0.002,0.001666667, ,0.001,0.001,0.001,0.001, ,,
4354,0.002,0.002,0.002,0.002, ,0.001,0.001,0,0.000666667, ,,
4355,0.001,0.001,0.001,0.001, ,0.001,0.001,0.001,0.001, ,,
4356,0.002,0.002,0.002,0.002, ,0.001,0.001,0.001,0.001, ,,
4357,0.001,0.001,0.001,0.001, ,0.001,0.001,0.002,0.001333333, ,,
4358,0.002,0.002,0.002,0.002, ,0.002,0.001,0.001,0.001333333, ,,
4359,0.001,0.002,0.001,0.001333333, ,0.001,0.001,0.001,0.001, ,,
4360,0.002,0.001,0.002,0.001666667, ,0.002,0.001,0.001,0.001333333, ,,
4361,0.002,0.002,0.001,0.001666667, ,0.001,0.001,0.002,0.001333333, ,,
4362,0.001,0.001,0.002,0.001333333, ,0.001,0.001,0,0.000666667, ,,
4363,0.002,0.002,0.001,0.001666667, ,0.001,0.001,0.001,0.001, ,,
4364,0.001,0.001,0.002,0.001333333, ,0.001,0.001,0.001,0.001, ,,
4365,0.002,0.002,0.001,0.001666667, ,0.001,0.001,0.001,0.001, ,,
4366,0.001,0.001,0.002,0.001333333, ,0.001,0,0.001,0.000666667, ,,
4367,0.002,0.002,0.002,0.002, ,0.001,0.001,0.001,0.001, ,,
4368,0.001,0.001,0.001,0.001, ,0.001,0.001,0.001,0.001, ,,
4369,0.002,0.002,0.002,0.002, ,0.002,0.002,0.001,0.001666667, ,,
4370,0.002,0.001,0.001,0.001333333, ,0.001,0,0.001,0.000666667, ,,
4371,0.001,0.002,0.002,0.001666667, ,0.001,0.001,0.001,0.001, ,,
4372,0.005,0.002,0.002,0.003, ,0.001,0.001,0.001,0.001, ,,
4373,0.001,0.001,0.001,0.001, ,0.001,0.001,0.002,0.001333333, ,,
4374,0.002,0.002,0.001,0.001666667, ,0.001,0.001,0.001,0.001, ,,
4375,0.001,0.001,0.002,0.001333333, ,0.002,0.001,0.001,0.001333333, ,,
4376,0.002,0.002,0.002,0.002, ,0.001,0.001,0.001,0.001, ,,
4377,0.002,0.001,0.001,0.001333333, ,0.001,0.001,0.001,0.001, ,,
4378,0.001,0.002,0.002,0.001666667, ,0.001,0.001,0,0.000666667, ,,
4379,0.002,0.002,0.001,0.001666667, ,0.001,0.001,0.001,0.001, ,,
4380,0.001,0.002,0.002,0.001666667, ,0,0.001,0.001,0.000666667, ,,
4381,0.002,0.002,0.002,0.002, ,0.001,0,0.001,0.000666667, ,,
4382,0.001,0.001,0.001,0.001, ,0.001,0.001,0,0.000666667, ,,
4383,0.002,0.002,0.002,0.002, ,0.001,0.001,0.001,0.001, ,,
4384,0.002,0.001,0.001,0.001333333, ,0.001,0.001,0.001,0.001, ,,
4385,0.001,0.002,0.002,0.001666667, ,0.001,0.001,0.001,0.001, ,,
4386,0.002,0.001,0.001,0.001333333, ,0,0.001,0,0.000333333, ,,
4387,0.001,0.002,0.002,0.001666667, ,0.002,0.001,0.001,0.001333333, ,,
4388,0.002,0.002,0.005,0.003, ,0.001,0.001,0.001,0.001, ,,
4389,0.001,0.001,0.001,0.001, ,0.001,0.001,0.001,0.001, ,,
4390,0.002,0.002,0.002,0.002, ,0.002,0.002,0.002,0.002, ,,
4391,0.001,0.001,0.001,0.001, ,0.002,0.001,0.001,0.001333333, ,,
4392,0.002,0.002,0.002,0.002, ,0.001,0.001,0.001,0.001, ,,
4393,0.001,0.001,0.001,0.001, ,0.002,0.001,0.002,0.001666667, ,,
4394,0.002,0.002,0.002,0.002, ,0.001,0.001,0,0.000666667, ,,
4395,0.001,0.001,0.001,0.001, ,0.001,0.001,0.001,0.001, ,,
4396,0.002,0.002,0.002,0.002, ,0.001,0.001,0.002,0.001333333, ,,
4397,0.002,0.002,0.001,0.001666667, ,0.001,0.001,0.001,0.001, ,,
4398,0.001,0.001,0.002,0.001333333, ,0.001,0,0,0.000333333, ,,
4399,0.002,0.002,0.001,0.001666667, ,0.001,0.001,0.001,0.001, ,,
4400,0.001,0.001,0.002,0.001333333, ,0.001,0.001,0.001,0.001, ,,
4401,0.002,0.002,0.001,0.001666667, ,0.001,0.001,0.001,0.001, ,,
4402,0.001,0.001,0.002,0.001333333, ,0.001,0,0.001,0.000666667, ,,
4403,0.002,0.002,0.001,0.001666667, ,0.001,0.001,0.001,0.001, ,,
4404,0.001,0.001,0.002,0.001333333, ,0.001,0.001,0.001,0.001, ,,
4405,0.002,0.001,0.001,0.001333333, ,0.001,0.001,0.001,0.001, ,,
4406,0.001,0.002,0.002,0.001666667, ,0.002,0.001,0.001,0.001333333, ,,
4407,0.002,0.002,0.002,0.002, ,0.001,0.001,0.001,0.001, ,,
4408,0.001,0.001,0.002,0.001333333, ,0.001,0.001,0.001,0.001, ,,
4409,0.002,0.002,0.002,0.002, ,0.001,0,0.001,0.000666667, ,,
4410,0.002,0.001,0.002,0.001666667, ,0.001,0,0,0.000333333, ,,
4411,0.001,0.002,0.001,0.001333333, ,0,0.001,0.001,0.000666667, ,,
4412,0.002,0.001,0.002,0.001666667, ,0.001,0,0.001,0.000666667, ,,
4413,0.001,0.002,0.001,0.001333333, ,0.001,0.001,0,0.000666667, ,,
4414,0.002,0.001,0.002,0.001666667, ,0,0,0.001,0.000333333, ,,
4415,0.001,0.002,0.001,0.001333333, ,0.001,0.001,0,0.000666667, ,,
4416,0.002,0.001,0.002,0.001666667, ,0.001,0.001,0.001,0.001, ,,
4417,0.001,0.002,0.002,0.001666667, ,0.001,0,0.001,0.000666667, ,,
4418,0.002,0.001,0.001,0.001333333, ,0.001,0.001,0.001,0.001, ,,
4419,0.002,0.002,0.002,0.002, ,0.001,0.001,0.001,0.001, ,,
4420,0.001,0.001,0.001,0.001, ,0.001,0.001,0,0.000666667, ,,
4421,0.002,0.002,0.002,0.002, ,0.001,0.001,0.002,0.001333333, ,,
4422,0.001,0.001,0.001,0.001, ,0.003,0.003,0.002,0.002666667, ,,
4423,0.002,0.002,0.002,0.002, ,0.002,0.001,0.001,0.001333333, ,,
4424,0.001,0.001,0.001,0.001, ,0.001,0.001,0.001,0.001, ,,
4425,0.002,0.002,0.002,0.002, ,0.001,0.001,0.001,0.001, ,,
4426,0.001,0.001,0.001,0.001, ,0.002,0.001,0.001,0.001333333, ,,
4427,0.002,0.002,0.002,0.002, ,0.001,0.001,0.001,0.001, ,,
4428,0.001,0.002,0.002,0.001666667, ,0.001,0.001,0.001,0.001, ,,
4429,0.002,0.001,0.001,0.001333333, ,0.001,0,0.001,0.000666667, ,,
4430,0.002,0.002,0.002,0.002, ,0.001,0.001,0.001,0.001, ,,
4431,0.001,0.005,0.001,0.002333333, ,0.001,0.001,0,0.000666667, ,,
4432,0.002,0.001,0.002,0.001666667, ,0.001,0.001,0.001,0.001, ,,
4433,0.001,0.002,0.001,0.001333333, ,0.001,0.001,0.001,0.001, ,,
4434,0.002,0.001,0.002,0.001666667, ,0.002,0.001,0.001,0.001333333, ,,
4435,0.001,0.002,0.001,0.001333333, ,0.001,0,0.001,0.000666667, ,,
4436,0.002,0.001,0.002,0.001666667, ,0,0.001,0.001,0.000666667, ,,
4437,0.001,0.002,0.001,0.001333333, ,0.002,0.001,0.001,0.001333333, ,,
4438,0.002,0.002,0.002,0.002, ,0.001,0.001,0.001,0.001, ,,
4439,0.002,0.001,0.002,0.001666667, ,0.001,0.001,0.001,0.001, ,,
4440,0.001,0.002,0.001,0.001333333, ,0.001,0.001,0.001,0.001, ,,
4441,0.002,0.001,0.002,0.001666667, ,0.001,0,0.001,0.000666667, ,,
4442,0.001,0.002,0.001,0.001333333, ,0,0.001,0.001,0.000666667, ,,
4443,0.002,0.001,0.002,0.001666667, ,0.001,0.001,0.001,0.001, ,,
4444,0.001,0.002,0.001,0.001333333, ,0.002,0.001,0.001,0.001333333, ,,
4445,0.002,0.001,0.002,0.001666667, ,0,0.001,0.001,0.000666667, ,,
4446,0.001,0.002,0.001,0.001333333, ,0.001,0,0,0.000333333, ,,
4447,0.002,0.002,0.002,0.002, ,0.001,0.001,0.001,0.001, ,,
4448,0.002,0.002,0.001,0.001666667, ,0.001,0.001,0.001,0.001, ,,
4449,0.001,0.002,0.002,0.001666667, ,0.001,0.001,0.001,0.001, ,,
4450,0.002,0.001,0.002,0.001666667, ,0.001,0,0,0.000333333, ,,
4451,0.001,0.002,0.001,0.001333333, ,0.001,0.001,0.001,0.001, ,,
4452,0.002,0.001,0.002,0.001666667, ,0.001,0.001,0.001,0.001, ,,
4453,0.001,0.002,0.001,0.001333333, ,0.001,0.001,0.002,0.001333333, ,,
4454,0.002,0.001,0.002,0.001666667, ,0.002,0.001,0.001,0.001333333, ,,
4455,0.001,0.002,0.001,0.001333333, ,0.001,0.002,0.001,0.001333333, ,,
4456,0.002,0.002,0.002,0.002, ,0.002,0.001,0.001,0.001333333, ,,
4457,0.001,0.001,0.002,0.001333333, ,0.001,0.001,0.002,0.001333333, ,,
4458,0.002,0.002,0.001,0.001666667, ,0.001,0.001,0,0.000666667, ,,
4459,0.001,0.001,0.002,0.001333333, ,0.001,0,0.001,0.000666667, ,,
4460,0.002,0.002,0.001,0.001666667, ,0.001,0.001,0.001,0.001, ,,
4461,0.002,0.001,0.002,0.001666667, ,0.001,0.001,0.001,0.001, ,,
4462,0.001,0.002,0.001,0.001333333, ,0.001,0.001,0.001,0.001, ,,
4463,0.002,0.001,0.002,0.001666667, ,0.001,0,0,0.000333333, ,,
4464,0.001,0.002,0.001,0.001333333, ,0.001,0.001,0.001,0.001, ,,
4465,0.002,0.002,0.002,0.002, ,0.001,0.001,0.001,0.001, ,,
4466,0.001,0.001,0.001,0.001, ,0.001,0.001,0.001,0.001, ,,
4467,0.002,0.002,0.002,0.002, ,0.001,0.001,0.001,0.001, ,,
4468,0.001,0.001,0.001,0.001, ,0.001,0.001,0.001,0.001, ,,
4469,0.002,0.002,0.002,0.002, ,0.002,0.001,0.002,0.001666667, ,,
4470,0.001,0.001,0.001,0.001, ,0.001,0.001,0.001,0.001, ,,
4471,0.002,0.002,0.002,0.002, ,0.001,0.001,0.001,0.001, ,,
4472,0.001,0.001,0.001,0.001, ,0.001,0.001,0.001,0.001, ,,
4473,0.002,0.002,0.002,0.002, ,0.001,0.001,0.001,0.001, ,,
4474,0.005,0.001,0.001,0.002333333, ,0.001,0.001,0,0.000666667, ,,
4475,0.002,0.002,0.002,0.002, ,0.001,0,0.001,0.000666667, ,,
4476,0.001,0.002,0.001,0.001333333, ,0.001,0.001,0.001,0.001, ,,
4477,0.002,0.001,0.002,0.001666667, ,0.001,0.001,0.001,0.001, ,,
4478,0.001,0.002,0.002,0.001666667, ,0,0,0,0, ,,
4479,0.002,0.001,0.001,0.001333333, ,0.001,0.001,0.001,0.001, ,,
4480,0.002,0.002,0.002,0.002, ,0.001,0.001,0.001,0.001, ,,
4481,0.001,0.001,0.001,0.001, ,0.001,0.001,0.001,0.001, ,,
4482,0.002,0.002,0.002,0.002, ,0.001,0,0.001,0.000666667, ,,
4483,0.001,0.001,0.001,0.001, ,0.001,0.001,0.001,0.001, ,,
4484,0.002,0.002,0.002,0.002, ,0.001,0.001,0.001,0.001, ,,
4485,0.001,0.001,0.001,0.001, ,0.002,0.002,0.001,0.001666667, ,,
4486,0.002,0.002,0.002,0.002, ,0.002,0.001,0.002,0.001666667, ,,
4487,0.002,0.001,0.001,0.001333333, ,0.002,0.001,0.001,0.001333333, ,,
4488,0.001,0.002,0.002,0.001666667, ,0.001,0.001,0.001,0.001, ,,
4489,0.002,0.001,0.002,0.001666667, ,0.001,0.001,0.001,0.001, ,,
4490,0.001,0.002,0.005,0.002666667, ,0.001,0.002,0.001,0.001333333, ,,
4491,0.002,0.001,0.001,0.001333333, ,0.001,0.001,0.001,0.001, ,,
4492,0.001,0.002,0.002,0.001666667, ,0.002,0.001,0.001,0.001333333, ,,
4493,0.002,0.002,0.001,0.001666667, ,0.001,0.001,0.001,0.001, ,,
4494,0.001,0.001,0.002,0.001333333, ,0.001,0,0.001,0.000666667, ,,
4495,0.002,0.002,0.001,0.001666667, ,0.001,0.001,0.001,0.001, ,,
4496,0.001,0.001,0.002,0.001333333, ,0.001,0.001,0.001,0.001, ,,
4497,0.002,0.002,0.002,0.002, ,0.001,0.001,0.001,0.001, ,,
4498,0.002,0.001,0.001,0.001333333, ,0.002,0.001,0.001,0.001333333, ,,
4499,0.001,0.002,0.002,0.001666667, ,0.001,0.001,0.001,0.001, ,,
4500,0.002,0.002,0.001,0.001666667, ,0.001,0.001,0.001,0.001, ,,
4501,0.001,0.001,0.002,0.001333333, ,0.001,0.001,0.001,0.001, ,,
4502,0.002,0.002,0.001,0.001666667, ,0.002,0.001,0.002,0.001666667, ,,
4503,0.001,0.001,0.002,0.001333333, ,0.001,0.001,0.001,0.001, ,,
4504,0.002,0.002,0.001,0.001666667, ,0.001,0.001,0.001,0.001, ,,
4505,0.002,0.002,0.002,0.002, ,0.001,0.002,0,0.001, ,,
4506,0.001,0.001,0.002,0.001333333, ,0.001,0.001,0.001,0.001, ,,
4507,0.002,0.002,0.001,0.001666667, ,0,0.001,0.001,0.000666667, ,,
4508,0.001,0.001,0.002,0.001333333, ,0.002,0.001,0.001,0.001333333, ,,
4509,0.002,0.002,0.001,0.001666667, ,0,0.001,0.001,0.000666667, ,,
4510,0.001,0.001,0.002,0.001333333, ,0.001,0.001,0,0.000666667, ,,
4511,0.002,0.002,0.001,0.001666667, ,0.001,0,0.001,0.000666667, ,,
4512,0.002,0.002,0.002,0.002, ,0.001,0.001,0.001,0.001, ,,
4513,0.001,0.001,0.001,0.001, ,0.001,0.001,0.001,0.001, ,,
4514,0.002,0.002,0.002,0.002, ,0.001,0.001,0.001,0.001, ,,
4515,0.001,0.001,0.002,0.001333333, ,0.001,0.001,0,0.000666667, ,,
4516,0.002,0.002,0.001,0.001666667, ,0.001,0.001,0.002,0.001333333, ,,
4517,0.001,0.002,0.002,0.001666667, ,0.002,0.002,0.001,0.001666667, ,,
4518,0.002,0.001,0.002,0.001666667, ,0.001,0.001,0.002,0.001333333, ,,
4519,0.002,0.002,0.001,0.001666667, ,0.002,0.001,0.001,0.001333333, ,,
4520,0.001,0.001,0.002,0.001333333, ,0.001,0.002,0.001,0.001333333, ,,
4521,0.002,0.002,0.001,0.001666667, ,0.002,0.001,0.001,0.001333333, ,,
4522,0.001,0.001,0.002,0.001333333, ,0.001,0.001,0.001,0.001, ,,
4523,0.002,0.002,0.001,0.001666667, ,0.001,0.001,0.001,0.001, ,,
4524,0.001,0.002,0.002,0.001666667, ,0.001,0.001,0.001,0.001, ,,
4525,0.002,0.002,0.002,0.002, ,0.001,0.001,0.001,0.001, ,,
4526,0.003,0.002,0.001,0.002, ,0,0.001,0.001,0.000666667, ,,
4527,0.001,0.001,0.002,0.001333333, ,0.001,0,0,0.000333333, ,,
4528,0.002,0.002,0.002,0.002, ,0.001,0.001,0.001,0.001, ,,
4529,0.001,0.001,0.001,0.001, ,0.002,0.001,0.001,0.001333333, ,,
4530,0.002,0.002,0.002,0.002, ,0.001,0.001,0.001,0.001, ,,
4531,0.001,0.002,0.001,0.001333333, ,0.001,0.001,0.001,0.001, ,,
4532,0.002,0.001,0.002,0.001666667, ,0.001,0.001,0.001,0.001, ,,
4533,0.002,0.005,0.002,0.003, ,0.001,0.001,0.001,0.001, ,,
4534,0.001,0.001,0.001,0.001, ,0.001,0.001,0.001,0.001, ,,
4535,0.002,0.002,0.002,0.002, ,0.001,0.001,0.001,0.001, ,,
4536,0.002,0.001,0.002,0.001666667, ,0.001,0.001,0.001,0.001, ,,
4537,0.001,0.002,0.001,0.001333333, ,0.001,0,0,0.000333333, ,,
4538,0.002,0.002,0.002,0.002, ,0.001,0.001,0.001,0.001, ,,
4539,0.001,0.001,0.001,0.001, ,0,0.001,0.001,0.000666667, ,,
4540,0.002,0.002,0.002,0.002, ,0.001,0,0,0.000333333, ,,
4541,0.001,0.001,0.002,0.001333333, ,0.001,0.001,0.001,0.001, ,,
4542,0.002,0.002,0.001,0.001666667, ,0,0,0,0, ,,
4543,0.002,0.002,0.002,0.002, ,0.001,0.001,0.001,0.001, ,,
4544,0.001,0.001,0.002,0.001333333, ,0.001,0.001,0.001,0.001, ,,
4545,0.002,0.002,0.001,0.001666667, ,0.001,0.001,0,0.000666667, ,,
4546,0.002,0.002,0.002,0.002, ,0.001,0,0.001,0.000666667, ,,
4547,0.001,0.001,0.001,0.001, ,0.001,0.001,0.001,0.001, ,,
4548,0.002,0.002,0.002,0.002, ,0.001,0.001,0.001,0.001, ,,
4549,0.001,0.002,0.001,0.001333333, ,0.001,0.002,0.001,0.001333333, ,,
4550,0.002,0.001,0.002,0.001666667, ,0.002,0.001,0.002,0.001666667, ,,
4551,0.002,0.002,0.002,0.002, ,0.002,0.001,0.001,0.001333333, ,,
4552,0.001,0.002,0.001,0.001333333, ,0.001,0.001,0.001,0.001, ,,
4553,0.002,0.001,0.002,0.001666667, ,0.001,0.002,0.001,0.001333333, ,,
4554,0.001,0.002,0.002,0.001666667, ,0,0.001,0.001,0.000666667, ,,
4555,0.002,0.001,0.001,0.001333333, ,0.001,0.001,0.001,0.001, ,,
4556,0.002,0.002,0.002,0.002, ,0.001,0.001,0,0.000666667, ,,
4557,0.001,0.002,0.001,0.001333333, ,0.001,0.001,0.001,0.001, ,,
4558,0.002,0.001,0.002,0.001666667, ,0.001,0,0.001,0.000666667, ,,
4559,0.001,0.002,0.002,0.001666667, ,0.001,0.001,0,0.000666667, ,,
4560,0.002,0.001,0.001,0.001333333, ,0.001,0.001,0.001,0.001, ,,
4561,0.002,0.002,0.002,0.002, ,0,0.001,0.001,0.000666667, ,,
4562,0.001,0.002,0.001,0.001333333, ,0.001,0.001,0.001,0.001, ,,
4563,0.002,0.001,0.002,0.001666667, ,0.001,0,0,0.000333333, ,,
4564,0.002,0.002,0.002,0.002, ,0.001,0.001,0.001,0.001, ,,
4565,0.001,0.001,0.001,0.001, ,0.001,0.001,0.001,0.001, ,,
4566,0.002,0.002,0.002,0.002, ,0,0,0.001,0.000333333, ,,
4567,0.001,0.002,0.001,0.001333333, ,0.001,0.001,0,0.000666667, ,,
4568,0.002,0.001,0.002,0.001666667, ,0.001,0.001,0.001,0.001, ,,
4569,0.002,0.002,0.002,0.002, ,0,0,0.001,0.000333333, ,,
4570,0.001,0.001,0.001,0.001, ,0.001,0.001,0,0.000666667, ,,
4571,0.002,0.002,0.002,0.002, ,0.001,0.001,0.001,0.001, ,,
4572,0.001,0.002,0.002,0.001666667, ,0,0.001,0.001,0.000666667, ,,
4573,0.002,0.001,0.002,0.001666667, ,0.001,0,0,0.000333333, ,,
4574,0.002,0.002,0.003,0.002333333, ,0,0.001,0.001,0.000666667, ,,
4575,0.001,0.001,0.002,0.001333333, ,0.001,0,0,0.000333333, ,,
4576,0.005,0.002,0.002,0.003, ,0.001,0.001,0.001,0.001, ,,
4577,0.001,0.001,0.002,0.001333333, ,0.001,0.001,0.001,0.001, ,,
4578,0.002,0.002,0.002,0.002, ,0,0.001,0,0.000333333, ,,
4579,0.001,0.002,0.002,0.001666667, ,0.001,0,0.001,0.000666667, ,,
4580,0.002,0.002,0.002,0.002, ,0.001,0.001,0.001,0.001, ,,
4581,0.002,0.001,0.001,0.001333333, ,0.001,0.001,0.001,0.001, ,,
4582,0.001,0.002,0.002,0.001666667, ,0.002,0.002,0.001,0.001666667, ,,
4583,0.002,0.001,0.002,0.001666667, ,0.001,0,0.001,0.000666667, ,,
4584,0.001,0.002,0.001,0.001333333, ,0.001,0.001,0.001,0.001, ,,
4585,0.002,0.002,0.002,0.002, ,0.001,0.001,0.001,0.001, ,,
4586,0.002,0.001,0.002,0.001666667, ,0.001,0.001,0.001,0.001, ,,
4587,0.001,0.002,0.001,0.001333333, ,0.001,0.001,0.001,0.001, ,,
4588,0.002,0.001,0.002,0.001666667, ,0.001,0.001,0.001,0.001, ,,
4589,0.001,0.002,0.002,0.001666667, ,0.001,0.001,0.001,0.001, ,,
4590,0.002,0.001,0.001,0.001333333, ,0.001,0,0,0.000333333, ,,
4591,0.001,0.002,0.002,0.001666667, ,0.001,0.001,0.001,0.001, ,,
4592,0.002,0.002,0.004,0.002666667, ,0.001,0.001,0.001,0.001, ,,
4593,0.002,0.001,0.002,0.001666667, ,0.001,0.002,0.001,0.001333333, ,,
4594,0.001,0.002,0.001,0.001333333, ,0.001,0.001,0.001,0.001, ,,
4595,0.002,0.001,0.002,0.001666667, ,0.001,0.001,0,0.000666667, ,,
4596,0.001,0.002,0.001,0.001333333, ,0.001,0.001,0.001,0.001, ,,
4597,0.002,0.001,0.002,0.001666667, ,0.001,0.002,0.001,0.001333333, ,,
4598,0.001,0.002,0.002,0.001666667, ,0.002,0.001,0.002,0.001666667, ,,
4599,0.002,0.002,0.001,0.001666667, ,0.001,0.001,0.001,0.001, ,,
4600,0.002,0.001,0.002,0.001666667, ,0.001,0.001,0.001,0.001, ,,
4601,0.002,0.002,0.001,0.001666667, ,0.001,0.001,0,0.000666667, ,,
4602,0.002,0.001,0.002,0.001666667, ,0.001,0.001,0.001,0.001, ,,
4603,0.002,0.002,0.002,0.002, ,0.002,0.001,0.001,0.001333333, ,,
4604,0.002,0.002,0.001,0.001666667, ,0.001,0.001,0.001,0.001, ,,
4605,0.002,0.001,0.002,0.001666667, ,0,0.001,0.001,0.000666667, ,,
4606,0.002,0.002,0.001,0.001666667, ,0.001,0.001,0,0.000666667, ,,
4607,0.002,0.001,0.002,0.001666667, ,0.001,0,0.001,0.000666667, ,,
4608,0.002,0.002,0.002,0.002, ,0,0.001,0,0.000333333, ,,
4609,0.001,0.002,0.001,0.001333333, ,0.001,0.001,0.001,0.001, ,,
4610,0.002,0.001,0.002,0.001666667, ,0.002,0.001,0.001,0.001333333, ,,
4611,0.001,0.002,0.001,0.001333333, ,0.001,0.001,0.001,0.001, ,,
4612,0.002,0.002,0.002,0.002, ,0.002,0.001,0,0.001, ,,
4613,0.002,0.002,0.001,0.001666667, ,0.001,0.001,0.002,0.001333333, ,,
4614,0.001,0.001,0.002,0.001333333, ,0.002,0.001,0.001,0.001333333, ,,
4615,0.002,0.002,0.001,0.001666667, ,0.002,0.002,0.001,0.001666667, ,,
4616,0.001,0.001,0.002,0.001333333, ,0.001,0.001,0.001,0.001, ,,
4617,0.002,0.002,0.002,0.002, ,0.001,0,0.001,0.000666667, ,,
4618,0.002,0.002,0.001,0.001666667, ,0.001,0.001,0.001,0.001, ,,
4619,0.001,0.001,0.002,0.001333333, ,0.001,0.001,0.001,0.001, ,,
4620,0.002,0.002,0.001,0.001666667, ,0.001,0.001,0,0.000666667, ,,
4621,0.001,0.001,0.002,0.001333333, ,0.001,0.001,0.001,0.001, ,,
4622,0.002,0.002,0.002,0.002, ,0,0,0.001,0.000333333, ,,
4623,0.002,0.001,0.001,0.001333333, ,0.001,0.001,0,0.000666667, ,,
4624,0.001,0.002,0.002,0.001666667, ,0.001,0.001,0.002,0.001333333, ,,
4625,0.002,0.002,0.002,0.002, ,0.001,0.001,0.001,0.001, ,,
4626,0.001,0.001,0.001,0.001, ,0.001,0,0.001,0.000666667, ,,
4627,0.002,0.002,0.002,0.002, ,0.001,0.001,0.001,0.001, ,,
4628,0.001,0.001,0.002,0.001333333, ,0.001,0.001,0.001,0.001, ,,
4629,0.002,0.002,0.001,0.001666667, ,0.001,0.001,0.001,0.001, ,,
4630,0.002,0.002,0.002,0.002, ,0.001,0.001,0.001,0.001, ,,
4631,0.001,0.001,0.001,0.001, ,0.002,0,0.001,0.001, ,,
4632,0.002,0.002,0.002,0.002, ,0.001,0.001,0.001,0.001, ,,
4633,0.002,0.001,0.001,0.001333333, ,0.001,0.001,0.001,0.001, ,,
4634,0.001,0.002,0.002,0.001666667, ,0.001,0.001,0.001,0.001, ,,
4635,0.002,0.004,0.002,0.002666667, ,0.001,0.001,0.001,0.001, ,,
4636,0.002,0.002,0.001,0.001666667, ,0.001,0.001,0.001,0.001, ,,
4637,0.001,0.002,0.002,0.001666667, ,0.001,0,0,0.000333333, ,,
4638,0.002,0.001,0.002,0.001666667, ,0.001,0.001,0.001,0.001, ,,
4639,0.002,0.002,0.001,0.001666667, ,0.001,0,0,0.000333333, ,,
4640,0.001,0.001,0.002,0.001333333, ,0.001,0.001,0.001,0.001, ,,
4641,0.002,0.002,0.001,0.001666667, ,0.001,0.001,0.001,0.001, ,,
4642,0.001,0.002,0.002,0.001666667, ,0.001,0.001,0.001,0.001, ,,
4643,0.002,0.001,0.001,0.001333333, ,0.001,0.001,0.001,0.001, ,,
4644,0.001,0.002,0.002,0.001666667, ,0.002,0.001,0.001,0.001333333, ,,
4645,0.002,0.001,0.002,0.001666667, ,0.001,0.001,0.001,0.001, ,,
4646,0.002,0.002,0.001,0.001666667, ,0.002,0.001,0.002,0.001666667, ,,
4647,0.001,0.002,0.002,0.001666667, ,0.001,0.001,0.001,0.001, ,,
4648,0.002,0.001,0.001,0.001333333, ,0.002,0.001,0.002,0.001666667, ,,
4649,0.001,0.002,0.002,0.001666667, ,0.001,0.001,0.001,0.001, ,,
4650,0.002,0.001,0.002,0.001666667, ,0.001,0.001,0,0.000666667, ,,
4651,0.001,0.002,0.001,0.001333333, ,0.001,0.001,0.001,0.001, ,,
4652,0.002,0.001,0.002,0.001666667, ,0.001,0.001,0.001,0.001, ,,
4653,0.001,0.002,0.001,0.001333333, ,0.001,0.001,0.001,0.001, ,,
4654,0.002,0.002,0.002,0.002, ,0.001,0,0.001,0.000666667, ,,
4655,0.002,0.001,0.001,0.001333333, ,0.001,0.001,0.001,0.001, ,,
4656,0.001,0.002,0.002,0.001666667, ,0.001,0.001,0.001,0.001, ,,
4657,0.002,0.001,0.001,0.001333333, ,0.001,0.001,0.001,0.001, ,,
4658,0.002,0.002,0.002,0.002, ,0,0.001,0.001,0.000666667, ,,
4659,0.001,0.001,0.002,0.001333333, ,0.001,0,0.001,0.000666667, ,,
4660,0.002,0.002,0.001,0.001666667, ,0.001,0.001,0.001,0.001, ,,
4661,0.001,0.002,0.002,0.001666667, ,0.002,0.002,0.001,0.001666667, ,,
4662,0.002,0.001,0.001,0.001333333, ,0.001,0.001,0.001,0.001, ,,
4663,0.001,0.002,0.002,0.001666667, ,0.001,0,0.001,0.000666667, ,,
4664,0.002,0.001,0.001,0.001333333, ,0.001,0.001,0.001,0.001, ,,
4665,0.002,0.002,0.002,0.002, ,0.001,0.001,0.001,0.001, ,,
4666,0.001,0.002,0.002,0.001666667, ,0.001,0.001,0,0.000666667, ,,
4667,0.002,0.001,0.001,0.001333333, ,0.001,0,0.001,0.000666667, ,,
4668,0.001,0.002,0.002,0.001666667, ,0.001,0.001,0.001,0.001, ,,
4669,0.002,0.001,0.001,0.001333333, ,0,0.001,0.001,0.000666667, ,,
4670,0.001,0.002,0.002,0.001666667, ,0.001,0,0,0.000333333, ,,
4671,0.002,0.001,0.001,0.001333333, ,0,0.001,0.001,0.000666667, ,,
4672,0.002,0.002,0.002,0.002, ,0.001,0.001,0.001,0.001, ,,
4673,0.001,0.002,0.001,0.001333333, ,0.002,0,0.001,0.001, ,,
4674,0.002,0.001,0.002,0.001666667, ,0,0.001,0,0.000333333, ,,
4675,0.001,0.002,0.002,0.001666667, ,0.001,0.001,0.002,0.001333333, ,,
4676,0.002,0.001,0.001,0.001333333, ,0.001,0.001,0.001,0.001, ,,
4677,0.002,0.002,0.002,0.002, ,0.002,0.001,0.001,0.001333333, ,,
4678,0.005,0.001,0.001,0.002333333, ,0.001,0.001,0.002,0.001333333, ,,
4679,0.002,0.002,0.002,0.002, ,0.002,0.001,0.001,0.001333333, ,,
4680,0.001,0.001,0.001,0.001, ,0.001,0.001,0.001,0.001, ,,
4681,0.002,0.002,0.002,0.002, ,0.001,0.001,0.001,0.001, ,,
4682,0.001,0.002,0.002,0.001666667, ,0.001,0.001,0.001,0.001, ,,
4683,0.002,0.001,0.001,0.001333333, ,0.001,0,0,0.000333333, ,,
4684,0.002,0.002,0.002,0.002, ,0.001,0.001,0.001,0.001, ,,
4685,0.001,0.001,0.001,0.001, ,0.001,0.001,0.001,0.001, ,,
4686,0.002,0.002,0.002,0.002, ,0.001,0.001,0.001,0.001, ,,
4687,0.001,0.001,0.001,0.001, ,0,0,0,0, ,,
4688,0.002,0.002,0.002,0.002, ,0.001,0.001,0.001,0.001, ,,
4689,0.002,0.001,0.001,0.001333333, ,0.001,0.001,0.001,0.001, ,,
4690,0.001,0.002,0.002,0.001666667, ,0.001,0,0.001,0.000666667, ,,
4691,0.002,0.001,0.002,0.001666667, ,0.001,0.001,0,0.000666667, ,,
4692,0.001,0.002,0.001,0.001333333, ,0.001,0,0.001,0.000666667, ,,
4693,0.002,0.002,0.002,0.002, ,0,0.001,0.001,0.000666667, ,,
4694,0.002,0.001,0.004,0.002333333, ,0.001,0.001,0,0.000666667, ,,
4695,0.001,0.002,0.002,0.001666667, ,0.001,0,0.001,0.000666667, ,,
4696,0.002,0.001,0.002,0.001666667, ,0,0.001,0,0.000333333, ,,
4697,0.001,0.002,0.001,0.001333333, ,0.001,0,0.001,0.000666667, ,,
4698,0.002,0.002,0.002,0.002, ,0.036,0.03,0.033,0.033, ,,
4699,0.002,0.001,0.001,0.001333333, ,0.001,0.001,0.001,0.001, ,,
4700,0.001,0.002,0.002,0.001666667, ,0.001,0.001,0.001,0.001, ,,
4701,0.002,0.001,0.001,0.001333333, ,0.001,0.001,0,0.000666667, ,,
4702,0.001,0.002,0.002,0.001666667, ,0.001,0,0.001,0.000666667, ,,
4703,0.002,0.002,0.002,0.002, ,0.001,0.001,0.001,0.001, ,,
4704,0.002,0.001,0.002,0.001666667, ,0.001,0.001,0.001,0.001, ,,
4705,0.001,0.002,0.002,0.001666667, ,0.001,0.001,0,0.000666667, ,,
4706,0.002,0.002,0.001,0.001666667, ,0,0.001,0.001,0.000666667, ,,
4707,0.001,0.001,0.002,0.001333333, ,0.001,0,0.001,0.000666667, ,,
4708,0.002,0.002,0.002,0.002, ,0.001,0.001,0.001,0.001, ,,
4709,0.002,0.001,0.001,0.001333333, ,0.001,0.001,0.001,0.001, ,,
4710,0.001,0.002,0.002,0.001666667, ,0.002,0.001,0.001,0.001333333, ,,
4711,0.002,0.001,0.001,0.001333333, ,0.001,0.002,0.001,0.001333333, ,,
4712,0.002,0.002,0.002,0.002, ,0.001,0,0.001,0.000666667, ,,
4713,0.001,0.001,0.002,0.001333333, ,0.001,0.001,0.001,0.001, ,,
4714,0.002,0.002,0.001,0.001666667, ,0.001,0.001,0.001,0.001, ,,
4715,0.001,0.002,0.002,0.001666667, ,0.001,0.001,0,0.000666667, ,,
4716,0.002,0.001,0.002,0.001666667, ,0,0,0.001,0.000333333, ,,
4717,0.001,0.002,0.001,0.001333333, ,0.001,0.001,0.001,0.001, ,,
4718,0.002,0.001,0.002,0.001666667, ,0.001,0.001,0.001,0.001, ,,
4719,0.002,0.002,0.001,0.001666667, ,0,0,0,0, ,,
4720,0.001,0.002,0.002,0.001666667, ,0.001,0.001,0.001,0.001, ,,
4721,0.002,0.001,0.001,0.001333333, ,0.001,0.001,0.001,0.001, ,,
4722,0.001,0.002,0.002,0.001666667, ,0.001,0.001,0,0.000666667, ,,
4723,0.002,0.001,0.002,0.001666667, ,0.001,0,0.001,0.000666667, ,,
4724,0.002,0.002,0.001,0.001666667, ,0.001,0.001,0.001,0.001, ,,
4725,0.001,0.002,0.002,0.001666667, ,0.001,0.001,0.001,0.001, ,,
4726,0.002,0.001,0.001,0.001333333, ,0.001,0.001,0.001,0.001, ,,
4727,0.001,0.002,0.002,0.001666667, ,0.001,0.001,0.001,0.001, ,,
4728,0.002,0.001,0.002,0.001666667, ,0.001,0.001,0.001,0.001, ,,
4729,0.002,0.002,0.001,0.001666667, ,0.001,0.001,0.001,0.001, ,,
4730,0.002,0.002,0.002,0.002, ,0.001,0.001,0.001,0.001, ,,
4731,0.001,0.001,0.001,0.001, ,0.001,0,0.001,0.000666667, ,,
4732,0.002,0.002,0.002,0.002, ,0,0.001,0.001,0.000666667, ,,
4733,0.001,0.001,0.002,0.001333333, ,0.001,0.001,0,0.000666667, ,,
4734,0.002,0.002,0.001,0.001666667, ,0.001,0,0.001,0.000666667, ,,
4735,0.002,0.001,0.002,0.001666667, ,0,0.001,0.001,0.000666667, ,,
4736,0.001,0.002,0.001,0.001333333, ,0.001,0.001,0,0.000666667, ,,
4737,0.002,0.005,0.002,0.003, ,0.001,0.001,0.001,0.001, ,,
4738,0.001,0.001,0.001,0.001, ,0.001,0,0.001,0.000666667, ,,
4739,0.002,0.002,0.002,0.002, ,0.001,0.001,0.001,0.001, ,,
4740,0.001,0.001,0.002,0.001333333, ,0.001,0.001,0.001,0.001, ,,
4741,0.002,0.002,0.001,0.001666667, ,0.002,0.002,0.001,0.001666667, ,,
4742,0.002,0.002,0.002,0.002, ,0.002,0.001,0.001,0.001333333, ,,
4743,0.001,0.001,0.002,0.001333333, ,0.001,0.001,0.002,0.001333333, ,,
4744,0.002,0.002,0.001,0.001666667, ,0.001,0.001,0,0.000666667, ,,
4745,0.001,0.001,0.002,0.001333333, ,0.001,0.001,0.001,0.001, ,,
4746,0.002,0.002,0.001,0.001666667, ,0.001,0,0.001,0.000666667, ,,
4747,0.001,0.001,0.002,0.001333333, ,0.001,0.001,0.001,0.001, ,,
4748,0.002,0.002,0.001,0.001666667, ,0,0.001,0.001,0.000666667, ,,
4749,0.002,0.002,0.002,0.002, ,0.001,0.001,0.001,0.001, ,,
4750,0.001,0.001,0.002,0.001333333, ,0.001,0,0,0.000333333, ,,
4751,0.002,0.002,0.001,0.001666667, ,0.001,0.001,0.001,0.001, ,,
4752,0.001,0.001,0.002,0.001333333, ,0.001,0.001,0.001,0.001, ,,
4753,0.002,0.002,0.001,0.001666667, ,0.001,0.001,0.001,0.001, ,,
4754,0.002,0.001,0.002,0.001666667, ,0.001,0.001,0.001,0.001, ,,
4755,0.001,0.002,0.001,0.001333333, ,0.001,0,0,0.000333333, ,,
4756,0.002,0.001,0.002,0.001666667, ,0.001,0.001,0.001,0.001, ,,
4757,0.001,0.002,0.001,0.001333333, ,0.001,0.001,0.001,0.001, ,,
4758,0.002,0.002,0.002,0.002, ,0.001,0.001,0.001,0.001, ,,
4759,0.001,0.001,0.001,0.001, ,0.001,0.001,0.001,0.001, ,,
4760,0.002,0.002,0.002,0.002, ,0.001,0.001,0.001,0.001, ,,
4761,0.002,0.001,0.002,0.001666667, ,0.001,0.001,0.001,0.001, ,,
4762,0.001,0.002,0.001,0.001333333, ,0.001,0.001,0.001,0.001, ,,
4763,0.002,0.001,0.002,0.001666667, ,0.001,0.001,0.001,0.001, ,,
4764,0.001,0.002,0.001,0.001333333, ,0.001,0.001,0.001,0.001, ,,
4765,0.002,0.002,0.002,0.002, ,0.001,0,0,0.000333333, ,,
4766,0.001,0.001,0.001,0.001, ,0,0.001,0.001,0.000666667, ,,
4767,0.002,0.002,0.002,0.002, ,0.002,0,0.001,0.001, ,,
4768,0.002,0.001,0.002,0.001666667, ,0.002,0.001,0.001,0.001333333, ,,
4769,0.001,0.002,0.001,0.001333333, ,0.001,0.07,0,0.023666667, ,,
4770,0.002,0.001,0.002,0.001666667, ,0.001,0,0.001,0.000666667, ,,
4771,0.001,0.002,0.001,0.001333333, ,0.002,0.001,0.001,0.001333333, ,,
4772,0.002,0.003,0.002,0.002333333, ,0.001,0.001,0.001,0.001, ,,
4773,0.001,0.002,0.001,0.001333333, ,0.002,0.001,0.001,0.001333333, ,,
4774,0.002,0.002,0.002,0.002, ,0.001,0.001,0.002,0.001333333, ,,
4775,0.002,0.002,0.001,0.001666667, ,0.002,0.001,0.001,0.001333333, ,,
4776,0.001,0.002,0.002,0.001666667, ,0.001,0,0.001,0.000666667, ,,
4777,0.002,0.001,0.002,0.001666667, ,0.002,0.001,0.001,0.001333333, ,,
4778,0.001,0.002,0.001,0.001333333, ,0.001,0.001,0.001,0.001, ,,
4779,0.002,0.001,0.002,0.001666667, ,0.001,0,0.001,0.000666667, ,,
4780,0.005,0.002,0.001,0.002666667, ,0.001,0.001,0.002,0.001333333, ,,
4781,0.001,0.002,0.002,0.001666667, ,0.001,0,0.001,0.000666667, ,,
4782,0.002,0.001,0.001,0.001333333, ,0.001,0.001,0.001,0.001, ,,
4783,0.001,0.002,0.002,0.001666667, ,0,0,0.001,0.000333333, ,,
4784,0.002,0.002,0.002,0.002, ,0.002,0.001,0.001,0.001333333, ,,
4785,0.001,0.001,0.001,0.001, ,0.001,0.001,0.002,0.001333333, ,,
4786,0.002,0.002,0.002,0.002, ,0.001,0,0.001,0.000666667, ,,
4787,0.002,0.001,0.001,0.001333333, ,0.001,0.001,0.001,0.001, ,,
4788,0.001,0.002,0.002,0.001666667, ,0.001,0,0.001,0.000666667, ,,
4789,0.002,0.001,0.001,0.001333333, ,0.001,0.001,0.001,0.001, ,,
4790,0.001,0.002,0.002,0.001666667, ,0.002,0.001,0.002,0.001666667, ,,
4791,0.002,0.001,0.002,0.001666667, ,0.001,0,0.001,0.000666667, ,,
4792,0.001,0.002,0.001,0.001333333, ,0.001,0.001,0.001,0.001, ,,
4793,0.002,0.001,0.002,0.001666667, ,0.001,0,0.001,0.000666667, ,,
4794,0.001,0.002,0.001,0.001333333, ,0.001,0.001,0,0.000666667, ,,
4795,0.002,0.002,0.002,0.002, ,0.001,0,0.001,0.000666667, ,,
4796,0.002,0.001,0.004,0.002333333, ,0.001,0.001,0.001,0.001, ,,
4797,0.001,0.002,0.002,0.001666667, ,0.001,0,0.001,0.000666667, ,,
4798,0.002,0.001,0.002,0.001666667, ,0,0.001,0,0.000333333, ,,
4799,0.001,0.002,0.001,0.001333333, ,0.001,0,0.001,0.000666667, ,,
4800,0.002,0.001,0.002,0.001666667, ,0.001,0.001,0.001,0.001, ,,
4801,0.001,0.002,0.001,0.001333333, ,0.001,0,0.001,0.000666667, ,,
4802,0.002,0.002,0.002,0.002, ,0.001,0.001,0.001,0.001, ,,
4803,0.002,0.001,0.002,0.001666667, ,0.001,0,0.001,0.000666667, ,,
4804,0.001,0.002,0.001,0.001333333, ,0.001,0.001,0,0.000666667, ,,
4805,0.002,0.002,0.002,0.002, ,0.001,0,0.002,0.001, ,,
4806,0.001,0.001,0.001,0.001, ,0.001,0.001,0.001,0.001, ,,
4807,0.002,0.002,0.002,0.002, ,0.001,0.001,0.001,0.001, ,,
4808,0.002,0.001,0.001,0.001333333, ,0.001,0,0.001,0.000666667, ,,
4809,0.001,0.002,0.002,0.001666667, ,0.001,0.001,0.001,0.001, ,,
4810,0.002,0.002,0.001,0.001666667, ,0.001,0,0,0.000333333, ,,
4811,0.001,0.001,0.002,0.001333333, ,0,0.001,0.001,0.000666667, ,,
4812,0.002,0.002,0.002,0.002, ,0.001,0,0.001,0.000666667, ,,
4813,0.001,0.001,0.001,0.001, ,0.001,0,0.001,0.000666667, ,,
4814,0.002,0.002,0.002,0.002, ,0,0.001,0,0.000333333, ,,
4815,0.002,0.001,0.001,0.001333333, ,0.001,0,0.001,0.000666667, ,,
4816,0.001,0.002,0.002,0.001666667, ,0.001,0.001,0.001,0.001, ,,
4817,0.002,0.001,0.001,0.001333333, ,0.001,0,0.001,0.000666667, ,,
4818,0.002,0.002,0.002,0.002, ,0.001,0,0,0.000333333, ,,
4819,0.002,0.002,0.002,0.002, ,0,0.001,0.001,0.000666667, ,,
4820,0.002,0.001,0.001,0.001333333, ,0.001,0,0,0.000333333, ,,
4821,0.002,0.002,0.002,0.002, ,0.001,0.001,0.001,0.001, ,,
4822,0.002,0.002,0.001,0.001666667, ,0,0,0.001,0.000333333, ,,
4823,0.001,0.001,0.002,0.001333333, ,0.001,0,0,0.000333333, ,,
4824,0.002,0.002,0.002,0.002, ,0.001,0.001,0.001,0.001, ,,
4825,0.002,0.001,0.001,0.001333333, ,0,0,0.001,0.000333333, ,,
4826,0.001,0.002,0.002,0.001666667, ,0.001,0.001,0.001,0.001, ,,
4827,0.002,0.002,0.001,0.001666667, ,0.001,0,0.001,0.000666667, ,,
4828,0.001,0.001,0.002,0.001333333, ,0.001,0.001,0,0.000666667, ,,
4829,0.002,0.002,0.002,0.002, ,0,0,0.001,0.000333333, ,,
4830,0.002,0.001,0.001,0.001333333, ,0.001,0,0,0.000333333, ,,
4831,0.001,0.002,0.002,0.001666667, ,0.001,0.001,0.001,0.001, ,,
4832,0.002,0.001,0.001,0.001333333, ,0.001,0,0.001,0.000666667, ,,
4833,0.002,0.002,0.002,0.002, ,0,0.001,0.001,0.000666667, ,,
4834,0.001,0.002,0.001,0.001333333, ,0.001,0,0.001,0.000666667, ,,
4835,0.002,0.001,0.002,0.001666667, ,0.001,0.001,0.001,0.001, ,,
4836,0.001,0.002,0.001,0.001333333, ,0.001,0,0.001,0.000666667, ,,
4837,0.002,0.001,0.002,0.001666667, ,0.001,0.001,0.001,0.001, ,,
4838,0.001,0.002,0.002,0.001666667, ,0.002,0.001,0.001,0.001333333, ,,
4839,0.002,0.004,0.002,0.002666667, ,0.001,0,0.002,0.001, ,,
4840,0.002,0.002,0.001,0.001666667, ,0.001,0.001,0.001,0.001, ,,
4841,0.001,0.002,0.002,0.001666667, ,0.001,0,0.001,0.000666667, ,,
4842,0.002,0.001,0.001,0.001333333, ,0.001,0.001,0,0.000666667, ,,
4843,0.001,0.002,0.002,0.001666667, ,0.001,0,0.001,0.000666667, ,,
4844,0.002,0.001,0.001,0.001333333, ,0.001,0.001,0.001,0.001, ,,
4845,0.001,0.002,0.002,0.001666667, ,0.001,0,0.001,0.000666667, ,,
4846,0.002,0.002,0.001,0.001666667, ,0,0.001,0.001,0.000666667, ,,
4847,0.002,0.001,0.002,0.001666667, ,0.001,0,0,0.000333333, ,,
4848,0.001,0.002,0.002,0.001666667, ,0.001,0.001,0.001,0.001, ,,
4849,0.002,0.002,0.001,0.001666667, ,0.001,0,0.002,0.001, ,,
4850,0.002,0.001,0.002,0.001666667, ,0.001,0.001,0.001,0.001, ,,
4851,0.001,0.002,0.001,0.001333333, ,0.001,0,0,0.000333333, ,,
4852,0.002,0.001,0.002,0.001666667, ,0.001,0.001,0.001,0.001, ,,
4853,0.001,0.002,0.002,0.001666667, ,0.001,0.001,0.002,0.001333333, ,,
4854,0.002,0.001,0.001,0.001333333, ,0.001,0,0.001,0.000666667, ,,
4855,0.001,0.002,0.002,0.001666667, ,0.002,0.001,0.001,0.001333333, ,,
4856,0.002,0.001,0.001,0.001333333, ,0.001,0,0.001,0.000666667, ,,
4857,0.001,0.002,0.002,0.001666667, ,0,0.001,0.001,0.000666667, ,,
4858,0.002,0.002,0.001,0.001666667, ,0.001,0,0.001,0.000666667, ,,
4859,0.002,0.001,0.002,0.001666667, ,0.002,0.001,0.001,0.001333333, ,,
4860,0.001,0.002,0.001,0.001333333, ,0.001,0.001,0.001,0.001, ,,
4861,0.002,0.001,0.002,0.001666667, ,0,0,0,0, ,,
4862,0.001,0.002,0.002,0.001666667, ,0.001,0,0.001,0.000666667, ,,
4863,0.002,0.001,0.001,0.001333333, ,0.001,0.001,0.001,0.001, ,,
4864,0.001,0.002,0.002,0.001666667, ,0.001,0,0,0.000333333, ,,
4865,0.002,0.001,0.001,0.001333333, ,0.001,0.001,0.002,0.001333333, ,,
4866,0.002,0.002,0.002,0.002, ,0.001,0.001,0,0.000666667, ,,
4867,0.001,0.002,0.002,0.001666667, ,0.001,0,0.001,0.000666667, ,,
4868,0.002,0.001,0.001,0.001333333, ,0.001,0.001,0.001,0.001, ,,
4869,0.001,0.002,0.002,0.001666667, ,0.001,0.001,0.002,0.001333333, ,,
4870,0.002,0.001,0.001,0.001333333, ,0.002,0.001,0.001,0.001333333, ,,
4871,0.001,0.002,0.002,0.001666667, ,0.002,0,0.002,0.001333333, ,,
4872,0.002,0.002,0.001,0.001666667, ,0.001,0.001,0.001,0.001, ,,
4873,0.002,0.001,0.002,0.001666667, ,0.001,0,0.001,0.000666667, ,,
4874,0.001,0.002,0.002,0.001666667, ,0,0.001,0,0.000333333, ,,
4875,0.002,0.001,0.001,0.001333333, ,0.001,0,0.001,0.000666667, ,,
4876,0.001,0.002,0.002,0.001666667, ,0.002,0.001,0.001,0.001333333, ,,
4877,0.002,0.002,0.002,0.002, ,0,0,0.001,0.000333333, ,,
4878,0.002,0.001,0.002,0.001666667, ,0.001,0.001,0.001,0.001, ,,
4879,0.001,0.002,0.001,0.001333333, ,0.001,0,0.001,0.000666667, ,,
4880,0.002,0.002,0.002,0.002, ,0.001,0.001,0.001,0.001, ,,
4881,0.002,0.001,0.001,0.001333333, ,0.001,0.001,0.001,0.001, ,,
4882,0.005,0.002,0.002,0.003, ,0.001,0,0.001,0.000666667, ,,
4883,0.002,0.001,0.001,0.001333333, ,0.001,0.001,0,0.000666667, ,,
4884,0.001,0.002,0.002,0.001666667, ,0.001,0.001,0.001,0.001, ,,
4885,0.002,0.002,0.002,0.002, ,0.001,0,0.001,0.000666667, ,,
4886,0.001,0.001,0.001,0.001, ,0.001,0.001,0.002,0.001333333, ,,
4887,0.002,0.002,0.002,0.002, ,0.001,0,0.001,0.000666667, ,,
4888,0.002,0.001,0.002,0.001666667, ,0.001,0.001,0.001,0.001, ,,
4889,0.001,0.002,0.001,0.001333333, ,0.001,0,0,0.000333333, ,,
4890,0.002,0.002,0.002,0.002, ,0,0.001,0.001,0.000666667, ,,
4891,0.001,0.001,0.001,0.001, ,0.001,0,0.001,0.000666667, ,,
4892,0.002,0.002,0.002,0.002, ,0.003,0.001,0.001,0.001666667, ,,
4893,0.002,0.001,0.001,0.001333333, ,0.001,0,0.001,0.000666667, ,,
4894,0.001,0.002,0.002,0.001666667, ,0.001,0.001,0.001,0.001, ,,
4895,0.002,0.002,0.002,0.002, ,0.001,0,0,0.000333333, ,,
4896,0.001,0.001,0.001,0.001, ,0.001,0.001,0.001,0.001, ,,
4897,0.002,0.002,0.002,0.002, ,0.001,0,0.001,0.000666667, ,,
4898,0.002,0.001,0.004,0.002333333, ,0.001,0.001,0.001,0.001, ,,
4899,0.001,0.002,0.002,0.001666667, ,0.002,0,0.002,0.001333333, ,,
4900,0.002,0.002,0.001,0.001666667, ,0.001,0.001,0.001,0.001, ,,
4901,0.001,0.001,0.002,0.001333333, ,0.002,0.001,0.002,0.001666667, ,,
4902,0.002,0.002,0.002,0.002, ,0.002,0.001,0.002,0.001666667, ,,
4903,0.002,0.001,0.001,0.001333333, ,0.001,0,0.002,0.001, ,,
4904,0.001,0.002,0.002,0.001666667, ,0.002,0.001,0.001,0.001333333, ,,
4905,0.002,0.002,0.001,0.001666667, ,0.001,0.001,0.002,0.001333333, ,,
4906,0.002,0.001,0.002,0.001666667, ,0.001,0,0,0.000333333, ,,
4907,0.001,0.002,0.002,0.001666667, ,0.002,0.001,0.001,0.001333333, ,,
4908,0.002,0.002,0.001,0.001666667, ,0.001,0,0.002,0.001, ,,
4909,0.001,0.001,0.002,0.001333333, ,0.001,0.001,0.001,0.001, ,,
4910,0.002,0.002,0.001,0.001666667, ,0,0,0.001,0.000333333, ,,
4911,0.002,0.001,0.002,0.001666667, ,0.001,0.001,0,0.000666667, ,,
4912,0.001,0.002,0.002,0.001666667, ,0.001,0,0.002,0.001, ,,
4913,0.002,0.002,0.001,0.001666667, ,0.001,0.001,0.001,0.001, ,,
4914,0.002,0.001,0.002,0.001666667, ,0.001,0,0.001,0.000666667, ,,
4915,0.001,0.002,0.002,0.001666667, ,0.002,0.001,0.001,0.001333333, ,,
4916,0.002,0.001,0.002,0.001666667, ,0.001,0.001,0.001,0.001, ,,
4917,0.001,0.002,0.001,0.001333333, ,0.002,0,0.001,0.001, ,,
4918,0.002,0.002,0.002,0.002, ,0.002,0.001,0.002,0.001666667, ,,
4919,0.002,0.001,0.002,0.001666667, ,0.001,0,0.001,0.000666667, ,,
4920,0.001,0.002,0.001,0.001333333, ,0.001,0.001,0,0.000666667, ,,
4921,0.002,0.001,0.002,0.001666667, ,0,0,0.001,0.000333333, ,,
4922,0.002,0.002,0.001,0.001666667, ,0.001,0.001,0.001,0.001, ,,
4923,0.002,0.002,0.002,0.002, ,0.001,0,0.001,0.000666667, ,,
4924,0.002,0.002,0.002,0.002, ,0.001,0.001,0.001,0.001, ,,
4925,0.001,0.001,0.002,0.001333333, ,0.001,0,0,0.000333333, ,,
4926,0.002,0.002,0.001,0.001666667, ,0,0.001,0.001,0.000666667, ,,
4927,0.002,0.001,0.002,0.001666667, ,0.001,0,0.001,0.000666667, ,,
4928,0.001,0.002,0.001,0.001333333, ,0.001,0,0,0.000333333, ,,
4929,0.002,0.002,0.002,0.002, ,0.001,0.001,0.001,0.001, ,,
4930,0.002,0.001,0.002,0.001666667, ,0.001,0,0.001,0.000666667, ,,
4931,0.001,0.002,0.001,0.001333333, ,0.001,0.001,0.001,0.001, ,,
4932,0.002,0.001,0.002,0.001666667, ,0.001,0,0.001,0.000666667, ,,
4933,0.002,0.002,0.002,0.002, ,0.001,0.001,0.001,0.001, ,,
4934,0.001,0.002,0.001,0.001333333, ,0.002,0.001,0.002,0.001666667, ,,
4935,0.002,0.001,0.002,0.001666667, ,0.001,0.001,0.002,0.001333333, ,,
4936,0.001,0.002,0.002,0.001666667, ,0.001,0,0.001,0.000666667, ,,
4937,0.002,0.002,0.001,0.001666667, ,0.001,0.001,0,0.000666667, ,,
4938,0.002,0.001,0.002,0.001666667, ,0.001,0,0.001,0.000666667, ,,
4939,0.001,0.002,0.002,0.001666667, ,0.001,0.001,0.001,0.001, ,,
4940,0.002,0.001,0.001,0.001333333, ,0.001,0.001,0.001,0.001, ,,
4941,0.001,0.005,0.002,0.002666667, ,0.001,0,0.001,0.000666667, ,,
4942,0.002,0.002,0.001,0.001666667, ,0.001,0.001,0.001,0.001, ,,
4943,0.002,0.002,0.002,0.002, ,0.001,0,0,0.000333333, ,,
4944,0.001,0.001,0.002,0.001333333, ,0.001,0,0.001,0.000666667, ,,
4945,0.002,0.002,0.001,0.001666667, ,0.001,0.001,0.001,0.001, ,,
4946,0.001,0.001,0.002,0.001333333, ,0,0.001,0.001,0.000666667, ,,
4947,0.002,0.002,0.001,0.001666667, ,0.001,0,0.001,0.000666667, ,,
4948,0.002,0.002,0.002,0.002, ,0.001,0,0.001,0.000666667, ,,
4949,0.001,0.001,0.002,0.001333333, ,0.001,0.001,0,0.000666667, ,,
4950,0.002,0.002,0.001,0.001666667, ,0.001,0,0.001,0.000666667, ,,
4951,0.002,0.002,0.002,0.002, ,0,0.001,0.001,0.000666667, ,,
4952,0.001,0.001,0.002,0.001333333, ,0.001,0,0.001,0.000666667, ,,
4953,0.002,0.002,0.002,0.002, ,0.001,0.001,0,0.000666667, ,,
4954,0.001,0.001,0.001,0.001, ,0.001,0,0.001,0.000666667, ,,
4955,0.002,0.002,0.002,0.002, ,0.001,0.001,0.001,0.001, ,,
4956,0.002,0.002,0.002,0.002, ,0.001,0,0.001,0.000666667, ,,
4957,0.001,0.001,0.001,0.001, ,0.001,0.001,0.001,0.001, ,,
4958,0.002,0.002,0.002,0.002, ,0,0,0.001,0.000333333, ,,
4959,0.002,0.001,0.001,0.001333333, ,0.001,0.001,0.001,0.001, ,,
4960,0.002,0.002,0.002,0.002, ,0.001,0,0.001,0.000666667, ,,
4961,0.001,0.002,0.002,0.001666667, ,0.001,0.001,0.001,0.001, ,,
4962,0.002,0.002,0.001,0.001666667, ,0.001,0,0.001,0.000666667, ,,
4963,0.001,0.001,0.002,0.001333333, ,0,0.001,0.001,0.000666667, ,,
4964,0.002,0.002,0.001,0.001666667, ,0.001,0,0.001,0.000666667, ,,
4965,0.002,0.002,0.002,0.002, ,0.002,0.001,0.001,0.001333333, ,,
4966,0.001,0.001,0.002,0.001333333, ,0.002,0.001,0.002,0.001666667, ,,
4967,0.002,0.002,0.001,0.001666667, ,0.001,0,0.002,0.001, ,,
4968,0.001,0.001,0.002,0.001333333, ,0.001,0.001,0.001,0.001, ,,
4969,0.002,0.002,0.001,0.001666667, ,0.001,0.001,0.001,0.001, ,,
4970,0.002,0.002,0.002,0.002, ,0.001,0,0.001,0.000666667, ,,
4971,0.001,0.001,0.001,0.001, ,0.001,0.001,0.001,0.001, ,,
4972,0.002,0.002,0.002,0.002, ,0.001,0,0.001,0.000666667, ,,
4973,0.001,0.001,0.002,0.001333333, ,0.001,0.001,0.001,0.001, ,,
4974,0.002,0.002,0.001,0.001666667, ,0.001,0,0,0.000333333, ,,
4975,0.002,0.002,0.002,0.002, ,0.001,0.001,0.001,0.001, ,,
4976,0.001,0.001,0.002,0.001333333, ,0.001,0,0.001,0.000666667, ,,
4977,0.002,0.002,0.001,0.001666667, ,0.001,0.001,0.001,0.001, ,,
4978,0.002,0.001,0.002,0.001666667, ,0.001,0,0.001,0.000666667, ,,
4979,0.001,0.002,0.001,0.001333333, ,0.001,0.001,0.001,0.001, ,,
4980,0.002,0.002,0.002,0.002, ,0.001,0.001,0.001,0.001, ,,
4981,0.001,0.001,0.002,0.001333333, ,0.001,0,0.001,0.000666667, ,,
4982,0.002,0.002,0.001,0.001666667, ,0.001,0.001,0.001,0.001, ,,
4983,0.002,0.001,0.003,0.002, ,0.002,0,0.001,0.001, ,,
4984,0.004,0.002,0.002,0.002666667, ,0.001,0.001,0.001,0.001, ,,
4985,0.002,0.002,0.002,0.002, ,0.001,0,0.001,0.000666667, ,,
4986,0.001,0.001,0.001,0.001, ,0.001,0.001,0.001,0.001, ,,
4987,0.002,0.002,0.002,0.002, ,0.001,0.001,0.001,0.001, ,,
4988,0.002,0.001,0.001,0.001333333, ,0.001,0,0.001,0.000666667, ,,
4989,0.001,0.002,0.002,0.001666667, ,0.001,0.001,0.001,0.001, ,,
4990,0.002,0.002,0.002,0.002, ,0,0,0,0, ,,
4991,0.002,0.002,0.002,0.002, ,0.001,0,0.001,0.000666667, ,,
4992,0.001,0.001,0.001,0.001, ,0.001,0.001,0.001,0.001, ,,
4993,0.002,0.002,0.002,0.002, ,0.001,0,0.001,0.000666667, ,,
4994,0.001,0.002,0.001,0.001333333, ,0.001,0.001,0.001,0.001, ,,
4995,0.002,0.002,0.002,0.002, ,0.001,0,0.001,0.000666667, ,,
4996,0.002,0.002,0.002,0.002, ,0.001,0.001,0.001,0.001, ,,
4997,0.001,0.001,0.001,0.001, ,0.002,0.001,0.002,0.001666667, ,,
4998,0.002,0.002,0.002,0.002, ,0.002,0.001,0.002,0.001666667, ,,
4999,0.001,0.002,0.002,0.001666667, ,0.001,0.001,0.001,0.001, ,,
5000,0.002,0.001,0.004,0.002333333, ,0.001,0.001,0.001,0.001, ,,
5001,0.002,0.002,0.002,0.002, ,0.001,0,0.001,0.000666667, ,,
5002,0.001,0.002,0.001,0.001333333, ,0.001,0.001,0.001,0.001, ,,
5003,0.002,0.001,0.002,0.001666667, ,0.001,0,0.001,0.000666667, ,,
5004,0.002,0.002,0.002,0.002, ,0.001,0.001,0.001,0.001, ,,
5005,0.001,0.001,0.001,0.001, ,0.001,0.001,0.001,0.001, ,,
5006,0.002,0.002,0.002,0.002, ,0.001,0,0.001,0.000666667, ,,
5007,0.002,0.002,0.001,0.001666667, ,0,0,0,0, ,,
5008,0.001,0.001,0.002,0.001333333, ,0.002,0.001,0.002,0.001666667, ,,
5009,0.002,0.002,0.002,0.002, ,0.002,0.001,0.001,0.001333333, ,,
5010,0.001,0.002,0.001,0.001333333, ,0,0,0.001,0.000333333, ,,
5011,0.002,0.001,0.002,0.001666667, ,0.001,0.001,0.001,0.001, ,,
5012,0.002,0.002,0.002,0.002, ,0.002,0.001,0.001,0.001333333, ,,
5013,0.001,0.001,0.001,0.001, ,0.078,0,0.001,0.026333333, ,,
5014,0.002,0.002,0.002,0.002, ,0,0.001,0.001,0.000666667, ,,
5015,0.002,0.002,0.001,0.001666667, ,0.001,0.001,0.001,0.001, ,,
5016,0.001,0.001,0.002,0.001333333, ,0.001,0,0.001,0.000666667, ,,
5017,0.002,0.002,0.002,0.002, ,0,0.001,0.001,0.000666667, ,,
5018,0.001,0.001,0.001,0.001, ,0.001,0,0.002,0.001, ,,
5019,0.002,0.002,0.002,0.002, ,0.001,0.001,0.001,0.001, ,,
5020,0.002,0.002,0.001,0.001666667, ,0.001,0.001,0.002,0.001333333, ,,
5021,0.001,0.001,0.002,0.001333333, ,0,0,0,0, ,,
5022,0.002,0.002,0.002,0.002, ,0,0.001,0.001,0.000666667, ,,
5023,0.002,0.002,0.001,0.001666667, ,0.001,0,0.001,0.000666667, ,,
5024,0.001,0.001,0.002,0.001333333, ,0,0.001,0.001,0.000666667, ,,
5025,0.002,0.002,0.002,0.002, ,0.001,0,0.001,0.000666667, ,,
5026,0.002,0.002,0.002,0.002, ,0.001,0.001,0.001,0.001, ,,
5027,0.001,0.001,0.001,0.001, ,0,0.001,0.001,0.000666667, ,,
5028,0.002,0.002,0.002,0.002, ,0.001,0,0.001,0.000666667, ,,
5029,0.001,0.001,0.002,0.001333333, ,0.001,0.001,0.002,0.001333333, ,,
5030,0.002,0.002,0.001,0.001666667, ,0.001,0.001,0.001,0.001, ,,
5031,0.002,0.001,0.002,0.001666667, ,0.001,0.001,0.002,0.001333333, ,,
5032,0.001,0.002,0.002,0.001666667, ,0,0,0.001,0.000333333, ,,
5033,0.002,0.002,0.001,0.001666667, ,0.001,0.001,0.001,0.001, ,,
5034,0.002,0.001,0.002,0.001666667, ,0.001,0.001,0.001,0.001, ,,
5035,0.001,0.002,0.002,0.001666667, ,0,0,0.001,0.000333333, ,,
5036,0.002,0.002,0.001,0.001666667, ,0.001,0.001,0.001,0.001, ,,
5037,0.001,0.001,0.002,0.001333333, ,0,0,0.001,0.000333333, ,,
5038,0.002,0.002,0.001,0.001666667, ,0.001,0.001,0.001,0.001, ,,
5039,0.001,0.001,0.002,0.001333333, ,0,0,0,0, ,,
5040,0.002,0.002,0.002,0.002, ,0.001,0.001,0.001,0.001, ,,
5041,0.002,0.001,0.001,0.001333333, ,0,0,0.001,0.000333333, ,,
5042,0.001,0.002,0.002,0.001666667, ,0.001,0.001,0.001,0.001, ,,
5043,0.002,0.005,0.001,0.002666667, ,0,0,0.001,0.000333333, ,,
5044,0.001,0.001,0.002,0.001333333, ,0.001,0.001,0.001,0.001, ,,
5045,0.002,0.002,0.001,0.001666667, ,0.001,0.001,0.001,0.001, ,,
5046,0.002,0.002,0.002,0.002, ,0,0,0.002,0.000666667, ,,
5047,0.001,0.001,0.002,0.001333333, ,0.001,0.001,0.001,0.001, ,,
5048,0.002,0.002,0.001,0.001666667, ,0,0.001,0,0.000333333, ,,
5049,0.001,0.001,0.002,0.001333333, ,0.001,0.001,0.001,0.001, ,,
5050,0.002,0.002,0.001,0.001666667, ,0,0,0.001,0.000333333, ,,
5051,0.002,0.002,0.002,0.002, ,0.001,0.001,0.001,0.001, ,,
5052,0.001,0.001,0.002,0.001333333, ,0,0,0.001,0.000333333, ,,
5053,0.002,0.002,0.001,0.001666667, ,0,0.001,0.001,0.000666667, ,,
5054,0.001,0.001,0.002,0.001333333, ,0.001,0,0,0.000333333, ,,
5055,0.002,0.002,0.001,0.001666667, ,0,0,0.001,0.000333333, ,,
5056,0.002,0.002,0.002,0.002, ,0.001,0.001,0.001,0.001, ,,
5057,0.001,0.001,0.002,0.001333333, ,0,0.001,0.001,0.000666667, ,,
5058,0.002,0.002,0.001,0.001666667, ,0.001,0,0.001,0.000666667, ,,
5059,0.001,0.001,0.002,0.001333333, ,0,0.001,0,0.000333333, ,,
5060,0.002,0.002,0.001,0.001666667, ,0.001,0,0.001,0.000666667, ,,
5061,0.002,0.001,0.002,0.001666667, ,0,0.001,0.002,0.001, ,,
5062,0.001,0.002,0.002,0.001666667, ,0.001,0.001,0.001,0.001, ,,
5063,0.002,0.002,0.001,0.001666667, ,0.001,0,0.001,0.000666667, ,,
5064,0.001,0.003,0.002,0.002, ,0,0.001,0.001,0.000666667, ,,
5065,0.002,0.001,0.001,0.001333333, ,0,0,0.001,0.000333333, ,,
5066,0.001,0.002,0.002,0.001666667, ,0.001,0.001,0,0.000666667, ,,
5067,0.002,0.001,0.001,0.001333333, ,0,0,0.001,0.000333333, ,,
5068,0.002,0.002,0.002,0.002, ,0.001,0.001,0.001,0.001, ,,
5069,0.001,0.002,0.002,0.001666667, ,0,0,0,0, ,,
5070,0.002,0.001,0.001,0.001333333, ,0,0,0.001,0.000333333, ,,
5071,0.001,0.002,0.002,0.001666667, ,0.001,0.001,0,0.000666667, ,,
5072,0.002,0.002,0.002,0.002, ,0,0,0.001,0.000333333, ,,
5073,0.002,0.001,0.001,0.001333333, ,0.001,0.001,0.001,0.001, ,,
5074,0.001,0.002,0.002,0.001666667, ,0,0,0.001,0.000333333, ,,
5075,0.002,0.001,0.001,0.001333333, ,0,0,0,0, ,,
5076,0.002,0.002,0.002,0.002, ,0.001,0.001,0.001,0.001, ,,
5077,0.001,0.002,0.002,0.001666667, ,0,0,0,0, ,,
5078,0.002,0.001,0.001,0.001333333, ,0,0.001,0.001,0.000666667, ,,
5079,0.001,0.002,0.002,0.001666667, ,0.001,0,0,0.000333333, ,,
5080,0.002,0.001,0.001,0.001333333, ,0,0,0.001,0.000333333, ,,
5081,0.002,0.002,0.002,0.002, ,0.031,0.001,0.001,0.011, ,,
5082,0.001,0.002,0.002,0.001666667, ,0.001,0,0.001,0.000666667, ,,
5083,0.002,0.001,0.001,0.001333333, ,0,0.001,0,0.000333333, ,,
5084,0.001,0.002,0.002,0.001666667, ,0.001,0,0.001,0.000666667, ,,
5085,0.002,0.001,0.001,0.001333333, ,0,0,0,0, ,,
5086,0.005,0.002,0.002,0.003, ,0,0.001,0.001,0.000666667, ,,
5087,0.001,0.002,0.002,0.001666667, ,0.001,0,0,0.000333333, ,,
5088,0.002,0.001,0.001,0.001333333, ,0,0.001,0.001,0.000666667, ,,
5089,0.002,0.002,0.002,0.002, ,0.001,0,0.001,0.000666667, ,,
5090,0.001,0.001,0.001,0.001, ,0,0,0,0, ,,
5091,0.002,0.002,0.002,0.002, ,0.001,0.001,0.001,0.001, ,,
5092,0.001,0.002,0.002,0.001666667, ,0,0,0.001,0.000333333, ,,
5093,0.002,0.001,0.001,0.001333333, ,0.001,0.001,0.001,0.001, ,,
5094,0.002,0.002,0.002,0.002, ,0,0,0.001,0.000333333, ,,
5095,0.001,0.002,0.002,0.001666667, ,0.001,0.001,0.001,0.001, ,,
5096,0.002,0.001,0.001,0.001333333, ,0,0,0,0, ,,
5097,0.001,0.002,0.002,0.001666667, ,0.001,0.001,0.001,0.001, ,,
5098,0.002,0.001,0.002,0.001666667, ,0,0,0.001,0.000333333, ,,
5099,0.002,0.002,0.001,0.001666667, ,0,0.001,0,0.000333333, ,,
5100,0.002,0.002,0.002,0.002, ,0.001,0,0.001,0.000666667, ,,
5101,0.001,0.001,0.002,0.001333333, ,0,0,0.001,0.000333333, ,,
5102,0.002,0.002,0.004,0.002666667, ,0.001,0.001,0,0.000666667, ,,
5103,0.002,0.002,0.002,0.002, ,0,0,0.001,0.000333333, ,,
5104,0.002,0.001,0.001,0.001333333, ,0,0.001,0.001,0.000666667, ,,
5105,0.002,0.002,0.002,0.002, ,0.001,0,0.001,0.000666667, ,,
5106,0.001,0.001,0.001,0.001, ,0,0.001,0.001,0.000666667, ,,
5107,0.002,0.002,0.002,0.002, ,0.001,0,0,0.000333333, ,,
5108,0.002,0.001,0.002,0.001666667, ,0,0,0.001,0.000333333, ,,
5109,0.002,0.002,0.001,0.001666667, ,0.001,0.001,0.001,0.001, ,,
5110,0.002,0.002,0.002,0.002, ,0,0.001,0.001,0.000666667, ,,
5111,0.001,0.001,0.002,0.001333333, ,0.001,0,0.001,0.000666667, ,,
5112,0.002,0.002,0.001,0.001666667, ,0.001,0.001,0.001,0.001, ,,
5113,0.002,0.002,0.002,0.002, ,0,0,0.001,0.000333333, ,,
5114,0.001,0.001,0.001,0.001, ,0.001,0.001,0.001,0.001, ,,
5115,0.002,0.002,0.002,0.002, ,0,0.001,0.001,0.000666667, ,,
5116,0.002,0.001,0.002,0.001666667, ,0.001,0,0.001,0.000666667, ,,
5117,0.002,0.002,0.001,0.001666667, ,0,0.001,0,0.000333333, ,,
5118,0.001,0.002,0.002,0.001666667, ,0,0,0.001,0.000333333, ,,
5119,0.002,0.001,0.002,0.001666667, ,0.001,0,0,0.000333333, ,,
5120,0.002,0.002,0.001,0.001666667, ,0,0.001,0.001,0.000666667, ,,
5121,0.002,0.002,0.002,0.002, ,0.001,0,0.001,0.000666667, ,,
5122,0.002,0.001,0.001,0.001333333, ,0,0.001,0,0.000333333, ,,
5123,0.001,0.002,0.002,0.001666667, ,0,0,0.001,0.000333333, ,,
5124,0.002,0.001,0.002,0.001666667, ,0.001,0.001,0.001,0.001, ,,
5125,0.002,0.002,0.001,0.001666667, ,0.001,0,0.001,0.000666667, ,,
5126,0.001,0.002,0.002,0.001666667, ,0,0.001,0.001,0.000666667, ,,
5127,0.002,0.001,0.001,0.001333333, ,0.001,0.001,0.002,0.001333333, ,,
5128,0.002,0.002,0.002,0.002, ,0,0,0.001,0.000333333, ,,
5129,0.002,0.001,0.002,0.001666667, ,0.001,0.001,0.001,0.001, ,,
5130,0.001,0.002,0.001,0.001333333, ,0,0,0,0, ,,
5131,0.002,0.002,0.002,0.002, ,0.001,0.001,0.001,0.001, ,,
5132,0.002,0.001,0.001,0.001333333, ,0,0,0.001,0.000333333, ,,
5133,0.002,0.002,0.002,0.002, ,0.001,0.001,0.001,0.001, ,,
5134,0.002,0.001,0.002,0.001666667, ,0,0,0,0, ,,
5135,0.003,0.002,0.001,0.002, ,0,0,0.001,0.000333333, ,,
5136,0.001,0.001,0.002,0.001333333, ,0.001,0.001,0.001,0.001, ,,
5137,0.002,0.002,0.001,0.001666667, ,0.001,0.001,0.001,0.001, ,,
5138,0.002,0.002,0.002,0.002, ,0,0,0.001,0.000333333, ,,
5139,0.002,0.001,0.002,0.001666667, ,0,0.001,0.001,0.000666667, ,,
5140,0.002,0.002,0.001,0.001666667, ,0.001,0.001,0.001,0.001, ,,
5141,0.001,0.001,0.002,0.001333333, ,0.001,0.001,0.001,0.001, ,,
5142,0.002,0.002,0.001,0.001666667, ,0,0,0.001,0.000333333, ,,
5143,0.002,0.002,0.002,0.002, ,0.001,0.001,0.001,0.001, ,,
5144,0.002,0.001,0.001,0.001333333, ,0.001,0.001,0.001,0.001, ,,
5145,0.002,0.005,0.002,0.003, ,0,0,0.002,0.000666667, ,,
5146,0.001,0.001,0.002,0.001333333, ,0.001,0.001,0.001,0.001, ,,
5147,0.002,0.002,0.001,0.001666667, ,0.001,0.001,0.001,0.001, ,,
5148,0.002,0.002,0.002,0.002, ,0,0,0.001,0.000333333, ,,
5149,0.002,0.002,0.001,0.001666667, ,0.001,0.001,0.001,0.001, ,,
5150,0.002,0.001,0.002,0.001666667, ,0,0,0.001,0.000333333, ,,
5151,0.001,0.002,0.002,0.001666667, ,0.001,0.001,0,0.000666667, ,,
5152,0.002,0.001,0.001,0.001333333, ,0,0,0.001,0.000333333, ,,
5153,0.002,0.002,0.002,0.002, ,0.001,0.001,0.001,0.001, ,,
5154,0.001,0.002,0.001,0.001333333, ,0,0,0.001,0.000333333, ,,
5155,0.002,0.001,0.002,0.001666667, ,0.001,0.001,0.001,0.001, ,,
5156,0.002,0.002,0.002,0.002, ,0.001,0.001,0.001,0.001, ,,
5157,0.002,0.001,0.001,0.001333333, ,0,0,0.002,0.000666667, ,,
5158,0.001,0.002,0.002,0.001666667, ,0.001,0.001,0.001,0.001, ,,
5159,0.002,0.001,0.002,0.001666667, ,0.001,0.001,0.002,0.001333333, ,,
5160,0.002,0.002,0.003,0.002333333, ,0,0.001,0.001,0.000666667, ,,
5161,0.001,0.002,0.002,0.001666667, ,0.001,0,0.001,0.000666667, ,,
5162,0.002,0.001,0.002,0.001666667, ,0,0.001,0.001,0.000666667, ,,
5163,0.002,0.002,0.002,0.002, ,0.001,0,0.001,0.000666667, ,,
5164,0.001,0.001,0.002,0.001333333, ,0,0.001,0.001,0.000666667, ,,
5165,0.002,0.002,0.002,0.002, ,0.001,0,0.001,0.000666667, ,,
5166,0.002,0.002,0.002,0.002, ,0,0.001,0.001,0.000666667, ,,
5167,0.001,0.001,0.001,0.001, ,0.001,0,0,0.000333333, ,,
5168,0.002,0.002,0.002,0.002, ,0,0.001,0.002,0.001, ,,
5169,0.002,0.001,0.002,0.001666667, ,0.001,0.001,0.001,0.001, ,,
5170,0.001,0.002,0.002,0.001666667, ,0,0,0.001,0.000333333, ,,
5171,0.002,0.002,0.001,0.001666667, ,0.001,0.001,0,0.000666667, ,,
5172,0.002,0.001,0.002,0.001666667, ,0,0,0.001,0.000333333, ,,
5173,0.001,0.002,0.002,0.001666667, ,0.001,0.001,0.002,0.001333333, ,,
5174,0.002,0.001,0.002,0.001666667, ,0.001,0.001,0.002,0.001333333, ,,
5175,0.002,0.002,0.001,0.001666667, ,0.001,0.001,0.001,0.001, ,,
5176,0.001,0.002,0.002,0.001666667, ,0,0,0.001,0.000333333, ,,
5177,0.002,0.001,0.002,0.001666667, ,0.001,0.001,0.001,0.001, ,,
5178,0.002,0.002,0.002,0.002, ,0,0,0.001,0.000333333, ,,
5179,0.001,0.001,0.002,0.001333333, ,0.001,0.001,0.001,0.001, ,,
5180,0.002,0.002,0.001,0.001666667, ,0,0.001,0.001,0.000666667, ,,
5181,0.002,0.001,0.002,0.001666667, ,0.001,0,0,0.000333333, ,,
5182,0.001,0.002,0.002,0.001666667, ,0,0,0.001,0.000333333, ,,
5183,0.002,0.002,0.001,0.001666667, ,0,0.001,0.001,0.000666667, ,,
5184,0.002,0.001,0.002,0.001666667, ,0.001,0,0.001,0.000666667, ,,
5185,0.001,0.002,0.001,0.001333333, ,0.001,0.001,0,0.000666667, ,,
5186,0.002,0.001,0.002,0.001666667, ,0,0,0.001,0.000333333, ,,
5187,0.002,0.002,0.001,0.001666667, ,0.001,0.001,0.001,0.001, ,,
5188,0.004,0.002,0.002,0.002666667, ,0,0,0.001,0.000333333, ,,
5189,0.002,0.001,0.002,0.001666667, ,0.001,0.001,0.002,0.001333333, ,,
5190,0.002,0.002,0.001,0.001666667, ,0.001,0.001,0.003,0.001666667, ,,
5191,0.001,0.002,0.002,0.001666667, ,0,0.001,0.001,0.000666667, ,,
5192,0.002,0.001,0.002,0.001666667, ,0.001,0,0.001,0.000666667, ,,
5193,0.002,0.002,0.001,0.001666667, ,0,0.001,0.001,0.000666667, ,,
5194,0.002,0.001,0.002,0.001666667, ,0.001,0,0.001,0.000666667, ,,
5195,0.001,0.002,0.001,0.001333333, ,0,0.001,0.001,0.000666667, ,,
5196,0.002,0.002,0.002,0.002, ,0.001,0,0.001,0.000666667, ,,
5197,0.002,0.001,0.002,0.001666667, ,0,0.001,0,0.000333333, ,,
5198,0.002,0.002,0.001,0.001666667, ,0.001,0,0.001,0.000666667, ,,
5199,0.001,0.001,0.002,0.001333333, ,0,0,0.001,0.000333333, ,,
5200,0.002,0.002,0.001,0.001666667, ,0,0.001,0.001,0.000666667, ,,
5201,0.001,0.002,0.002,0.001666667, ,0.001,0,0.001,0.000666667, ,,
5202,0.002,0.001,0.002,0.001666667, ,0,0.001,0.001,0.000666667, ,,
5203,0.002,0.002,0.001,0.001666667, ,0.001,0,0,0.000333333, ,,
5204,0.001,0.001,0.005,0.002333333, ,0,0.001,0.001,0.000666667, ,,
5205,0.002,0.002,0.002,0.002, ,0,0,0.001,0.000333333, ,,
5206,0.002,0.001,0.001,0.001333333, ,0.001,0.001,0.001,0.001, ,,
5207,0.001,0.002,0.002,0.001666667, ,0,0,0,0, ,,
5208,0.002,0.002,0.002,0.002, ,0.001,0.001,0.001,0.001, ,,
5209,0.002,0.001,0.001,0.001333333, ,0,0,0.001,0.000333333, ,,
5210,0.001,0.002,0.002,0.001666667, ,0.001,0.001,0.001,0.001, ,,
5211,0.002,0.001,0.002,0.001666667, ,0.001,0,0.001,0.000666667, ,,
5212,0.001,0.002,0.001,0.001333333, ,0,0.001,0.001,0.000666667, ,,
5213,0.002,0.002,0.002,0.002, ,0.001,0,0.001,0.000666667, ,,
5214,0.002,0.001,0.001,0.001333333, ,0,0.001,0,0.000333333, ,,
5215,0.002,0.002,0.002,0.002, ,0.001,0,0.001,0.000666667, ,,
5216,0.001,0.002,0.002,0.001666667, ,0,0.001,0.001,0.000666667, ,,
5217,0.002,0.001,0.001,0.001333333, ,0.001,0,0,0.000333333, ,,
5218,0.001,0.002,0.002,0.001666667, ,0,0,0.001,0.000333333, ,,
5219,0.002,0.001,0.002,0.001666667, ,0,0.001,0.001,0.000666667, ,,
5220,0.002,0.002,0.001,0.001666667, ,0.001,0,0.001,0.000666667, ,,
5221,0.001,0.002,0.002,0.001666667, ,0,0.001,0.001,0.000666667, ,,
5222,0.002,0.001,0.001,0.001333333, ,0.001,0.001,0.001,0.001, ,,
5223,0.002,0.002,0.002,0.002, ,0.001,0,0.002,0.001, ,,
5224,0.002,0.001,0.002,0.001666667, ,0,0.001,0.001,0.000666667, ,,
5225,0.001,0.002,0.001,0.001333333, ,0.001,0.001,0.002,0.001333333, ,,
5226,0.002,0.002,0.002,0.002, ,0,0,0.001,0.000333333, ,,
5227,0.002,0.002,0.001,0.001666667, ,0.001,0,0.001,0.000666667, ,,
5228,0.001,0.002,0.002,0.001666667, ,0,0.001,0.001,0.000666667, ,,
5229,0.002,0.001,0.002,0.001666667, ,0,0,0,0, ,,
5230,0.002,0.002,0.001,0.001666667, ,0.001,0.001,0.001,0.001, ,,
5231,0.001,0.002,0.002,0.001666667, ,0,0,0.001,0.000333333, ,,
5232,0.002,0.001,0.001,0.001333333, ,0.001,0.001,0.001,0.001, ,,
5233,0.002,0.002,0.002,0.002, ,0,0,0.002,0.000666667, ,,
5234,0.002,0.001,0.002,0.001666667, ,0.001,0.001,0,0.000666667, ,,
5235,0.002,0.002,0.001,0.001666667, ,0,0,0.001,0.000333333, ,,
5236,0.002,0.002,0.002,0.002, ,0.001,0.001,0.001,0.001, ,,
5237,0.001,0.001,0.001,0.001, ,0,0.001,0.001,0.000666667, ,,
5238,0.002,0.002,0.002,0.002, ,0.001,0,0.002,0.001, ,,
5239,0.002,0.001,0.001,0.001333333, ,0.001,0.001,0.001,0.001, ,,
5240,0.001,0.002,0.002,0.001666667, ,0,0,0.001,0.000333333, ,,
5241,0.002,0.002,0.002,0.002, ,0.001,0.001,0.001,0.001, ,,
5242,0.001,0.001,0.001,0.001, ,0,0.001,0.001,0.000666667, ,,
5243,0.002,0.002,0.002,0.002, ,0.001,0,0.001,0.000666667, ,,
5244,0.002,0.001,0.001,0.001333333, ,0,0.001,0.001,0.000666667, ,,
5245,0.001,0.002,0.002,0.001666667, ,0.001,0,0.001,0.000666667, ,,
5246,0.002,0.001,0.002,0.001666667, ,0,0.001,0,0.000333333, ,,
5247,0.001,0.005,0.001,0.002333333, ,0,0,0.001,0.000333333, ,,
5248,0.002,0.002,0.002,0.002, ,0.001,0,0.001,0.000666667, ,,
5249,0.002,0.001,0.002,0.001666667, ,0,0.001,0.001,0.000666667, ,,
5250,0.001,0.002,0.001,0.001333333, ,0.001,0,0,0.000333333, ,,
5251,0.002,0.001,0.002,0.001666667, ,0,0.001,0.001,0.000666667, ,,
5252,0.001,0.002,0.002,0.001666667, ,0.001,0,0.001,0.000666667, ,,
5253,0.002,0.002,0.001,0.001666667, ,0.001,0.001,0.002,0.001333333, ,,
5254,0.002,0.001,0.002,0.001666667, ,0,0.001,0.001,0.000666667, ,,
5255,0.001,0.002,0.002,0.001666667, ,0.001,0.001,0.001,0.001, ,,
5256,0.002,0.001,0.001,0.001333333, ,0.001,0,0.002,0.001, ,,
5257,0.002,0.002,0.002,0.002, ,0,0.001,0.001,0.000666667, ,,
5258,0.001,0.001,0.001,0.001, ,0.001,0,0,0.000333333, ,,
5259,0.002,0.002,0.002,0.002, ,0,0.001,0.001,0.000666667, ,,
5260,0.002,0.002,0.002,0.002, ,0.001,0,0.001,0.000666667, ,,
5261,0.001,0.001,0.001,0.001, ,0,0.001,0.001,0.000666667, ,,
5262,0.002,0.002,0.002,0.002, ,0,0,0.001,0.000333333, ,,
5263,0.002,0.002,0.002,0.002, ,0.001,0.001,0.001,0.001, ,,
5264,0.001,0.001,0.001,0.001, ,0,0,0.001,0.000333333, ,,
5265,0.002,0.002,0.002,0.002, ,0.001,0.001,0.001,0.001, ,,
5266,0.001,0.001,0.002,0.001333333, ,0.001,0.001,0.001,0.001, ,,
5267,0.002,0.002,0.002,0.002, ,0,0,0.001,0.000333333, ,,
5268,0.002,0.002,0.001,0.001666667, ,0.001,0.001,0.001,0.001, ,,
5269,0.001,0.001,0.002,0.001333333, ,0.001,0,0.001,0.000666667, ,,
5270,0.002,0.002,0.001,0.001666667, ,0,0.001,0.002,0.001, ,,
5271,0.002,0.002,0.002,0.002, ,0.001,0.001,0.001,0.001, ,,
5272,0.001,0.001,0.002,0.001333333, ,0.001,0,0.001,0.000666667, ,,
5273,0.002,0.002,0.001,0.001666667, ,0,0.001,0.002,0.001, ,,
5274,0.002,0.002,0.002,0.002, ,0.001,0.001,0.001,0.001, ,,
5275,0.001,0.001,0.001,0.001, ,0.001,0.001,0.001,0.001, ,,
5276,0.002,0.002,0.002,0.002, ,0,0,0.001,0.000333333, ,,
5277,0.001,0.001,0.002,0.001333333, ,0.001,0.001,0.001,0.001, ,,
5278,0.002,0.002,0.001,0.001666667, ,0,0,0.001,0.000333333, ,,
5279,0.002,0.002,0.002,0.002, ,0.001,0.001,0.001,0.001, ,,
5280,0.001,0.001,0.002,0.001333333, ,0,0,0,0, ,,
5281,0.002,0.002,0.001,0.001666667, ,0.001,0.001,0.001,0.001, ,,
5282,0.002,0.002,0.002,0.002, ,0,0.001,0.001,0.000666667, ,,
5283,0.001,0.001,0.001,0.001, ,0.001,0,0.001,0.000666667, ,,
5284,0.002,0.002,0.002,0.002, ,0,0.001,0.001,0.000666667, ,,
5285,0.002,0.001,0.002,0.001666667, ,0.001,0.001,0.002,0.001333333, ,,
5286,0.001,0.002,0.001,0.001333333, ,0.001,0,0.001,0.000666667, ,,
5287,0.002,0.002,0.002,0.002, ,0.001,0.001,0.002,0.001333333, ,,
5288,0.002,0.001,0.002,0.001666667, ,0,0.001,0.001,0.000666667, ,,
5289,0.001,0.002,0.001,0.001333333, ,0.001,0,0.001,0.000666667, ,,
5290,0.005,0.002,0.002,0.003, ,0,0.001,0.001,0.000666667, ,,
5291,0.002,0.001,0.002,0.001666667, ,0.001,0,0.001,0.000666667, ,,
5292,0.001,0.002,0.001,0.001333333, ,0,0.001,0.001,0.000666667, ,,
5293,0.002,0.002,0.002,0.002, ,0.001,0.001,0.001,0.001, ,,
5294,0.001,0.001,0.001,0.001, ,0,0,0,0, ,,
5295,0.002,0.002,0.002,0.002, ,0.001,0,0.001,0.000666667, ,,
5296,0.002,0.002,0.002,0.002, ,0,0.001,0.001,0.000666667, ,,
5297,0.001,0.001,0.001,0.001, ,0.001,0.001,0.002,0.001333333, ,,
5298,0.002,0.002,0.002,0.002, ,0.001,0,0.001,0.000666667, ,,
5299,0.002,0.002,0.002,0.002, ,0,0.001,0.001,0.000666667, ,,
5300,0.001,0.001,0.001,0.001, ,0.001,0.001,0.002,0.001333333, ,,
5301,0.002,0.002,0.002,0.002, ,0,0,0.001,0.000333333, ,,
5302,0.002,0.002,0.002,0.002, ,0.001,0.001,0.002,0.001333333, ,,
5303,0.001,0.001,0.001,0.001, ,0.001,0.001,0.001,0.001, ,,
5304,0.002,0.002,0.002,0.002, ,0,0.001,0.001,0.000666667, ,,
5305,0.002,0.002,0.002,0.002, ,0.001,0,0.001,0.000666667, ,,
5306,0.001,0.001,0.004,0.002, ,0.001,0.001,0.001,0.001, ,,
5307,0.002,0.002,0.002,0.002, ,0,0.001,0.002,0.001, ,,
5308,0.002,0.002,0.001,0.001666667, ,0.001,0,0.001,0.000666667, ,,
5309,0.001,0.001,0.002,0.001333333, ,0,0.001,0,0.000333333, ,,
5310,0.002,0.002,0.002,0.002, ,0.001,0,0.001,0.000666667, ,,
5311,0.002,0.001,0.001,0.001333333, ,0,0,0,0, ,,
5312,0.001,0.002,0.002,0.001666667, ,0,0.001,0.001,0.000666667, ,,
5313,0.002,0.002,0.003,0.002333333, ,0.001,0,0.001,0.000666667, ,,
5314,0.002,0.002,0.002,0.002, ,0,0.001,0.001,0.000666667, ,,
5315,0.001,0.001,0.001,0.001, ,0.001,0,0.001,0.000666667, ,,
5316,0.002,0.002,0.002,0.002, ,0,0.001,0,0.000333333, ,,
5317,0.002,0.001,0.001,0.001333333, ,0.001,0.001,0.002,0.001333333, ,,
5318,0.001,0.002,0.002,0.001666667, ,0.001,0.001,0.001,0.001, ,,
5319,0.002,0.002,0.002,0.002, ,0.001,0,0.002,0.001, ,,
5320,0.002,0.001,0.002,0.001666667, ,0,0.001,0.001,0.000666667, ,,
5321,0.001,0.002,0.001,0.001333333, ,0.001,0.001,0.001,0.001, ,,
5322,0.002,0.002,0.002,0.002, ,0,0,0.001,0.000333333, ,,
5323,0.002,0.001,0.002,0.001666667, ,0.001,0.001,0.001,0.001, ,,
5324,0.001,0.002,0.002,0.001666667, ,0,0,0.001,0.000333333, ,,
5325,0.002,0.002,0.001,0.001666667, ,0.001,0.001,0.001,0.001, ,,
5326,0.002,0.001,0.002,0.001666667, ,0,0,0,0, ,,
5327,0.001,0.002,0.002,0.001666667, ,0,0.001,0.001,0.000666667, ,,
5328,0.002,0.002,0.001,0.001666667, ,0.001,0,0.001,0.000666667, ,,
5329,0.002,0.001,0.002,0.001666667, ,0,0.001,0.001,0.000666667, ,,
5330,0.001,0.002,0.002,0.001666667, ,0.001,0,0.001,0.000666667, ,,
5331,0.002,0.001,0.001,0.001333333, ,0,0.001,0,0.000333333, ,,
5332,0.001,0.002,0.002,0.001666667, ,0.001,0,0.001,0.000666667, ,,
5333,0.002,0.002,0.001,0.001666667, ,0,0.001,0.001,0.000666667, ,,
5334,0.002,0.001,0.002,0.001666667, ,0.001,0,0.001,0.000666667, ,,
5335,0.001,0.002,0.002,0.001666667, ,0,0.001,0,0.000333333, ,,
5336,0.002,0.002,0.001,0.001666667, ,0.001,0,0.001,0.000666667, ,,
5337,0.002,0.001,0.002,0.001666667, ,0,0.001,0.001,0.000666667, ,,
5338,0.001,0.002,0.002,0.001666667, ,0.001,0,0.001,0.000666667, ,,
5339,0.002,0.002,0.001,0.001666667, ,0,0.001,0.001,0.000666667, ,,
5340,0.002,0.002,0.002,0.002, ,0.001,0.001,0.001,0.001, ,,
5341,0.001,0.001,0.002,0.001333333, ,0,0,0.001,0.000333333, ,,
5342,0.002,0.002,0.001,0.001666667, ,0,0,0,0, ,,
5343,0.001,0.002,0.002,0.001666667, ,0.001,0.001,0.001,0.001, ,,
5344,0.002,0.001,0.002,0.001666667, ,0,0,0,0, ,,
5345,0.002,0.002,0.001,0.001666667, ,0.001,0.001,0.001,0.001, ,,
5346,0.001,0.002,0.002,0.001666667, ,0,0,0.001,0.000333333, ,,
5347,0.002,0.001,0.001,0.001333333, ,0,0,0.001,0.000333333, ,,
5348,0.002,0.002,0.002,0.002, ,0.001,0.001,0.001,0.001, ,,
5349,0.001,0.003,0.002,0.002, ,0,0.001,0.001,0.000666667, ,,
5350,0.002,0.002,0.001,0.001666667, ,0.001,0,0.001,0.000666667, ,,
5351,0.001,0.002,0.002,0.001666667, ,0.001,0.001,0.001,0.001, ,,
5352,0.002,0.001,0.002,0.001666667, ,0,0,0.001,0.000333333, ,,
5353,0.002,0.002,0.001,0.001666667, ,0.001,0.001,0.001,0.001, ,,
5354,0.001,0.002,0.002,0.001666667, ,0,0,0,0, ,,
5355,0.002,0.001,0.002,0.001666667, ,0,0.001,0.001,0.000666667, ,,
5356,0.002,0.002,0.001,0.001666667, ,0.001,0,0.001,0.000666667, ,,
5357,0.001,0.001,0.002,0.001333333, ,0,0.001,0.001,0.000666667, ,,
5358,0.002,0.002,0.001,0.001666667, ,0.001,0,0.001,0.000666667, ,,
5359,0.002,0.002,0.002,0.002, ,0,0.001,0,0.000333333, ,,
5360,0.002,0.001,0.002,0.001666667, ,0,0,0.001,0.000333333, ,,
5361,0.002,0.002,0.001,0.001666667, ,0.001,0.001,0.001,0.001, ,,
5362,0.002,0.002,0.002,0.002, ,0.001,0.001,0.001,0.001, ,,
5363,0.001,0.001,0.002,0.001333333, ,0.001,0,0.001,0.000666667, ,,
5364,0.002,0.002,0.001,0.001666667, ,0,0.001,0.001,0.000666667, ,,
5365,0.002,0.001,0.002,0.001666667, ,0.001,0.001,0.001,0.001, ,,
5366,0.001,0.002,0.001,0.001333333, ,0,0,0.002,0.000666667, ,,
5367,0.002,0.002,0.002,0.002, ,0.001,0.001,0.001,0.001, ,,
5368,0.002,0.001,0.002,0.001666667, ,0.001,0.001,0.001,0.001, ,,
5369,0.001,0.002,0.001,0.001333333, ,0,0,0.001,0.000333333, ,,
5370,0.002,0.002,0.002,0.002, ,0.001,0.001,0.001,0.001, ,,
5371,0.002,0.001,0.002,0.001666667, ,0,0.001,0.002,0.001, ,,
5372,0.001,0.002,0.001,0.001333333, ,0.001,0,0.001,0.000666667, ,,
5373,0.002,0.002,0.002,0.002, ,0,0.001,0,0.000333333, ,,
5374,0.002,0.001,0.002,0.001666667, ,0.001,0,0.001,0.000666667, ,,
5375,0.001,0.002,0.001,0.001333333, ,0,0,0,0, ,,
5376,0.002,0.002,0.002,0.002, ,0,0.001,0.001,0.000666667, ,,
5377,0.002,0.001,0.002,0.001666667, ,0.001,0,0.001,0.000666667, ,,
5378,0.002,0.002,0.001,0.001666667, ,0,0.001,0,0.000333333, ,,
5379,0.001,0.002,0.002,0.001666667, ,0.001,0,0.002,0.001, ,,
5380,0.002,0.001,0.001,0.001333333, ,0,0.001,0.001,0.000666667, ,,
5381,0.002,0.002,0.002,0.002, ,0.001,0.001,0.001,0.001, ,,
5382,0.001,0.001,0.002,0.001333333, ,0.001,0.001,0.002,0.001333333, ,,
5383,0.002,0.002,0.001,0.001666667, ,0.001,0,0.001,0.000666667, ,,
5384,0.002,0.003,0.002,0.002333333, ,0,0.001,0.001,0.000666667, ,,
5385,0.001,0.001,0.001,0.001, ,0.001,0,0.001,0.000666667, ,,
5386,0.002,0.002,0.002,0.002, ,0,0.001,0.001,0.000666667, ,,
5387,0.002,0.002,0.002,0.002, ,0.001,0.001,0.001,0.001, ,,
5388,0.002,0.001,0.002,0.001666667, ,0,0,0.001,0.000333333, ,,
5389,0.001,0.002,0.001,0.001333333, ,0.001,0.001,0.001,0.001, ,,
5390,0.002,0.001,0.002,0.001666667, ,0,0,0.001,0.000333333, ,,
5391,0.002,0.002,0.002,0.002, ,0.001,0.001,0.001,0.001, ,,
5392,0.004,0.002,0.001,0.002333333, ,0,0,0.001,0.000333333, ,,
5393,0.002,0.001,0.002,0.001666667, ,0.001,0.001,0.001,0.001, ,,
5394,0.001,0.002,0.002,0.001666667, ,0,0.001,0.001,0.000666667, ,,
5395,0.002,0.002,0.001,0.001666667, ,0.001,0,0.001,0.000666667, ,,
5396,0.002,0.001,0.002,0.001666667, ,0,0.001,0.001,0.000666667, ,,
5397,0.001,0.002,0.002,0.001666667, ,0.001,0,0.001,0.000666667, ,,
5398,0.002,0.002,0.001,0.001666667, ,0.001,0.001,0.001,0.001, ,,
5399,0.002,0.001,0.002,0.001666667, ,0,0.001,0.001,0.000666667, ,,
5400,0.001,0.002,0.002,0.001666667, ,0.001,0,0.002,0.001, ,,
5401,0.002,0.002,0.001,0.001666667, ,0,0.001,0.001,0.000666667, ,,
5402,0.001,0.001,0.002,0.001333333, ,0.001,0.001,0,0.000666667, ,,
5403,0.002,0.002,0.001,0.001666667, ,0,0,0.002,0.000666667, ,,
5404,0.002,0.002,0.002,0.002, ,0.001,0.001,0.001,0.001, ,,
5405,0.002,0.001,0.002,0.001666667, ,0.001,0,0.001,0.000666667, ,,
5406,0.001,0.002,0.001,0.001333333, ,0,0.001,0,0.000333333, ,,
5407,0.002,0.001,0.002,0.001666667, ,0,0,0.001,0.000333333, ,,
5408,0.002,0.002,0.004,0.002666667, ,0.001,0.001,0.001,0.001, ,,
5409,0.001,0.002,0.002,0.001666667, ,0,0,0.001,0.000333333, ,,
5410,0.002,0.002,0.002,0.002, ,0.001,0.001,0,0.000666667, ,,
5411,0.002,0.002,0.001,0.001666667, ,0,0,0.001,0.000333333, ,,
5412,0.002,0.001,0.002,0.001666667, ,0.001,0.001,0.001,0.001, ,,
5413,0.002,0.002,0.002,0.002, ,0,0,0.001,0.000333333, ,,
5414,0.002,0.001,0.002,0.001666667, ,0.001,0.001,0.002,0.001333333, ,,
5415,0.002,0.002,0.002,0.002, ,0.001,0.001,0.001,0.001, ,,
5416,0.002,0.002,0.001,0.001666667, ,0,0.001,0.001,0.000666667, ,,
5417,0.002,0.001,0.002,0.001666667, ,0.001,0,0.002,0.001, ,,
5418,0.001,0.002,0.002,0.001666667, ,0.001,0.001,0,0.000666667, ,,
5419,0.002,0.002,0.001,0.001666667, ,0,0,0.001,0.000333333, ,,
5420,0.002,0.001,0.002,0.001666667, ,0.001,0.001,0.001,0.001, ,,
5421,0.001,0.002,0.002,0.001666667, ,0.001,0.001,0.001,0.001, ,,
5422,0.002,0.002,0.001,0.001666667, ,0,0,0.001,0.000333333, ,,
5423,0.002,0.001,0.002,0.001666667, ,0.001,0,0.001,0.000666667, ,,
5424,0.002,0.002,0.001,0.001666667, ,0,0.001,0,0.000333333, ,,
5425,0.001,0.001,0.002,0.001333333, ,0.001,0,0.001,0.000666667, ,,
5426,0.002,0.002,0.002,0.002, ,0,0.001,0.001,0.000666667, ,,
5427,0.001,0.002,0.001,0.001333333, ,0.001,0,0.001,0.000666667, ,,
5428,0.002,0.001,0.002,0.001666667, ,0.001,0.001,0.001,0.001, ,,
5429,0.002,0.002,0.001,0.001666667, ,0.001,0.001,0.001,0.001, ,,
5430,0.001,0.002,0.002,0.001666667, ,0.001,0,0.002,0.001, ,,
5431,0.002,0.001,0.002,0.001666667, ,0,0.001,0.001,0.000666667, ,,
5432,0.002,0.002,0.002,0.002, ,0.001,0.001,0.001,0.001, ,,
5433,0.001,0.002,0.001,0.001333333, ,0.001,0,0.001,0.000666667, ,,
5434,0.002,0.002,0.002,0.002, ,0,0.001,0,0.000333333, ,,
5435,0.002,0.001,0.001,0.001333333, ,0.001,0,0.002,0.001, ,,
5436,0.001,0.002,0.002,0.001666667, ,0,0.001,0,0.000333333, ,,
5437,0.002,0.001,0.002,0.001666667, ,0.001,0,0.001,0.000666667, ,,
5438,0.002,0.002,0.001,0.001666667, ,0,0.001,0.001,0.000666667, ,,
5439,0.001,0.002,0.002,0.001666667, ,0,0,0,0, ,,
5440,0.002,0.001,0.001,0.001333333, ,0.001,0,0.001,0.000666667, ,,
5441,0.001,0.002,0.002,0.001666667, ,0,0.001,0.001,0.000666667, ,,
5442,0.002,0.002,0.002,0.002, ,0.001,0,0.001,0.000666667, ,,
5443,0.002,0.001,0.001,0.001333333, ,0,0.001,0,0.000333333, ,,
5444,0.001,0.002,0.002,0.001666667, ,0,0,0.001,0.000333333, ,,
5445,0.002,0.002,0.002,0.002, ,0.002,0.001,0.002,0.001666667, ,,
5446,0.002,0.001,0.001,0.001333333, ,0.001,0.001,0.002,0.001333333, ,,
5447,0.001,0.002,0.002,0.001666667, ,0.001,0.001,0.001,0.001, ,,
5448,0.002,0.002,0.002,0.002, ,0.001,0.001,0.002,0.001333333, ,,
5449,0.001,0.001,0.001,0.001, ,0.001,0,0.001,0.000666667, ,,
5450,0.002,0.002,0.002,0.002, ,0,0.001,0,0.000333333, ,,
5451,0.002,0.005,0.002,0.003, ,0.001,0.001,0.001,0.001, ,,
5452,0.002,0.001,0.001,0.001333333, ,0,0,0.001,0.000333333, ,,
5453,0.001,0.002,0.002,0.001666667, ,0.001,0.001,0.001,0.001, ,,
5454,0.002,0.002,0.001,0.001666667, ,0,0,0.001,0.000333333, ,,
5455,0.001,0.002,0.002,0.001666667, ,0.001,0.001,0.001,0.001, ,,
5456,0.002,0.001,0.002,0.001666667, ,0,0,0,0, ,,
5457,0.002,0.002,0.001,0.001666667, ,0.001,0.001,0.001,0.001, ,,
5458,0.001,0.002,0.002,0.001666667, ,0,0,0.001,0.000333333, ,,
5459,0.002,0.002,0.001,0.001666667, ,0,0.001,0.001,0.000666667, ,,
5460,0.002,0.001,0.002,0.001666667, ,0.001,0,0,0.000333333, ,,
5461,0.001,0.002,0.002,0.001666667, ,0,0.001,0.001,0.000666667, ,,
5462,0.002,0.002,0.001,0.001666667, ,0.001,0,0.001,0.000666667, ,,
5463,0.002,0.001,0.002,0.001666667, ,0,0.001,0.001,0.000666667, ,,
5464,0.001,0.002,0.002,0.001666667, ,0.001,0.001,0.001,0.001, ,,
5465,0.002,0.002,0.001,0.001666667, ,0,0,0.001,0.000333333, ,,
5466,0.001,0.002,0.002,0.001666667, ,0.001,0.001,0.001,0.001, ,,
5467,0.002,0.001,0.002,0.001666667, ,0.001,0.001,0.001,0.001, ,,
5468,0.002,0.002,0.001,0.001666667, ,0,0,0.001,0.000333333, ,,
5469,0.001,0.002,0.002,0.001666667, ,0.001,0.001,0.001,0.001, ,,
5470,0.002,0.001,0.002,0.001666667, ,0,0,0.001,0.000333333, ,,
5471,0.002,0.002,0.001,0.001666667, ,0.001,0.001,0.001,0.001, ,,
5472,0.001,0.002,0.002,0.001666667, ,0,0,0,0, ,,
5473,0.002,0.001,0.001,0.001333333, ,0.001,0.001,0.001,0.001, ,,
5474,0.002,0.002,0.002,0.002, ,0,0,0.001,0.000333333, ,,
5475,0.001,0.002,0.002,0.001666667, ,0.001,0.001,0.001,0.001, ,,
5476,0.002,0.001,0.001,0.001333333, ,0,0,0.001,0.000333333, ,,
5477,0.002,0.002,0.002,0.002, ,0.001,0.001,0.002,0.001333333, ,,
5478,0.001,0.002,0.002,0.001666667, ,0.001,0.001,0.002,0.001333333, ,,
5479,0.002,0.001,0.001,0.001333333, ,0.001,0.001,0.001,0.001, ,,
5480,0.002,0.002,0.002,0.002, ,0,0,0.001,0.000333333, ,,
5481,0.001,0.002,0.002,0.001666667, ,0.001,0.001,0.001,0.001, ,,
5482,0.002,0.002,0.001,0.001666667, ,0,0.001,0.001,0.000666667, ,,
5483,0.002,0.002,0.002,0.002, ,0.001,0,0.001,0.000666667, ,,
5484,0.001,0.001,0.001,0.001, ,0.001,0.001,0.001,0.001, ,,
5485,0.002,0.002,0.002,0.002, ,0,0,0.001,0.000333333, ,,
5486,0.002,0.002,0.002,0.002, ,0.001,0.001,0.001,0.001, ,,
5487,0.001,0.002,0.001,0.001333333, ,0,0,0.001,0.000333333, ,,
5488,0.002,0.001,0.002,0.001666667, ,0.001,0.001,0.001,0.001, ,,
5489,0.002,0.002,0.002,0.002, ,0,0,0.001,0.000333333, ,,
5490,0.001,0.002,0.001,0.001333333, ,0.001,0.001,0.002,0.001333333, ,,
5491,0.002,0.002,0.002,0.002, ,0,0.001,0,0.000333333, ,,
5492,0.002,0.001,0.002,0.001666667, ,0.001,0,0.002,0.001, ,,
5493,0.001,0.002,0.001,0.001333333, ,0,0.001,0.001,0.000666667, ,,
5494,0.004,0.002,0.002,0.002666667, ,0.001,0.001,0.002,0.001333333, ,,
5495,0.002,0.002,0.002,0.002, ,0.001,0.001,0.001,0.001, ,,
5496,0.002,0.001,0.001,0.001333333, ,0.001,0.001,0.001,0.001, ,,
5497,0.002,0.002,0.002,0.002, ,0,0,0.001,0.000333333, ,,
5498,0.001,0.001,0.002,0.001333333, ,0.001,0.001,0.001,0.001, ,,
5499,0.002,0.002,0.001,0.001666667, ,0,0,0.001,0.000333333, ,,
5500,0.001,0.002,0.002,0.001666667, ,0.001,0.001,0.002,0.001333333, ,,
5501,0.002,0.002,0.002,0.002, ,0.001,0.001,0.001,0.001, ,,
5502,0.002,0.002,0.001,0.001666667, ,0,0,0,0, ,,
5503,0.001,0.001,0.002,0.001333333, ,0,0,0.001,0.000333333, ,,
5504,0.002,0.002,0.001,0.001666667, ,0.001,0.001,0.001,0.001, ,,
5505,0.002,0.002,0.002,0.002, ,0,0.001,0.001,0.000666667, ,,
5506,0.001,0.002,0.002,0.001666667, ,0.001,0,0.001,0.000666667, ,,
5507,0.002,0.001,0.001,0.001333333, ,0.001,0.001,0.001,0.001, ,,
5508,0.002,0.002,0.002,0.002, ,0,0,0.001,0.000333333, ,,
5509,0.001,0.002,0.002,0.001666667, ,0.001,0.001,0.002,0.001333333, ,,
5510,0.002,0.001,0.004,0.002333333, ,0.001,0.001,0.002,0.001333333, ,,
5511,0.002,0.002,0.002,0.002, ,0.001,0.001,0.001,0.001, ,,
5512,0.001,0.002,0.001,0.001333333, ,0,0.001,0.001,0.000666667, ,,
5513,0.002,0.001,0.002,0.001666667, ,0.001,0.001,0.002,0.001333333, ,,
5514,0.001,0.002,0.001,0.001333333, ,0.001,0,0,0.000333333, ,,
5515,0.002,0.002,0.002,0.002, ,0,0.001,0.002,0.001, ,,
5516,0.002,0.001,0.003,0.002, ,0.001,0.001,0.001,0.001, ,,
5517,0.001,0.002,0.002,0.001666667, ,0,0,0.001,0.000333333, ,,
5518,0.002,0.002,0.001,0.001666667, ,0.001,0.001,0,0.000666667, ,,
5519,0.001,0.002,0.002,0.001666667, ,0,0,0.001,0.000333333, ,,
5520,0.002,0.002,0.002,0.002, ,0.001,0.001,0.001,0.001, ,,
5521,0.002,0.001,0.001,0.001333333, ,0,0.001,0.002,0.001, ,,
5522,0.001,0.002,0.002,0.001666667, ,0.001,0,0,0.000333333, ,,
5523,0.002,0.001,0.001,0.001333333, ,0,0.001,0.001,0.000666667, ,,
5524,0.002,0.002,0.002,0.002, ,0.001,0.001,0.001,0.001, ,,
5525,0.002,0.002,0.002,0.002, ,0.001,0,0.002,0.001, ,,
5526,0.002,0.001,0.001,0.001333333, ,0.001,0.001,0.001,0.001, ,,
5527,0.002,0.002,0.002,0.002, ,0.001,0.001,0.002,0.001333333, ,,
5528,0.001,0.002,0.002,0.001666667, ,0,0.001,0.001,0.000666667, ,,
5529,0.002,0.002,0.001,0.001666667, ,0.001,0.001,0.001,0.001, ,,
5530,0.002,0.002,0.002,0.002, ,0.001,0,0.001,0.000666667, ,,
5531,0.001,0.001,0.002,0.001333333, ,0,0.001,0.001,0.000666667, ,,
5532,0.002,0.002,0.001,0.001666667, ,0.001,0.001,0.002,0.001333333, ,,
5533,0.002,0.002,0.002,0.002, ,0.001,0,0,0.000333333, ,,
5534,0.001,0.001,0.002,0.001333333, ,0,0,0.001,0.000333333, ,,
5535,0.002,0.002,0.002,0.002, ,0.001,0.001,0.001,0.001, ,,
5536,0.002,0.002,0.001,0.001666667, ,0,0,0.001,0.000333333, ,,
5537,0.001,0.002,0.002,0.001666667, ,0.001,0.001,0.001,0.001, ,,
5538,0.002,0.002,0.002,0.002, ,0,0.001,0,0.000333333, ,,
5539,0.001,0.001,0.002,0.001333333, ,0.001,0,0.001,0.000666667, ,,
5540,0.002,0.002,0.001,0.001666667, ,0,0.001,0.001,0.000666667, ,,
5541,0.002,0.002,0.002,0.002, ,0.001,0,0.002,0.001, ,,
5542,0.001,0.001,0.001,0.001, ,0.001,0.002,0.001,0.001333333, ,,
5543,0.002,0.002,0.002,0.002, ,0.001,0.001,0.002,0.001333333, ,,
5544,0.001,0.002,0.002,0.001666667, ,0.001,0,0.001,0.000666667, ,,
5545,0.002,0.001,0.001,0.001333333, ,0,0.001,0.001,0.000666667, ,,
5546,0.002,0.002,0.002,0.002, ,0.001,0.001,0.001,0.001, ,,
5547,0.001,0.001,0.001,0.001, ,0.001,0,0.001,0.000666667, ,,
5548,0.002,0.001,0.002,0.001666667, ,0,0.001,0.001,0.000666667, ,,
5549,0.002,0.002,0.002,0.002, ,0.001,0,0.001,0.000666667, ,,
5550,0.001,0.001,0.001,0.001, ,0,0,0,0, ,,
5551,0.002,0.002,0.002,0.002, ,0.001,0.001,0.001,0.001, ,,
5552,0.001,0.002,0.002,0.001666667, ,0,0,0.001,0.000333333, ,,
5553,0.002,0.004,0.002,0.002666667, ,0.001,0.001,0,0.000666667, ,,
5554,0.002,0.001,0.004,0.002333333, ,0,0,0.001,0.000333333, ,,
5555,0.001,0.002,0.003,0.002, ,0,0.001,0.001,0.000666667, ,,
5556,0.002,0.002,0.002,0.002, ,0.001,0,0.001,0.000666667, ,,
5557,0.001,0.002,0.002,0.001666667, ,0.001,0.001,0.001,0.001, ,,
5558,0.002,0.001,0.004,0.002333333, ,0,0,0.001,0.000333333, ,,
5559,0.002,0.002,0.002,0.002, ,0.001,0.001,0,0.000666667, ,,
5560,0.001,0.002,0.001,0.001333333, ,0,0,0.001,0.000333333, ,,
5561,0.002,0.001,0.002,0.001666667, ,0,0.001,0.001,0.000666667, ,,
5562,0.001,0.002,0.001,0.001333333, ,0.001,0,0,0.000333333, ,,
5563,0.002,0.002,0.002,0.002, ,0,0,0.001,0.000333333, ,,
5564,0.002,0.001,0.002,0.001666667, ,0.001,0.001,0.001,0.001, ,,
5565,0.001,0.002,0.001,0.001333333, ,0,0,0,0, ,,
5566,0.002,0.002,0.002,0.002, ,0.001,0.001,0.001,0.001, ,,
5567,0.001,0.001,0.001,0.001, ,0,0,0,0, ,,
5568,0.002,0.002,0.002,0.002, ,0,0,0.001,0.000333333, ,,
5569,0.002,0.001,0.002,0.001666667, ,0.001,0.001,0.001,0.001, ,,
5570,0.001,0.002,0.001,0.001333333, ,0,0,0,0, ,,
5571,0.002,0.002,0.002,0.002, ,0.001,0,0.001,0.000666667, ,,
5572,0.002,0.002,0.002,0.002, ,0,0.001,0,0.000333333, ,,
5573,0.001,0.001,0.002,0.001333333, ,0.001,0.001,0.001,0.001, ,,
5574,0.002,0.002,0.001,0.001666667, ,0,0,0.002,0.000666667, ,,
5575,0.002,0.001,0.002,0.001666667, ,0.001,0.001,0.001,0.001, ,,
5576,0.001,0.002,0.002,0.001666667, ,0,0,0,0, ,,
5577,0.002,0.002,0.002,0.002, ,0.001,0.001,0.001,0.001, ,,
5578,0.001,0.001,0.001,0.001, ,0,0,0,0, ,,
5579,0.002,0.002,0.002,0.002, ,0.001,0,0.001,0.000666667, ,,
5580,0.002,0.002,0.002,0.002, ,0,0.001,0,0.000333333, ,,
5581,0.002,0.001,0.001,0.001333333, ,0.001,0,0.001,0.000666667, ,,
5582,0.001,0.002,0.002,0.001666667, ,0,0,0,0, ,,
5583,0.002,0.002,0.002,0.002, ,0,0,0,0, ,,
5584,0.002,0.002,0.001,0.001666667, ,0,0.001,0.001,0.000666667, ,,
5585,0.001,0.001,0.002,0.001333333, ,0.001,0,0,0.000333333, ,,
5586,0.002,0.002,0.002,0.002, ,0,0,0.001,0.000333333, ,,
5587,0.001,0.002,0.001,0.001333333, ,0,0.001,0,0.000333333, ,,
5588,0.002,0.001,0.002,0.001666667, ,0,0,0,0, ,,
5589,0.002,0.002,0.002,0.002, ,0.001,0,0.001,0.000666667, ,,
5590,0.001,0.002,0.001,0.001333333, ,0,0,0,0, ,,
5591,0.002,0.001,0.002,0.001666667, ,0,0.001,0.001,0.000666667, ,,
5592,0.002,0.002,0.001,0.001666667, ,0.001,0,0,0.000333333, ,,
5593,0.001,0.002,0.002,0.001666667, ,0,0.001,0.001,0.000666667, ,,
5594,0.002,0.001,0.002,0.001666667, ,0,0,0.001,0.000333333, ,,
5595,0.002,0.002,0.002,0.002, ,0.001,0,0,0.000333333, ,,
5596,0.004,0.001,0.001,0.002, ,0,0.001,0.001,0.000666667, ,,
5597,0.002,0.002,0.003,0.002333333, ,0.001,0,0.001,0.000666667, ,,
5598,0.001,0.002,0.002,0.001666667, ,0,0.001,0,0.000333333, ,,
5599,0.002,0.002,0.001,0.001666667, ,0,0,0.001,0.000333333, ,,
5600,0.002,0.001,0.002,0.001666667, ,0.001,0,0,0.000333333, ,,
5601,0.001,0.002,0.001,0.001333333, ,0,0.001,0.001,0.000666667, ,,
5602,0.002,0.002,0.002,0.002, ,0.001,0,0,0.000333333, ,,
5603,0.001,0.001,0.002,0.001333333, ,0,0.001,0.001,0.000666667, ,,
5604,0.002,0.002,0.002,0.002, ,0,0,0.001,0.000333333, ,,
5605,0.002,0.001,0.001,0.001333333, ,0.001,0.001,0.001,0.001, ,,
5606,0.001,0.002,0.002,0.001666667, ,0.001,0,0.001,0.000666667, ,,
5607,0.002,0.002,0.002,0.002, ,0,0.001,0.001,0.000666667, ,,
5608,0.002,0.001,0.001,0.001333333, ,0.001,0,0.001,0.000666667, ,,
5609,0.001,0.002,0.002,0.001666667, ,0,0.001,0,0.000333333, ,,
5610,0.002,0.002,0.001,0.001666667, ,0.001,0,0.001,0.000666667, ,,
5611,0.001,0.001,0.002,0.001333333, ,0,0.001,0.001,0.000666667, ,,
5612,0.002,0.002,0.005,0.003, ,0,0,0,0, ,,
5613,0.002,0.002,0.001,0.001666667, ,0.001,0.001,0.001,0.001, ,,
5614,0.001,0.001,0.002,0.001333333, ,0,0,0.001,0.000333333, ,,
5615,0.002,0.002,0.002,0.002, ,0.001,0,0,0.000333333, ,,
5616,0.001,0.001,0.001,0.001, ,0,0.001,0.001,0.000666667, ,,
5617,0.002,0.002,0.002,0.002, ,0.001,0.001,0.001,0.001, ,,
5618,0.002,0.002,0.001,0.001666667, ,0,0,0.001,0.000333333, ,,
5619,0.001,0.001,0.002,0.001333333, ,0.001,0,0,0.000333333, ,,
5620,0.002,0.002,0.002,0.002, ,0.001,0.001,0.001,0.001, ,,
5621,0.002,0.002,0.002,0.002, ,0,0.001,0.001,0.000666667, ,,
5622,0.001,0.002,0.002,0.001666667, ,0.001,0.001,0.001,0.001, ,,
5623,0.002,0.001,0.002,0.001666667, ,0.001,0,0.001,0.000666667, ,,
5624,0.002,0.002,0.001,0.001666667, ,0,0.001,0.001,0.000666667, ,,
5625,0.001,0.002,0.002,0.001666667, ,0.001,0.001,0.001,0.001, ,,
5626,0.002,0.001,0.002,0.001666667, ,0,0,0.001,0.000333333, ,,
5627,0.001,0.002,0.001,0.001333333, ,0.001,0.001,0.001,0.001, ,,
5628,0.002,0.002,0.002,0.002, ,0.001,0.001,0.001,0.001, ,,
5629,0.002,0.001,0.002,0.001666667, ,0,0,0.001,0.000333333, ,,
5630,0.001,0.002,0.002,0.001666667, ,0.001,0,0,0.000333333, ,,
5631,0.002,0.002,0.001,0.001666667, ,0,0.001,0.001,0.000666667, ,,
5632,0.001,0.001,0.002,0.001333333, ,0.001,0.001,0.001,0.001, ,,
5633,0.002,0.002,0.002,0.002, ,0,0,0.001,0.000333333, ,,
5634,0.002,0.001,0.001,0.001333333, ,0,0.001,0,0.000333333, ,,
5635,0.001,0.002,0.002,0.001666667, ,0.001,0,0.001,0.000666667, ,,
5636,0.002,0.002,0.002,0.002, ,0,0.001,0.001,0.000666667, ,,
5637,0.002,0.001,0.001,0.001333333, ,0.001,0,0.001,0.000666667, ,,
5638,0.001,0.002,0.002,0.001666667, ,0.001,0.001,0.002,0.001333333, ,,
5639,0.002,0.002,0.002,0.002, ,0.001,0.001,0.001,0.001, ,,
5640,0.002,0.001,0.002,0.001666667, ,0,0.001,0,0.000333333, ,,
5641,0.001,0.002,0.001,0.001333333, ,0.001,0,0.001,0.000666667, ,,
5642,0.002,0.001,0.002,0.001666667, ,0,0,0.001,0.000333333, ,,
5643,0.001,0.002,0.002,0.001666667, ,0.001,0.001,0,0.000666667, ,,
5644,0.002,0.002,0.001,0.001666667, ,0,0,0.001,0.000333333, ,,
5645,0.002,0.001,0.002,0.001666667, ,0,0.001,0,0.000333333, ,,
5646,0.001,0.002,0.002,0.001666667, ,0.001,0,0.001,0.000666667, ,,
5647,0.002,0.002,0.001,0.001666667, ,0,0,0,0, ,,
5648,0.002,0.001,0.002,0.001666667, ,0.001,0.001,0.001,0.001, ,,
5649,0.001,0.002,0.002,0.001666667, ,0,0,0.001,0.000333333, ,,
5650,0.002,0.002,0.001,0.001666667, ,0.001,0,0,0.000333333, ,,
5651,0.002,0.001,0.001,0.001333333, ,0,0.001,0.001,0.000666667, ,,
5652,0.001,0.002,0.002,0.001666667, ,0,0,0.001,0.000333333, ,,
5653,0.002,0.002,0.002,0.002, ,0.001,0.001,0,0.000666667, ,,
5654,0.002,0.001,0.001,0.001333333, ,0,0,0.001,0.000333333, ,,
5655,0.001,0.005,0.002,0.002666667, ,0.001,0.001,0.001,0.001, ,,
5656,0.002,0.001,0.002,0.001666667, ,0.001,0,0.001,0.000666667, ,,
5657,0.001,0.002,0.001,0.001333333, ,0,0.001,0.001,0.000666667, ,,
5658,0.002,0.002,0.002,0.002, ,0,0,0,0, ,,
5659,0.002,0.001,0.002,0.001666667, ,0.001,0.001,0.001,0.001, ,,
5660,0.001,0.002,0.002,0.001666667, ,0.001,0,0.001,0.000666667, ,,
5661,0.002,0.002,0.001,0.001666667, ,0,0.001,0.001,0.000666667, ,,
5662,0.002,0.001,0.002,0.001666667, ,0.001,0,0.001,0.000666667, ,,
5663,0.001,0.002,0.002,0.001666667, ,0,0.001,0,0.000333333, ,,
5664,0.002,0.003,0.001,0.002, ,0.001,0,0.001,0.000666667, ,,
5665,0.002,0.001,0.003,0.002, ,0,0,0.001,0.000333333, ,,
5666,0.001,0.002,0.001,0.001333333, ,0.001,0.001,0,0.000666667, ,,
5667,0.002,0.002,0.002,0.002, ,0,0,0.001,0.000333333, ,,
5668,0.002,0.002,0.002,0.002, ,0.001,0.001,0.001,0.001, ,,
5669,0.001,0.001,0.001,0.001, ,0,0,0.001,0.000333333, ,,
5670,0.002,0.002,0.002,0.002, ,0.001,0.001,0.002,0.001333333, ,,
5671,0.002,0.002,0.002,0.002, ,0.001,0.001,0.001,0.001, ,,
5672,0.001,0.001,0.001,0.001, ,0.001,0.001,0.001,0.001, ,,
5673,0.002,0.002,0.002,0.002, ,0,0,0.001,0.000333333, ,,
5674,0.002,0.002,0.002,0.002, ,0.001,0.001,0.001,0.001, ,,
5675,0.002,0.001,0.002,0.001666667, ,0.001,0,0.001,0.000666667, ,,
5676,0.001,0.002,0.002,0.001666667, ,0,0.001,0.001,0.000666667, ,,
5677,0.002,0.002,0.002,0.002, ,0.001,0,0.001,0.000666667, ,,
5678,0.002,0.002,0.002,0.002, ,0,0.001,0,0.000333333, ,,
5679,0.001,0.001,0.001,0.001, ,0,0,0.001,0.000333333, ,,
5680,0.002,0.002,0.002,0.002, ,0.001,0,0.001,0.000666667, ,,
5681,0.002,0.002,0.002,0.002, ,0.001,0.001,0.001,0.001, ,,
5682,0.001,0.001,0.002,0.001333333, ,0,0,0,0, ,,
5683,0.002,0.002,0.001,0.001666667, ,0,0.001,0.001,0.000666667, ,,
5684,0.002,0.002,0.002,0.002, ,0.001,0,0.001,0.000666667, ,,
5685,0.002,0.002,0.002,0.002, ,0.001,0.001,0.001,0.001, ,,
5686,0.001,0.001,0.002,0.001333333, ,0,0.001,0.001,0.000666667, ,,
5687,0.002,0.002,0.001,0.001666667, ,0.001,0,0,0.000333333, ,,
5688,0.002,0.002,0.002,0.002, ,0,0.001,0.001,0.000666667, ,,
5689,0.001,0.001,0.002,0.001333333, ,0.001,0,0.001,0.000666667, ,,
5690,0.002,0.002,0.002,0.002, ,0,0,0.001,0.000333333, ,,
5691,0.002,0.002,0.002,0.002, ,0.001,0.001,0.001,0.001, ,,
5692,0.002,0.002,0.002,0.002, ,0,0,0.001,0.000333333, ,,
5693,0.002,0.002,0.001,0.001666667, ,0.001,0.001,0,0.000666667, ,,
5694,0.002,0.002,0.002,0.002, ,0,0,0.001,0.000333333, ,,
5695,0.001,0.001,0.002,0.001333333, ,0.001,0.001,0.001,0.001, ,,
5696,0.002,0.002,0.002,0.002, ,0.001,0,0,0.000333333, ,,
5697,0.002,0.002,0.002,0.002, ,0.001,0.001,0.001,0.001, ,,
5698,0.004,0.002,0.002,0.002666667, ,0,0,0,0, ,,
5699,0.002,0.001,0.002,0.001666667, ,0.001,0,0.001,0.000666667, ,,
5700,0.002,0.002,0.001,0.001666667, ,0.001,0.001,0.001,0.001, ,,
5701,0.002,0.002,0.002,0.002, ,0.001,0,0.001,0.000666667, ,,
5702,0.002,0.002,0.002,0.002, ,0.001,0.001,0.001,0.001, ,,
5703,0.001,0.001,0.002,0.001333333, ,0.001,0.001,0.001,0.001, ,,
5704,0.002,0.002,0.001,0.001666667, ,0,0.001,0.001,0.000666667, ,,
5705,0.002,0.002,0.002,0.002, ,0.001,0,0.001,0.000666667, ,,
5706,0.001,0.001,0.002,0.001333333, ,0,0,0,0, ,,
5707,0.002,0.002,0.001,0.001666667, ,0,0.001,0.001,0.000666667, ,,
5708,0.002,0.002,0.002,0.002, ,0.001,0,0.001,0.000666667, ,,
5709,0.002,0.002,0.002,0.002, ,0,0.001,0.001,0.000666667, ,,
5710,0.001,0.001,0.002,0.001333333, ,0.001,0,0.001,0.000666667, ,,
5711,0.002,0.002,0.001,0.001666667, ,0,0,0,0, ,,
5712,0.002,0.002,0.002,0.002, ,0,0.001,0.001,0.000666667, ,,
5713,0.002,0.001,0.002,0.001666667, ,0.001,0,0.001,0.000666667, ,,
5714,0.001,0.002,0.004,0.002333333, ,0,0,0,0, ,,
5715,0.002,0.002,0.001,0.001666667, ,0,0.001,0.001,0.000666667, ,,
5716,0.002,0.002,0.002,0.002, ,0.001,0,0,0.000333333, ,,
5717,0.001,0.001,0.002,0.001333333, ,0,0,0.001,0.000333333, ,,
5718,0.002,0.002,0.002,0.002, ,0,0,0,0, ,,
5719,0.002,0.002,0.002,0.002, ,0.001,0.001,0.001,0.001, ,,
5720,0.001,0.001,0.001,0.001, ,0,0,0,0, ,,
5721,0.002,0.002,0.002,0.002, ,0,0.001,0.001,0.000666667, ,,
5722,0.002,0.002,0.002,0.002, ,0.001,0,0.001,0.000666667, ,,
5723,0.001,0.001,0.001,0.001, ,0.001,0.001,0.001,0.001, ,,
5724,0.002,0.002,0.002,0.002, ,0,0,0.001,0.000333333, ,,
5725,0.002,0.002,0.002,0.002, ,0.001,0.001,0.001,0.001, ,,
5726,0.001,0.001,0.002,0.001333333, ,0,0,0,0, ,,
5727,0.002,0.002,0.001,0.001666667, ,0.001,0.001,0.001,0.001, ,,
5728,0.002,0.002,0.002,0.002, ,0,0,0.001,0.000333333, ,,
5729,0.002,0.001,0.002,0.001666667, ,0.001,0,0.001,0.000666667, ,,
5730,0.002,0.002,0.002,0.002, ,0,0.001,0.001,0.000666667, ,,
5731,0.001,0.002,0.001,0.001333333, ,0,0,0,0, ,,
5732,0.002,0.001,0.002,0.001666667, ,0.001,0.001,0.001,0.001, ,,
5733,0.002,0.002,0.002,0.002, ,0.001,0,0.002,0.001, ,,
5734,0.001,0.002,0.002,0.001666667, ,0.001,0.001,0.001,0.001, ,,
5735,0.002,0.001,0.001,0.001333333, ,0,0.001,0.001,0.000666667, ,,
5736,0.002,0.002,0.002,0.002, ,0.001,0,0.001,0.000666667, ,,
5737,0.001,0.002,0.002,0.001666667, ,0.001,0.001,0.001,0.001, ,,
5738,0.002,0.001,0.002,0.001666667, ,0,0,0.001,0.000333333, ,,
5739,0.002,0.002,0.001,0.001666667, ,0,0.001,0,0.000333333, ,,
5740,0.001,0.002,0.002,0.001666667, ,0.001,0,0.001,0.000666667, ,,
5741,0.002,0.001,0.002,0.001666667, ,0,0.001,0.001,0.000666667, ,,
5742,0.002,0.002,0.001,0.001666667, ,0.001,0,0,0.000333333, ,,
5743,0.001,0.002,0.002,0.001666667, ,0,0,0.001,0.000333333, ,,
5744,0.002,0.002,0.002,0.002, ,0.001,0.001,0.001,0.001, ,,
5745,0.002,0.001,0.002,0.001666667, ,0,0.001,0.001,0.000666667, ,,
5746,0.001,0.002,0.001,0.001333333, ,0.001,0,0,0.000333333, ,,
5747,0.002,0.002,0.002,0.002, ,0,0,0.001,0.000333333, ,,
5748,0.002,0.001,0.002,0.001666667, ,0.001,0.001,0.001,0.001, ,,
5749,0.001,0.002,0.001,0.001333333, ,0,0.001,0.001,0.000666667, ,,
5750,0.002,0.002,0.002,0.002, ,0.001,0,0.001,0.000666667, ,,
5751,0.002,0.001,0.002,0.001666667, ,0.001,0.001,0.001,0.001, ,,
5752,0.001,0.002,0.002,0.001666667, ,0,0,0.001,0.000333333, ,,
5753,0.002,0.002,0.002,0.002, ,0.001,0.001,0.001,0.001, ,,
5754,0.002,0.002,0.001,0.001666667, ,0,0.001,0.001,0.000666667, ,,
5755,0.001,0.002,0.002,0.001666667, ,0.001,0,0.001,0.000666667, ,,
5756,0.002,0.005,0.002,0.003, ,0.001,0.001,0.001,0.001, ,,
5757,0.002,0.001,0.002,0.001666667, ,0,0,0.001,0.000333333, ,,
5758,0.002,0.002,0.001,0.001666667, ,0,0.001,0,0.000333333, ,,
5759,0.001,0.002,0.002,0.001666667, ,0.001,0,0.001,0.000666667, ,,
5760,0.002,0.002,0.002,0.002, ,0,0.001,0.001,0.000666667, ,,
5761,0.002,0.002,0.002,0.002, ,0.001,0,0.001,0.000666667, ,,
5762,0.002,0.001,0.001,0.001333333, ,0,0,0,0, ,,
5763,0.002,0.002,0.002,0.002, ,0.001,0.001,0.001,0.001, ,,
5764,0.001,0.002,0.002,0.001666667, ,0.001,0,0.001,0.000666667, ,,
5765,0.002,0.002,0.002,0.002, ,0.001,0.001,0.002,0.001333333, ,,
5766,0.002,0.001,0.002,0.001666667, ,0,0.001,0.001,0.000666667, ,,
5767,0.001,0.002,0.002,0.001666667, ,0.001,0.001,0.001,0.001, ,,
5768,0.002,0.002,0.002,0.002, ,0.001,0,0.001,0.000666667, ,,
5769,0.002,0.002,0.002,0.002, ,0,0.001,0.001,0.000666667, ,,
5770,0.002,0.001,0.002,0.001666667, ,0.001,0,0,0.000333333, ,,
5771,0.001,0.002,0.001,0.001333333, ,0,0,0.001,0.000333333, ,,
5772,0.002,0.002,0.002,0.002, ,0,0.001,0,0.000333333, ,,
5773,0.002,0.002,0.002,0.002, ,0.001,0,0.001,0.000666667, ,,
5774,0.002,0.001,0.002,0.001666667, ,0,0.001,0.001,0.000666667, ,,
5775,0.001,0.002,0.001,0.001333333, ,0.001,0,0,0.000333333, ,,
5776,0.002,0.002,0.002,0.002, ,0,0,0.001,0.000333333, ,,
5777,0.002,0.002,0.002,0.002, ,0.001,0.001,0.001,0.001, ,,
5778,0.002,0.002,0.002,0.002, ,0,0,0,0, ,,
5779,0.001,0.002,0.001,0.001333333, ,0,0.001,0.001,0.000666667, ,,
5780,0.002,0.001,0.002,0.001666667, ,0.001,0,0,0.000333333, ,,
5781,0.002,0.002,0.002,0.002, ,0,0.001,0.001,0.000666667, ,,
5782,0.001,0.002,0.002,0.001666667, ,0.001,0,0.001,0.000666667, ,,
5783,0.002,0.001,0.002,0.001666667, ,0,0.001,0.001,0.000666667, ,,
5784,0.002,0.002,0.001,0.001666667, ,0.001,0,0.001,0.000666667, ,,
5785,0.002,0.002,0.002,0.002, ,0.001,0.001,0.001,0.001, ,,
5786,0.001,0.002,0.002,0.001666667, ,0,0,0.001,0.000333333, ,,
5787,0.002,0.001,0.001,0.001333333, ,0.001,0.001,0.001,0.001, ,,
5788,0.002,0.002,0.002,0.002, ,0.001,0,0.001,0.000666667, ,,
5789,0.001,0.002,0.002,0.001666667, ,0,0.001,0.001,0.000666667, ,,
5790,0.002,0.002,0.002,0.002, ,0.001,0,0,0.000333333, ,,
5791,0.002,0.001,0.002,0.001666667, ,0,0.001,0.001,0.000666667, ,,
5792,0.002,0.002,0.002,0.002, ,0.001,0,0.001,0.000666667, ,,
5793,0.002,0.002,0.001,0.001666667, ,0.001,0.001,0.001,0.001, ,,
5794,0.001,0.001,0.002,0.001333333, ,0,0,0,0, ,,
5795,0.002,0.002,0.002,0.002, ,0.001,0.001,0.001,0.001, ,,
5796,0.001,0.002,0.002,0.001666667, ,0.001,0,0.001,0.000666667, ,,
5797,0.002,0.001,0.001,0.001333333, ,0.001,0.001,0.001,0.001, ,,
5798,0.002,0.002,0.002,0.002, ,0.001,0.001,0.001,0.001, ,,
5799,0.006,0.002,0.002,0.003333333, ,0.001,0.001,0.001,0.001, ,,
5800,0.001,0.001,0.001,0.001, ,0,0,0.001,0.000333333, ,,
5801,0.002,0.002,0.002,0.002, ,0.001,0.001,0.001,0.001, ,,
5802,0.002,0.002,0.002,0.002, ,0,0,0.001,0.000333333, ,,
5803,0.001,0.001,0.001,0.001, ,0.001,0.001,0.001,0.001, ,,
5804,0.002,0.002,0.002,0.002, ,0.001,0,0.001,0.000666667, ,,
5805,0.001,0.002,0.002,0.001666667, ,0.001,0.001,0.001,0.001, ,,
5806,0.002,0.001,0.001,0.001333333, ,0,0,0,0, ,,
5807,0.002,0.002,0.002,0.002, ,0.001,0.001,0.001,0.001, ,,
5808,0.002,0.002,0.002,0.002, ,0,0,0.001,0.000333333, ,,
5809,0.001,0.001,0.001,0.001, ,0.001,0.001,0.001,0.001, ,,
5810,0.002,0.002,0.002,0.002, ,0,0,0,0, ,,
5811,0.002,0.002,0.002,0.002, ,0.001,0.001,0.001,0.001, ,,
5812,0.001,0.001,0.001,0.001, ,0.001,0,0.001,0.000666667, ,,
5813,0.002,0.002,0.002,0.002, ,0,0.001,0.001,0.000666667, ,,
5814,0.002,0.002,0.002,0.002, ,0.001,0.001,0.001,0.001, ,,
5815,0.001,0.001,0.001,0.001, ,0.001,0,0.001,0.000666667, ,,
5816,0.002,0.002,0.004,0.002666667, ,0,0.001,0,0.000333333, ,,
5817,0.002,0.003,0.002,0.002333333, ,0.001,0,0.001,0.000666667, ,,
5818,0.001,0.001,0.001,0.001, ,0,0.001,0.001,0.000666667, ,,
5819,0.002,0.002,0.002,0.002, ,0.001,0,0.001,0.000666667, ,,
5820,0.001,0.002,0.002,0.001666667, ,0,0.001,0.001,0.000666667, ,,
5821,0.002,0.001,0.001,0.001333333, ,0.001,0,0.001,0.000666667, ,,
5822,0.002,0.002,0.002,0.002, ,0,0.001,0,0.000333333, ,,
5823,0.002,0.002,0.002,0.002, ,0.001,0,0.001,0.000666667, ,,
5824,0.001,0.001,0.001,0.001, ,0,0.001,0.001,0.000666667, ,,
5825,0.002,0.002,0.002,0.002, ,0.001,0,0,0.000333333, ,,
5826,0.002,0.002,0.002,0.002, ,0,0,0.001,0.000333333, ,,
5827,0.002,0.001,0.002,0.001666667, ,0,0.001,0,0.000333333, ,,
5828,0.001,0.002,0.001,0.001333333, ,0.001,0,0.001,0.000666667, ,,
5829,0.002,0.002,0.002,0.002, ,0,0.001,0.002,0.001, ,,
5830,0.001,0.001,0.002,0.001333333, ,0.001,0.001,0.001,0.001, ,,
5831,0.002,0.002,0.001,0.001666667, ,0.001,0,0.001,0.000666667, ,,
5832,0.002,0.002,0.002,0.002, ,0,0.001,0.001,0.000666667, ,,
5833,0.001,0.002,0.002,0.001666667, ,0,0,0,0, ,,
5834,0.002,0.001,0.001,0.001333333, ,0.001,0.001,0.001,0.001, ,,
5835,0.002,0.002,0.002,0.002, ,0,0,0,0, ,,
5836,0.001,0.001,0.002,0.001333333, ,0,0,0.001,0.000333333, ,,
5837,0.002,0.002,0.001,0.001666667, ,0.001,0.001,0,0.000666667, ,,
5838,0.002,0.002,0.002,0.002, ,0,0,0.001,0.000333333, ,,
5839,0.001,0.001,0.001,0.001, ,0,0,0,0, ,,
5840,0.002,0.002,0.002,0.002, ,0.001,0.001,0.001,0.001, ,,
5841,0.001,0.002,0.002,0.001666667, ,0,0,0,0, ,,
5842,0.002,0.001,0.002,0.001666667, ,0,0,0,0, ,,
5843,0.002,0.002,0.001,0.001666667, ,0,0,0.001,0.000333333, ,,
5844,0.002,0.002,0.002,0.002, ,0.001,0.001,0,0.000666667, ,,
5845,0.001,0.001,0.002,0.001333333, ,0,0,0,0, ,,
5846,0.002,0.002,0.001,0.001666667, ,0,0,0.001,0.000333333, ,,
5847,0.001,0.002,0.002,0.001666667, ,0,0.001,0,0.000333333, ,,
5848,0.002,0.001,0.001,0.001333333, ,0.001,0,0.001,0.000666667, ,,
5849,0.002,0.002,0.002,0.002, ,0,0.001,0.001,0.000666667, ,,
5850,0.001,0.002,0.002,0.001666667, ,0.001,0,0.001,0.000666667, ,,
5851,0.002,0.002,0.002,0.002, ,0.001,0.001,0.001,0.001, ,,
5852,0.002,0.001,0.001,0.001333333, ,0,0,0.001,0.000333333, ,,
5853,0.001,0.002,0.002,0.001666667, ,0.001,0.001,0,0.000666667, ,,
5854,0.002,0.002,0.002,0.002, ,0,0,0.001,0.000333333, ,,
5855,0.002,0.002,0.002,0.002, ,0,0,0,0, ,,
5856,0.002,0.001,0.001,0.001333333, ,0.001,0.001,0.001,0.001, ,,
5857,0.001,0.002,0.002,0.001666667, ,0,0,0.001,0.000333333, ,,
5858,0.002,0.004,0.002,0.002666667, ,0.001,0.001,0,0.000666667, ,,
5859,0.002,0.002,0.001,0.001666667, ,0,0,0.001,0.000333333, ,,
5860,0.001,0.001,0.002,0.001333333, ,0.001,0.001,0.001,0.001, ,,
5861,0.002,0.002,0.002,0.002, ,0.001,0,0.001,0.000666667, ,,
5862,0.002,0.002,0.002,0.002, ,0,0.001,0.001,0.000666667, ,,
5863,0.001,0.001,0.001,0.001, ,0.001,0,0.001,0.000666667, ,,
5864,0.002,0.002,0.002,0.002, ,0.001,0.001,0.001,0.001, ,,
5865,0.002,0.002,0.002,0.002, ,0,0.001,0.001,0.000666667, ,,
5866,0.002,0.002,0.001,0.001666667, ,0,0,0,0, ,,
5867,0.001,0.001,0.002,0.001333333, ,0.001,0,0.001,0.000666667, ,,
5868,0.002,0.002,0.002,0.002, ,0,0.001,0.001,0.000666667, ,,
5869,0.002,0.002,0.002,0.002, ,0.001,0,0.001,0.000666667, ,,
5870,0.001,0.001,0.001,0.001, ,0,0.001,0,0.000333333, ,,
5871,0.002,0.002,0.002,0.002, ,0,0,0.001,0.000333333, ,,
5872,0.002,0.002,0.002,0.002, ,0.001,0.001,0.001,0.001, ,,
5873,0.002,0.002,0.002,0.002, ,0.001,0,0.001,0.000666667, ,,
5874,0.001,0.001,0.002,0.001333333, ,0,0.001,0.001,0.000666667, ,,
5875,0.002,0.002,0.001,0.001666667, ,0,0,0.001,0.000333333, ,,
5876,0.002,0.002,0.002,0.002, ,0.001,0,0.001,0.000666667, ,,
5877,0.002,0.002,0.002,0.002, ,0.001,0.001,0.001,0.001, ,,
5878,0.001,0.002,0.002,0.001666667, ,0,0.001,0.001,0.000666667, ,,
5879,0.002,0.001,0.002,0.001666667, ,0.001,0,0.001,0.000666667, ,,
5880,0.002,0.002,0.001,0.001666667, ,0,0.001,0.001,0.000666667, ,,
5881,0.001,0.002,0.002,0.001666667, ,0.001,0,0.001,0.000666667, ,,
5882,0.002,0.001,0.002,0.001666667, ,0.001,0.001,0.001,0.001, ,,
5883,0.002,0.002,0.002,0.002, ,0,0.001,0.002,0.001, ,,
5884,0.002,0.002,0.001,0.001666667, ,0.001,0,0.001,0.000666667, ,,
5885,0.001,0.002,0.002,0.001666667, ,0,0,0,0, ,,
5886,0.002,0.001,0.002,0.001666667, ,0,0.001,0.001,0.000666667, ,,
5887,0.002,0.002,0.002,0.002, ,0.001,0,0.001,0.000666667, ,,
5888,0.002,0.002,0.001,0.001666667, ,0.001,0.001,0.001,0.001, ,,
5889,0.001,0.001,0.002,0.001333333, ,0,0,0,0, ,,
5890,0.002,0.002,0.002,0.002, ,0,0.001,0.001,0.000666667, ,,
5891,0.001,0.002,0.001,0.001333333, ,0.001,0,0.001,0.000666667, ,,
5892,0.002,0.001,0.002,0.001666667, ,0,0.001,0.001,0.000666667, ,,
5893,0.002,0.002,0.002,0.002, ,0.001,0.001,0.001,0.001, ,,
5894,0.001,0.002,0.001,0.001333333, ,0.001,0.001,0.002,0.001333333, ,,
5895,0.002,0.001,0.002,0.001666667, ,0.001,0.001,0.001,0.001, ,,
5896,0.002,0.002,0.002,0.002, ,0,0,0.001,0.000333333, ,,
5897,0.001,0.002,0.002,0.001666667, ,0.001,0.001,0,0.000666667, ,,
5898,0.002,0.001,0.001,0.001333333, ,0,0,0.001,0.000333333, ,,
5899,0.002,0.002,0.002,0.002, ,0,0,0,0, ,,
5900,0.001,0.001,0.002,0.001333333, ,0.001,0.001,0.001,0.001, ,,
5901,0.005,0.002,0.001,0.002666667, ,0,0,0.001,0.000333333, ,,
5902,0.001,0.002,0.002,0.001666667, ,0,0.001,0.001,0.000666667, ,,
5903,0.002,0.001,0.002,0.001666667, ,0.001,0,0,0.000333333, ,,
5904,0.002,0.002,0.001,0.001666667, ,0,0.001,0.001,0.000666667, ,,
5905,0.001,0.001,0.002,0.001333333, ,0.001,0,0.001,0.000666667, ,,
5906,0.002,0.002,0.001,0.001666667, ,0,0,0,0, ,,
5907,0.002,0.002,0.002,0.002, ,0,0.001,0.001,0.000666667, ,,
5908,0.001,0.002,0.002,0.001666667, ,0.001,0,0.001,0.000666667, ,,
5909,0.002,0.001,0.001,0.001333333, ,0,0.001,0,0.000333333, ,,
5910,0.002,0.002,0.002,0.002, ,0.001,0,0.001,0.000666667, ,,
5911,0.001,0.001,0.002,0.001333333, ,0,0.001,0.001,0.000666667, ,,
5912,0.002,0.002,0.001,0.001666667, ,0,0,0.001,0.000333333, ,,
5913,0.002,0.002,0.002,0.002, ,0.001,0.001,0.001,0.001, ,,
5914,0.001,0.002,0.002,0.001666667, ,0.001,0,0,0.000333333, ,,
5915,0.002,0.001,0.001,0.001333333, ,0,0.001,0.001,0.000666667, ,,
5916,0.002,0.002,0.002,0.002, ,0.001,0,0.001,0.000666667, ,,
5917,0.001,0.002,0.002,0.001666667, ,0,0.001,0.001,0.000666667, ,,
5918,0.002,0.001,0.003,0.002, ,0.001,0,0.001,0.000666667, ,,
5919,0.001,0.002,0.002,0.001666667, ,0,0.001,0.001,0.000666667, ,,
5920,0.002,0.002,0.002,0.002, ,0.001,0,0,0.000333333, ,,
5921,0.002,0.001,0.001,0.001333333, ,0,0.001,0.001,0.000666667, ,,
5922,0.001,0.002,0.002,0.001666667, ,0.001,0,0,0.000333333, ,,
5923,0.002,0.002,0.002,0.002, ,0,0,0.001,0.000333333, ,,
5924,0.002,0.001,0.002,0.001666667, ,0.001,0.001,0.001,0.001, ,,
5925,0.002,0.002,0.001,0.001666667, ,0,0.001,0.001,0.000666667, ,,
5926,0.001,0.002,0.002,0.001666667, ,0.001,0,0.002,0.001, ,,
5927,0.002,0.001,0.001,0.001333333, ,0.001,0.001,0.001,0.001, ,,
5928,0.001,0.002,0.002,0.001666667, ,0,0.001,0.001,0.000666667, ,,
5929,0.002,0.001,0.002,0.001666667, ,0.001,0,0.002,0.001, ,,
5930,0.002,0.002,0.001,0.001666667, ,0,0.001,0.001,0.000666667, ,,
5931,0.001,0.002,0.002,0.001666667, ,0.001,0,0.001,0.000666667, ,,
5932,0.002,0.001,0.002,0.001666667, ,0,0.001,0.001,0.000666667, ,,
5933,0.002,0.002,0.001,0.001666667, ,0.001,0,0.001,0.000666667, ,,
5934,0.001,0.002,0.002,0.001666667, ,0,0.001,0.001,0.000666667, ,,
5935,0.002,0.001,0.002,0.001666667, ,0,0,0,0, ,,
5936,0.001,0.002,0.001,0.001333333, ,0.001,0.001,0.001,0.001, ,,
5937,0.002,0.002,0.002,0.002, ,0,0,0.001,0.000333333, ,,
5938,0.002,0.001,0.001,0.001333333, ,0.001,0,0.001,0.000666667, ,,
5939,0.001,0.002,0.002,0.001666667, ,0,0.001,0,0.000333333, ,,
5940,0.002,0.001,0.002,0.001666667, ,0.001,0,0.001,0.000666667, ,,
5941,0.002,0.002,0.002,0.002, ,0,0.001,0.001,0.000666667, ,,
5942,0.001,0.002,0.001,0.001333333, ,0.001,0.001,0.001,0.001, ,,
5943,0.002,0.001,0.002,0.001666667, ,0,0,0.001,0.000333333, ,,
5944,0.002,0.002,0.001,0.001666667, ,0.001,0,0.001,0.000666667, ,,
5945,0.001,0.002,0.002,0.001666667, ,0,0.001,0.001,0.000666667, ,,
5946,0.002,0.001,0.002,0.001666667, ,0.001,0,0.001,0.000666667, ,,
5947,0.001,0.002,0.001,0.001333333, ,0,0.001,0,0.000333333, ,,
5948,0.002,0.002,0.002,0.002, ,0,0,0.001,0.000333333, ,,
5949,0.002,0.001,0.002,0.001666667, ,0.001,0.001,0.001,0.001, ,,
5950,0.001,0.002,0.001,0.001333333, ,0,0,0,0, ,,
5951,0.002,0.002,0.002,0.002, ,0,0.001,0.001,0.000666667, ,,
5952,0.002,0.002,0.002,0.002, ,0.001,0,0.001,0.000666667, ,,
5953,0.001,0.001,0.001,0.001, ,0,0,0,0, ,,
5954,0.002,0.002,0.002,0.002, ,0,0.001,0.001,0.000666667, ,,
5955,0.002,0.002,0.002,0.002, ,0.001,0,0,0.000333333, ,,
5956,0.001,0.001,0.001,0.001, ,0,0.001,0.001,0.000666667, ,,
5957,0.002,0.002,0.002,0.002, ,0.001,0,0.001,0.000666667, ,,
5958,0.002,0.001,0.002,0.001666667, ,0.001,0.001,0.002,0.001333333, ,,
5959,0.001,0.002,0.001,0.001333333, ,0,0.001,0.001,0.000666667, ,,
5960,0.002,0.005,0.002,0.003, ,0.001,0,0.001,0.000666667, ,,
5961,0.001,0.001,0.002,0.001333333, ,0,0.001,0.001,0.000666667, ,,
5962,0.002,0.002,0.001,0.001666667, ,0,0,0,0, ,,
5963,0.002,0.002,0.002,0.002, ,0.001,0.001,0.001,0.001, ,,
5964,0.001,0.002,0.002,0.001666667, ,0,0,0.001,0.000333333, ,,
5965,0.002,0.001,0.001,0.001333333, ,0.001,0.001,0.001,0.001, ,,
5966,0.002,0.002,0.002,0.002, ,0,0,0,0, ,,
5967,0.001,0.002,0.002,0.001666667, ,0,0,0.001,0.000333333, ,,
5968,0.002,0.001,0.001,0.001333333, ,0.001,0.001,0,0.000666667, ,,
5969,0.002,0.002,0.002,0.002, ,0,0,0.001,0.000333333, ,,
5970,0.001,0.002,0.002,0.001666667, ,0,0,0,0, ,,
5971,0.002,0.002,0.001,0.001666667, ,0.001,0.001,0.001,0.001, ,,
5972,0.002,0.001,0.002,0.001666667, ,0,0,0,0, ,,
5973,0.001,0.002,0.002,0.001666667, ,0,0,0.001,0.000333333, ,,
5974,0.002,0.002,0.001,0.001666667, ,0,0.001,0,0.000333333, ,,
5975,0.002,0.001,0.002,0.001666667, ,0.001,0,0.001,0.000666667, ,,
5976,0.002,0.002,0.002,0.002, ,0,0,0.001,0.000333333, ,,
5977,0.001,0.002,0.002,0.001666667, ,0.001,0.001,0,0.000666667, ,,
5978,0.002,0.001,0.001,0.001333333, ,0,0,0.001,0.000333333, ,,
5979,0.002,0.002,0.002,0.002, ,0.001,0.001,0.001,0.001, ,,
5980,0.001,0.002,0.002,0.001666667, ,0,0.001,0.001,0.000666667, ,,
5981,0.002,0.001,0.001,0.001333333, ,0.001,0,0.001,0.000666667, ,,
5982,0.002,0.002,0.002,0.002, ,0,0.001,0.001,0.000666667, ,,
5983,0.001,0.002,0.002,0.001666667, ,0.001,0,0.001,0.000666667, ,,
5984,0.002,0.002,0.001,0.001666667, ,0,0.001,0.001,0.000666667, ,,
5985,0.002,0.001,0.002,0.001666667, ,0.001,0,0,0.000333333, ,,
5986,0.001,0.002,0.002,0.001666667, ,0,0,0.001,0.000333333, ,,
5987,0.002,0.001,0.001,0.001333333, ,0.001,0.001,0.001,0.001, ,,
5988,0.002,0.002,0.002,0.002, ,0,0.001,0.001,0.000666667, ,,
5989,0.001,0.002,0.002,0.001666667, ,0.001,0.001,0.001,0.001, ,,
5990,0.002,0.002,0.001,0.001666667, ,0.001,0.001,0.002,0.001333333, ,,
5991,0.002,0.001,0.002,0.001666667, ,0.001,0.001,0.001,0.001, ,,
5992,0.002,0.002,0.002,0.002, ,0,0,0.001,0.000333333, ,,
5993,0.001,0.002,0.001,0.001333333, ,0.001,0.001,0.001,0.001, ,,
5994,0.002,0.001,0.002,0.001666667, ,0,0,0.001,0.000333333, ,,
5995,0.001,0.002,0.002,0.001666667, ,0.001,0.001,0.001,0.001, ,,
5996,0.002,0.002,0.001,0.001666667, ,0,0,0.001,0.000333333, ,,
5997,0.002,0.001,0.002,0.001666667, ,0.001,0.001,0.001,0.001, ,,
5998,0.001,0.002,0.002,0.001666667, ,0,0,0,0, ,,
5999,0.003,0.002,0.001,0.002, ,0.001,0.001,0.001,0.001, ,,
6000,0.002,0.001,0.002,0.001666667, ,0,0,0.001,0.000333333, ,,
6001,0.001,0.002,0.002,0.001666667, ,0.001,0.001,0.001,0.001, ,,
6002,0.002,0.002,0.001,0.001666667, ,0,0,0.001,0.000333333, ,,
6003,0.004,0.001,0.002,0.002333333, ,0.001,0.001,0,0.000666667, ,,
6004,0.002,0.002,0.002,0.002, ,0,0,0.001,0.000333333, ,,
6005,0.002,0.002,0.001,0.001666667, ,0.001,0.001,0.001,0.001, ,,
6006,0.002,0.001,0.002,0.001666667, ,0,0.001,0.002,0.001, ,,
6007,0.002,0.002,0.002,0.002, ,0.001,0,0,0.000333333, ,,
6008,0.002,0.001,0.001,0.001333333, ,0.001,0.001,0.001,0.001, ,,
6009,0.002,0.002,0.002,0.002, ,0,0,0.001,0.000333333, ,,
6010,0.001,0.002,0.002,0.001666667, ,0.001,0.001,0.001,0.001, ,,
6011,0.002,0.001,0.001,0.001333333, ,0.001,0.001,0.001,0.001, ,,
6012,0.002,0.002,0.002,0.002, ,0,0,0.001,0.000333333, ,,
6013,0.001,0.002,0.001,0.001333333, ,0.001,0.001,0,0.000666667, ,,
6014,0.002,0.002,0.002,0.002, ,0,0,0.001,0.000333333, ,,
6015,0.002,0.001,0.002,0.001666667, ,0,0,0.001,0.000333333, ,,
6016,0.001,0.002,0.001,0.001333333, ,0.001,0.001,0.001,0.001, ,,
6017,0.002,0.002,0.002,0.002, ,0,0.001,0.001,0.000666667, ,,
6018,0.002,0.001,0.002,0.001666667, ,0.001,0,0,0.000333333, ,,
6019,0.001,0.002,0.002,0.001666667, ,0,0,0.001,0.000333333, ,,
6020,0.002,0.002,0.004,0.002666667, ,0,0.001,0.001,0.000666667, ,,
6021,0.002,0.002,0.001,0.001666667, ,0.001,0.001,0.001,0.001, ,,
6022,0.002,0.001,0.002,0.001666667, ,0.001,0.001,0.002,0.001333333, ,,
6023,0.001,0.002,0.002,0.001666667, ,0.001,0,0.001,0.000666667, ,,
6024,0.002,0.002,0.001,0.001666667, ,0,0.001,0.001,0.000666667, ,,
6025,0.001,0.002,0.002,0.001666667, ,0.001,0,0.001,0.000666667, ,,
6026,0.002,0.002,0.002,0.002, ,0,0.001,0,0.000333333, ,,
6027,0.002,0.002,0.001,0.001666667, ,0,0,0.001,0.000333333, ,,
6028,0.001,0.002,0.002,0.001666667, ,0.001,0.001,0.001,0.001, ,,
6029,0.002,0.002,0.002,0.002, ,0,0,0.001,0.000333333, ,,
6030,0.002,0.002,0.002,0.002, ,0,0,0,0, ,,
6031,0.002,0.002,0.001,0.001666667, ,0.001,0.001,0.001,0.001, ,,
6032,0.001,0.002,0.002,0.001666667, ,0,0,0.001,0.000333333, ,,
6033,0.003,0.002,0.002,0.002333333, ,0.001,0.001,0,0.000666667, ,,
6034,0.002,0.002,0.002,0.002, ,0,0,0.001,0.000333333, ,,
6035,0.001,0.003,0.001,0.001666667, ,0,0,0,0, ,,
6036,0.002,0.002,0.002,0.002, ,0.001,0.001,0.001,0.001, ,,
6037,0.002,0.002,0.002,0.002, ,0,0.001,0.001,0.000666667, ,,
6038,0.002,0.002,0.002,0.002, ,0.001,0,0.001,0.000666667, ,,
6039,0.001,0.002,0.001,0.001333333, ,0,0.001,0.001,0.000666667, ,,
6040,0.002,0.002,0.002,0.002, ,0.001,0,0.001,0.000666667, ,,
6041,0.002,0.003,0.002,0.002333333, ,0,0.001,0.001,0.000666667, ,,
6042,0.002,0.002,0.002,0.002, ,0.001,0,0.001,0.000666667, ,,
6043,0.001,0.002,0.002,0.001666667, ,0.001,0.001,0.001,0.001, ,,
6044,0.002,0.002,0.002,0.002, ,0,0,0.001,0.000333333, ,,
6045,0.002,0.002,0.002,0.002, ,0.001,0.001,0.001,0.001, ,,
6046,0.002,0.003,0.002,0.002333333, ,0,0,0,0, ,,
6047,0.002,0.002,0.002,0.002, ,0,0.002,0.001,0.001, ,,
6048,0.001,0.002,0.002,0.001666667, ,0.001,0.001,0.001,0.001, ,,
6049,0.002,0.002,0.002,0.002, ,0,0,0,0, ,,
6050,0.002,0.002,0.002,0.002, ,0.001,0,0.001,0.000666667, ,,
6051,0.002,0.003,0.002,0.002333333, ,0,0.001,0,0.000333333, ,,
6052,0.001,0.002,0.002,0.001666667, ,0.001,0.001,0.001,0.001, ,,
6053,0.002,0.002,0.002,0.002, ,0.001,0,0.002,0.001, ,,
6054,0.002,0.002,0.002,0.002, ,0,0.001,0.001,0.000666667, ,,
6055,0.002,0.002,0.002,0.002, ,0.001,0.001,0.001,0.001, ,,
6056,0.001,0.002,0.002,0.001666667, ,0,0.001,0.001,0.000666667, ,,
6057,0.002,0.001,0.002,0.001666667, ,0.001,0,0.001,0.000666667, ,,
6058,0.002,0.002,0.002,0.002, ,0,0.001,0,0.000333333, ,,
6059,0.002,0.002,0.002,0.002, ,0.001,0,0.001,0.000666667, ,,
6060,0.002,0.003,0.002,0.002333333, ,0,0.001,0.001,0.000666667, ,,
6061,0.001,0.002,0.002,0.001666667, ,0.001,0.001,0.001,0.001, ,,
6062,0.002,0.004,0.002,0.002666667, ,0,0,0,0, ,,
6063,0.002,0.002,0.002,0.002, ,0.001,0,0.001,0.000666667, ,,
6064,0.002,0.002,0.001,0.001666667, ,0,0.001,0.001,0.000666667, ,,
6065,0.001,0.002,0.002,0.001666667, ,0.001,0,0,0.000333333, ,,
6066,0.002,0.002,0.002,0.002, ,0,0.001,0.001,0.000666667, ,,
6067,0.002,0.002,0.002,0.002, ,0.001,0,0.001,0.000666667, ,,
6068,0.002,0.002,0.002,0.002, ,0,0.001,0.001,0.000666667, ,,
6069,0.002,0.002,0.002,0.002, ,0.001,0.001,0.001,0.001, ,,
6070,0.001,0.002,0.002,0.001666667, ,0,0,0.001,0.000333333, ,,
6071,0.002,0.002,0.002,0.002, ,0.001,0.001,0.001,0.001, ,,
6072,0.002,0.002,0.002,0.002, ,0,0,0,0, ,,
6073,0.002,0.002,0.002,0.002, ,0.001,0.001,0.001,0.001, ,,
6074,0.002,0.002,0.002,0.002, ,0,0.001,0.001,0.000666667, ,,
6075,0.001,0.002,0.001,0.001333333, ,0.001,0,0.001,0.000666667, ,,
6076,0.002,0.002,0.002,0.002, ,0,0.001,0,0.000333333, ,,
6077,0.002,0.002,0.002,0.002, ,0,0,0.001,0.000333333, ,,
6078,0.002,0.002,0.002,0.002, ,0.001,0,0,0.000333333, ,,
6079,0.002,0.002,0.002,0.002, ,0,0.001,0.001,0.000666667, ,,
6080,0.001,0.002,0.002,0.001666667, ,0.001,0.001,0.001,0.001, ,,
6081,0.002,0.001,0.002,0.001666667, ,0,0,0.001,0.000333333, ,,
6082,0.002,0.002,0.003,0.002333333, ,0,0,0,0, ,,
6083,0.002,0.002,0.001,0.001666667, ,0.001,0.001,0.001,0.001, ,,
6084,0.001,0.002,0.002,0.001666667, ,0,0,0,0, ,,
6085,0.003,0.002,0.002,0.002333333, ,0.001,0.001,0.002,0.001333333, ,,
6086,0.001,0.002,0.002,0.001666667, ,0.001,0.001,0.001,0.001, ,,
6087,0.002,0.001,0.002,0.001666667, ,0,0.001,0.001,0.000666667, ,,
6088,0.001,0.002,0.003,0.002, ,0.001,0,0.001,0.000666667, ,,
6089,0.002,0.002,0.002,0.002, ,0,0.001,0.001,0.000666667, ,,
6090,0.002,0.002,0.002,0.002, ,0,0,0,0, ,,
6091,0.001,0.001,0.002,0.001333333, ,0.001,0,0.001,0.000666667, ,,
6092,0.002,0.002,0.002,0.002, ,0,0.001,0.001,0.000666667, ,,
6093,0.001,0.002,0.002,0.001666667, ,0,0,0,0, ,,
6094,0.002,0.002,0.002,0.002, ,0.001,0.001,0.001,0.001, ,,
6095,0.001,0.002,0.002,0.001666667, ,0,0,0,0, ,,
6096,0.002,0.001,0.002,0.001666667, ,0,0,0.001,0.000333333, ,,
6097,0.002,0.002,0.002,0.002, ,0.001,0.001,0,0.000666667, ,,
6098,0.001,0.002,0.002,0.001666667, ,0,0,0,0, ,,
6099,0.002,0.002,0.002,0.002, ,0,0,0.001,0.000333333, ,,
6100,0.001,0.002,0.002,0.001666667, ,0,0,0,0, ,,
6101,0.002,0.001,0.002,0.001666667, ,0.001,0.001,0,0.000666667, ,,
6102,0.001,0.002,0.002,0.001666667, ,0,0,0.001,0.000333333, ,,
6103,0.002,0.002,0.001,0.001666667, ,0,0,0.001,0.000333333, ,,
6104,0.005,0.002,0.002,0.003, ,0.001,0.001,0,0.000666667, ,,
6105,0.002,0.001,0.002,0.001666667, ,0,0,0.001,0.000333333, ,,
6106,0.001,0.002,0.002,0.001666667, ,0.001,0.001,0.001,0.001, ,,
6107,0.002,0.002,0.002,0.002, ,0,0.001,0.001,0.000666667, ,,
6108,0.002,0.002,0.002,0.002, ,0.001,0,0.001,0.000666667, ,,
6109,0.002,0.002,0.001,0.001666667, ,0,0.001,0.001,0.000666667, ,,
6110,0.001,0.001,0.002,0.001333333, ,0,0,0,0, ,,
6111,0.002,0.002,0.002,0.002, ,0.001,0.001,0.001,0.001, ,,
6112,0.002,0.002,0.002,0.002, ,0,0,0.001,0.000333333, ,,
6113,0.002,0.001,0.002,0.001666667, ,0.001,0.001,0,0.000666667, ,,
6114,0.002,0.002,0.002,0.002, ,0,0,0.001,0.000333333, ,,
6115,0.001,0.002,0.002,0.001666667, ,0,0,0.001,0.000333333, ,,
6116,0.002,0.002,0.001,0.001666667, ,0.001,0.001,0.001,0.001, ,,
6117,0.002,0.001,0.002,0.001666667, ,0,0.001,0.001,0.000666667, ,,
6118,0.001,0.002,0.002,0.001666667, ,0.001,0,0.001,0.000666667, ,,
6119,0.002,0.002,0.002,0.002, ,0.001,0.001,0.001,0.001, ,,
6120,0.002,0.002,0.002,0.002, ,0,0,0.001,0.000333333, ,,
6121,0.002,0.001,0.004,0.002333333, ,0,0.001,0.001,0.000666667, ,,
6122,0.002,0.002,0.002,0.002, ,0.001,0,0,0.000333333, ,,
6123,0.002,0.002,0.002,0.002, ,0,0,0.001,0.000333333, ,,
6124,0.002,0.002,0.002,0.002, ,0.001,0.001,0.001,0.001, ,,
6125,0.002,0.002,0.002,0.002, ,0,0,0,0, ,,
6126,0.001,0.002,0.002,0.001666667, ,0,0.001,0.001,0.000666667, ,,
6127,0.002,0.001,0.002,0.001666667, ,0.001,0,0.001,0.000666667, ,,
6128,0.002,0.002,0.002,0.002, ,0,0.001,0.001,0.000666667, ,,
6129,0.002,0.002,0.002,0.002, ,0.001,0,0,0.000333333, ,,
6130,0.001,0.002,0.001,0.001333333, ,0,0.001,0.001,0.000666667, ,,
6131,0.002,0.001,0.002,0.001666667, ,0,0,0.001,0.000333333, ,,
6132,0.002,0.002,0.002,0.002, ,0.001,0.001,0,0.000666667, ,,
6133,0.002,0.002,0.002,0.002, ,0.001,0,0.002,0.001, ,,
6134,0.001,0.002,0.001,0.001333333, ,0,0.001,0.001,0.000666667, ,,
6135,0.002,0.001,0.002,0.001666667, ,0.001,0,0.001,0.000666667, ,,
6136,0.002,0.002,0.002,0.002, ,0,0.001,0.002,0.001, ,,
6137,0.002,0.002,0.002,0.002, ,0.001,0.001,0.001,0.001, ,,
6138,0.002,0.002,0.002,0.002, ,0,0,0.001,0.000333333, ,,
6139,0.001,0.001,0.002,0.001333333, ,0.001,0.001,0.001,0.001, ,,
6140,0.002,0.002,0.001,0.001666667, ,0,0.001,0.001,0.000666667, ,,
6141,0.002,0.002,0.002,0.002, ,0.001,0,0,0.000333333, ,,
6142,0.002,0.002,0.002,0.002, ,0,0.001,0.001,0.000666667, ,,
6143,0.001,0.002,0.002,0.001666667, ,0,0,0,0, ,,
6144,0.002,0.001,0.002,0.001666667, ,0.001,0.001,0.001,0.001, ,,
6145,0.002,0.002,0.002,0.002, ,0,0,0.001,0.000333333, ,,
6146,0.002,0.002,0.002,0.002, ,0,0.001,0.001,0.000666667, ,,
6147,0.001,0.002,0.002,0.001666667, ,0.001,0,0,0.000333333, ,,
6148,0.002,0.002,0.002,0.002, ,0.001,0.001,0.001,0.001, ,,
6149,0.002,0.001,0.001,0.001333333, ,0,0.001,0.001,0.000666667, ,,
6150,0.002,0.003,0.002,0.002333333, ,0.001,0,0.002,0.001, ,,
6151,0.001,0.002,0.002,0.001666667, ,0.001,0.001,0.001,0.001, ,,
6152,0.002,0.002,0.002,0.002, ,0,0.001,0.001,0.000666667, ,,
6153,0.002,0.001,0.002,0.001666667, ,0.001,0,0,0.000333333, ,,
6154,0.002,0.002,0.002,0.002, ,0,0.001,0.001,0.000666667, ,,
6155,0.002,0.002,0.001,0.001666667, ,0,0,0,0, ,,
6156,0.001,0.002,0.002,0.001666667, ,0.001,0,0.001,0.000666667, ,,
6157,0.002,0.001,0.002,0.001666667, ,0,0.001,0.001,0.000666667, ,,
6158,0.002,0.002,0.002,0.002, ,0.001,0,0,0.000333333, ,,
6159,0.002,0.002,0.002,0.002, ,0,0.001,0.001,0.000666667, ,,
6160,0.001,0.002,0.001,0.001333333, ,0,0,0.001,0.000333333, ,,
6161,0.002,0.002,0.002,0.002, ,0.001,0.001,0.001,0.001, ,,
6162,0.002,0.001,0.002,0.001666667, ,0,0,0,0, ,,
6163,0.002,0.005,0.002,0.003, ,0,0,0,0, ,,
6164,0.002,0.002,0.002,0.002, ,0.001,0.001,0.001,0.001, ,,
6165,0.001,0.002,0.001,0.001333333, ,0,0,0.001,0.000333333, ,,
6166,0.002,0.001,0.002,0.001666667, ,0.001,0.001,0.001,0.001, ,,
6167,0.002,0.003,0.002,0.002333333, ,0,0.001,0.001,0.000666667, ,,
6168,0.002,0.001,0.002,0.001666667, ,0.001,0,0.001,0.000666667, ,,
6169,0.001,0.002,0.002,0.001666667, ,0,0.001,0.001,0.000666667, ,,
6170,0.002,0.002,0.001,0.001666667, ,0.001,0,0.001,0.000666667, ,,
6171,0.002,0.002,0.002,0.002, ,0,0.001,0.001,0.000666667, ,,
6172,0.002,0.001,0.002,0.001666667, ,0.001,0.001,0.001,0.001, ,,
6173,0.001,0.002,0.002,0.001666667, ,0,0,0.001,0.000333333, ,,
6174,0.002,0.002,0.002,0.002, ,0.001,0.001,0.001,0.001, ,,
6175,0.002,0.002,0.001,0.001666667, ,0,0,0.001,0.000333333, ,,
6176,0.002,0.001,0.002,0.001666667, ,0.001,0.001,0.001,0.001, ,,
6177,0.001,0.002,0.002,0.001666667, ,0,0,0,0, ,,
6178,0.002,0.002,0.002,0.002, ,0.001,0,0.001,0.000666667, ,,
6179,0.002,0.002,0.002,0.002, ,0,0.001,0.001,0.000666667, ,,
6180,0.002,0.001,0.001,0.001333333, ,0.001,0.001,0.001,0.001, ,,
6181,0.002,0.002,0.002,0.002, ,0.001,0,0.001,0.000666667, ,,
6182,0.001,0.002,0.002,0.001666667, ,0,0.001,0.002,0.001, ,,
6183,0.002,0.002,0.002,0.002, ,0.001,0.001,0.001,0.001, ,,
6184,0.002,0.001,0.001,0.001333333, ,0,0,0.001,0.000333333, ,,
6185,0.002,0.002,0.002,0.002, ,0.001,0.001,0.001,0.001, ,,
6186,0.001,0.002,0.002,0.001666667, ,0,0.001,0.001,0.000666667, ,,
6187,0.002,0.002,0.002,0.002, ,0.001,0,0,0.000333333, ,,
6188,0.002,0.001,0.002,0.001666667, ,0,0.001,0.001,0.000666667, ,,
6189,0.002,0.002,0.002,0.002, ,0.001,0,0.001,0.000666667, ,,
6190,0.002,0.002,0.001,0.001666667, ,0,0.001,0.001,0.000666667, ,,
6191,0.001,0.002,0.002,0.001666667, ,0.001,0,0.001,0.000666667, ,,
6192,0.002,0.001,0.002,0.001666667, ,0,0.001,0.001,0.000666667, ,,
6193,0.002,0.002,0.002,0.002, ,0,0,0.001,0.000333333, ,,
6194,0.002,0.002,0.001,0.001666667, ,0.001,0.002,0,0.001, ,,
6195,0.001,0.002,0.002,0.001666667, ,0,0.001,0.001,0.000666667, ,,
6196,0.002,0.001,0.002,0.001666667, ,0.001,0,0.001,0.000666667, ,,
6197,0.002,0.002,0.002,0.002, ,0,0.001,0.001,0.000666667, ,,
6198,0.001,0.002,0.001,0.001333333, ,0.001,0.001,0.001,0.001, ,,
6199,0.002,0.001,0.002,0.001666667, ,0.001,0.001,0.001,0.001, ,,
6200,0.002,0.002,0.002,0.002, ,0,0,0,0, ,,
6201,0.002,0.002,0.002,0.002, ,0,0.001,0.001,0.000666667, ,,
6202,0.001,0.002,0.001,0.001333333, ,0.001,0,0.001,0.000666667, ,,
6203,0.002,0.002,0.002,0.002, ,0,0.001,0.001,0.000666667, ,,
6204,0.002,0.001,0.002,0.001666667, ,0.001,0.001,0.001,0.001, ,,
6205,0.005,0.002,0.002,0.003, ,0,0,0.001,0.000333333, ,,
6206,0.002,0.002,0.002,0.002, ,0.001,0.001,0,0.000666667, ,,
6207,0.002,0.001,0.001,0.001333333, ,0,0,0.001,0.000333333, ,,
6208,0.001,0.002,0.002,0.001666667, ,0,0.001,0.001,0.000666667, ,,
6209,0.002,0.002,0.002,0.002, ,0.001,0,0.001,0.000666667, ,,
6210,0.002,0.002,0.002,0.002, ,0,0.001,0,0.000333333, ,,
6211,0.002,0.001,0.001,0.001333333, ,0,0,0.001,0.000333333, ,,
6212,0.001,0.002,0.003,0.002, ,0.001,0.001,0.001,0.001, ,,
6213,0.002,0.002,0.002,0.002, ,0.001,0.001,0.001,0.001, ,,
6214,0.002,0.002,0.001,0.001666667, ,0,0.001,0.002,0.001, ,,
6215,0.002,0.002,0.002,0.002, ,0.001,0,0.001,0.000666667, ,,
6216,0.002,0.001,0.002,0.001666667, ,0.001,0.001,0.001,0.001, ,,
6217,0.001,0.002,0.002,0.001666667, ,0,0.001,0.001,0.000666667, ,,
6218,0.002,0.002,0.001,0.001666667, ,0,0,0,0, ,,
6219,0.002,0.001,0.002,0.001666667, ,0.001,0,0.001,0.000666667, ,,
6220,0.001,0.002,0.002,0.001666667, ,0,0.001,0,0.000333333, ,,
6221,0.002,0.002,0.002,0.002, ,0,0,0.001,0.000333333, ,,
6222,0.002,0.002,0.005,0.003, ,0.001,0.001,0.001,0.001, ,,
6223,0.002,0.002,0.001,0.001666667, ,0,0,0,0, ,,
6224,0.001,0.001,0.002,0.001333333, ,0,0,0.001,0.000333333, ,,
6225,0.002,0.002,0.002,0.002, ,0.001,0.001,0,0.000666667, ,,
6226,0.002,0.002,0.002,0.002, ,0,0,0,0, ,,
6227,0.002,0.002,0.001,0.001666667, ,0,0,0.001,0.000333333, ,,
6228,0.001,0.002,0.002,0.001666667, ,0,0.001,0,0.000333333, ,,
6229,0.002,0.003,0.002,0.002333333, ,0.016,0,0.001,0.005666667, ,,
6230,0.002,0.001,0.001,0.001333333, ,0,0,0,0, ,,
6231,0.002,0.002,0.002,0.002, ,0.001,0.001,0.001,0.001, ,,
6232,0.002,0.002,0.002,0.002, ,0,0,0.001,0.000333333, ,,
6233,0.001,0.002,0.002,0.001666667, ,0.001,0.001,0,0.000666667, ,,
6234,0.002,0.002,0.002,0.002, ,0,0.001,0.001,0.000666667, ,,
6235,0.002,0.001,0.001,0.001333333, ,0.001,0,0.001,0.000666667, ,,
6236,0.002,0.002,0.002,0.002, ,0,0.001,0.001,0.000666667, ,,
6237,0.001,0.002,0.002,0.001666667, ,0.001,0.001,0.001,0.001, ,,
6238,0.002,0.002,0.002,0.002, ,0,0,0.001,0.000333333, ,,
6239,0.002,0.002,0.002,0.002, ,0.001,0,0,0.000333333, ,,
6240,0.002,0.001,0.002,0.001666667, ,0,0.001,0.001,0.000666667, ,,
6241,0.001,0.002,0.001,0.001333333, ,0.001,0.001,0.001,0.001, ,,
6242,0.002,0.002,0.002,0.002, ,0,0,0.001,0.000333333, ,,
6243,0.002,0.002,0.002,0.002, ,0.001,0.001,0,0.000666667, ,,
6244,0.002,0.002,0.002,0.002, ,0,0,0.001,0.000333333, ,,
6245,0.001,0.001,0.002,0.001333333, ,0.001,0.001,0.002,0.001333333, ,,
6246,0.002,0.002,0.001,0.001666667, ,0.001,0.001,0.002,0.001333333, ,,
6247,0.002,0.002,0.002,0.002, ,0,0.001,0.001,0.000666667, ,,
6248,0.002,0.002,0.002,0.002, ,0.001,0.001,0.001,0.001, ,,
6249,0.001,0.002,0.002,0.001666667, ,0.001,0,0.001,0.000666667, ,,
6250,0.002,0.001,0.001,0.001333333, ,0,0.001,0.001,0.000666667, ,,
6251,0.002,0.002,0.002,0.002, ,0.001,0,0.001,0.000666667, ,,
6252,0.002,0.002,0.002,0.002, ,0,0.001,0.001,0.000666667, ,,
6253,0.002,0.002,0.003,0.002333333, ,0.001,0.001,0.001,0.001, ,,
6254,0.001,0.002,0.003,0.002, ,0,0,0.001,0.000333333, ,,
6255,0.002,0.001,0.001,0.001333333, ,0.001,0.001,0.001,0.001, ,,
6256,0.002,0.002,0.002,0.002, ,0,0,0.001,0.000333333, ,,
6257,0.002,0.002,0.002,0.002, ,0.001,0.001,0.001,0.001, ,,
6258,0.001,0.002,0.002,0.001666667, ,0,0,0.001,0.000333333, ,,
6259,0.002,0.001,0.002,0.001666667, ,0.001,0.001,0.001,0.001, ,,
6260,0.002,0.002,0.001,0.001666667, ,0,0.001,0.001,0.000666667, ,,
6261,0.002,0.002,0.003,0.002333333, ,0.001,0,0.002,0.001, ,,
6262,0.001,0.002,0.001,0.001333333, ,0.001,0.001,0.001,0.001, ,,
6263,0.002,0.001,0.002,0.001666667, ,0,0.001,0.001,0.000666667, ,,
6264,0.002,0.005,0.002,0.003, ,0.001,0,0.001,0.000666667, ,,
6265,0.002,0.002,0.002,0.002, ,0,0.001,0.001,0.000666667, ,,
6266,0.001,0.002,0.002,0.001666667, ,0.001,0.001,0.001,0.001, ,,
6267,0.002,0.002,0.002,0.002, ,0,0,0.002,0.000666667, ,,
6268,0.002,0.001,0.001,0.001333333, ,0.001,0.001,0.001,0.001, ,,
6269,0.002,0.002,0.002,0.002, ,0,0,0,0, ,,
6270,0.002,0.002,0.002,0.002, ,0.001,0.001,0.001,0.001, ,,
6271,0.001,0.002,0.002,0.001666667, ,0,0,0.001,0.000333333, ,,
6272,0.002,0.001,0.002,0.001666667, ,0,0.001,0.001,0.000666667, ,,
6273,0.002,0.002,0.001,0.001666667, ,0.001,0,0.001,0.000666667, ,,
6274,0.002,0.002,0.002,0.002, ,0,0.001,0.001,0.000666667, ,,
6275,0.001,0.002,0.002,0.001666667, ,0.001,0,0,0.000333333, ,,
6276,0.002,0.001,0.002,0.001666667, ,0,0.001,0.002,0.001, ,,
6277,0.002,0.002,0.002,0.002, ,0.001,0.001,0.001,0.001, ,,
6278,0.002,0.002,0.001,0.001666667, ,0.001,0.001,0.002,0.001333333, ,,
6279,0.001,0.002,0.002,0.001666667, ,0.001,0.001,0.002,0.001333333, ,,
6280,0.002,0.002,0.002,0.002, ,0,0.001,0.001,0.000666667, ,,
6281,0.002,0.001,0.002,0.001666667, ,0.001,0.001,0.001,0.001, ,,
6282,0.002,0.002,0.002,0.002, ,0,0,0.001,0.000333333, ,,
6283,0.001,0.002,0.001,0.001333333, ,0.001,0.001,0.001,0.001, ,,
6284,0.002,0.001,0.002,0.001666667, ,0,0.001,0.001,0.000666667, ,,
6285,0.002,0.002,0.002,0.002, ,0.001,0,0.001,0.000666667, ,,
6286,0.002,0.002,0.002,0.002, ,0,0.001,0,0.000333333, ,,
6287,0.001,0.002,0.001,0.001333333, ,0.001,0,0.001,0.000666667, ,,
6288,0.002,0.001,0.002,0.001666667, ,0,0.001,0.001,0.000666667, ,,
6289,0.002,0.002,0.002,0.002, ,0.001,0.001,0.001,0.001, ,,
6290,0.001,0.002,0.002,0.001666667, ,0,0,0.001,0.000333333, ,,
6291,0.002,0.002,0.001,0.001666667, ,0.001,0.001,0.001,0.001, ,,
6292,0.002,0.001,0.002,0.001666667, ,0,0.001,0.001,0.000666667, ,,
6293,0.001,0.002,0.002,0.001666667, ,0.001,0,0.001,0.000666667, ,,
6294,0.002,0.002,0.002,0.002, ,0,0.001,0.001,0.000666667, ,,
6295,0.002,0.001,0.002,0.001666667, ,0.001,0.001,0.001,0.001, ,,
6296,0.002,0.002,0.001,0.001666667, ,0,0.001,0.002,0.001, ,,
6297,0.002,0.002,0.002,0.002, ,0.001,0.001,0.001,0.001, ,,
6298,0.001,0.002,0.002,0.001666667, ,0,0.001,0.001,0.000666667, ,,
6299,0.002,0.002,0.002,0.002, ,0.001,0.001,0.002,0.001333333, ,,
6300,0.002,0.001,0.002,0.001666667, ,0.001,0.001,0.001,0.001, ,,
6301,0.002,0.002,0.001,0.001666667, ,0,0.001,0.001,0.000666667, ,,
6302,0.001,0.002,0.002,0.001666667, ,0.001,0.001,0.001,0.001, ,,
6303,0.004,0.002,0.002,0.002666667, ,0,0,0.001,0.000333333, ,,
6304,0.001,0.001,0.002,0.001333333, ,0.001,0.001,0.001,0.001, ,,
6305,0.002,0.002,0.002,0.002, ,0,0.001,0.001,0.000666667, ,,
6306,0.005,0.002,0.001,0.002666667, ,0.001,0.001,0.001,0.001, ,,
6307,0.002,0.002,0.002,0.002, ,0,0.001,0.001,0.000666667, ,,
6308,0.001,0.002,0.002,0.001666667, ,0.001,0.001,0.001,0.001, ,,
6309,0.002,0.001,0.002,0.001666667, ,0.001,0.001,0.002,0.001333333, ,,
6310,0.002,0.002,0.002,0.002, ,0,0.002,0.002,0.001333333, ,,
6311,0.002,0.002,0.001,0.001666667, ,0.001,0.001,0.001,0.001, ,,
6312,0.001,0.001,0.002,0.001333333, ,0.001,0.001,0.002,0.001333333, ,,
6313,0.002,0.002,0.002,0.002, ,0,0.001,0.001,0.000666667, ,,
6314,0.002,0.002,0.001,0.001666667, ,0.001,0.001,0.001,0.001, ,,
6315,0.002,0.002,0.002,0.002, ,0,0.001,0.001,0.000666667, ,,
6316,0.001,0.001,0.002,0.001333333, ,0.001,0.001,0.001,0.001, ,,
6317,0.002,0.002,0.002,0.002, ,0,0,0.001,0.000333333, ,,
6318,0.002,0.002,0.001,0.001666667, ,0.001,0.001,0.001,0.001, ,,
6319,0.002,0.001,0.002,0.001666667, ,0,0.001,0.001,0.000666667, ,,
6320,0.002,0.002,0.002,0.002, ,0.001,0.001,0.001,0.001, ,,
6321,0.001,0.002,0.002,0.001666667, ,0,0.001,0.001,0.000666667, ,,
6322,0.002,0.002,0.002,0.002, ,0.001,0,0.001,0.000666667, ,,
6323,0.002,0.001,0.004,0.002333333, ,0,0.001,0.001,0.000666667, ,,
6324,0.001,0.002,0.002,0.001666667, ,0.001,0.001,0.001,0.001, ,,
6325,0.002,0.002,0.002,0.002, ,0.001,0.001,0.001,0.001, ,,
6326,0.002,0.002,0.002,0.002, ,0,0.001,0.002,0.001, ,,
6327,0.002,0.001,0.001,0.001333333, ,0.001,0.001,0.001,0.001, ,,
6328,0.001,0.002,0.002,0.001666667, ,0,0.001,0,0.000333333, ,,
6329,0.002,0.002,0.002,0.002, ,0.001,0.001,0.002,0.001333333, ,,
6330,0.002,0.001,0.002,0.001666667, ,0,0.001,0.002,0.001, ,,
6331,0.001,0.002,0.002,0.001666667, ,0.001,0.001,0.001,0.001, ,,
6332,0.002,0.002,0.001,0.001666667, ,0,0.001,0.001,0.000666667, ,,
6333,0.002,0.002,0.002,0.002, ,0.001,0,0.002,0.001, ,,
6334,0.002,0.002,0.002,0.002, ,0,0.001,0,0.000333333, ,,
6335,0.002,0.001,0.002,0.001666667, ,0.001,0.001,0.001,0.001, ,,
6336,0.002,0.002,0.001,0.001666667, ,0,0,0.001,0.000333333, ,,
6337,0.001,0.002,0.002,0.001666667, ,0.001,0.001,0.001,0.001, ,,
6338,0.002,0.002,0.002,0.002, ,0,0.001,0.001,0.000666667, ,,
6339,0.002,0.001,0.002,0.001666667, ,0,0,0.001,0.000333333, ,,
6340,0.001,0.002,0.002,0.001666667, ,0.001,0.001,0.001,0.001, ,,
6341,0.002,0.002,0.001,0.001666667, ,0.001,0.001,0.001,0.001, ,,
6342,0.002,0.002,0.002,0.002, ,0.001,0.002,0.002,0.001666667, ,,
6343,0.002,0.001,0.002,0.001666667, ,0,0.001,0.002,0.001, ,,
6344,0.001,0.002,0.002,0.001666667, ,0.001,0.001,0.001,0.001, ,,
6345,0.001,0.002,0.001,0.001333333, ,0,0,0.001,0.000333333, ,,
6346,0.002,0.001,0.002,0.001666667, ,0.001,0.001,0.001,0.001, ,,
6347,0.002,0.002,0.002,0.002, ,0,0.001,0.001,0.000666667, ,,
6348,0.001,0.002,0.002,0.001666667, ,0.001,0.001,0.001,0.001, ,,
6349,0.002,0.002,0.002,0.002, ,0,0,0.001,0.000333333, ,,
6350,0.002,0.002,0.002,0.002, ,0.001,0.001,0,0.000666667, ,,
6351,0.002,0.001,0.001,0.001333333, ,0,0,0.001,0.000333333, ,,
6352,0.001,0.002,0.002,0.001666667, ,0.001,0.001,0.001,0.001, ,,
6353,0.002,0.002,0.002,0.002, ,0,0.001,0.001,0.000666667, ,,
6354,0.002,0.002,0.002,0.002, ,0,0,0.001,0.000333333, ,,
6355,0.002,0.001,0.002,0.001666667, ,0.001,0,0,0.000333333, ,,
6356,0.001,0.002,0.001,0.001333333, ,0,0.001,0.001,0.000666667, ,,
6357,0.002,0.002,0.002,0.002, ,0,0,0,0, ,,
6358,0.002,0.002,0.002,0.002, ,0.001,0.001,0.001,0.001, ,,
6359,0.002,0.001,0.002,0.001666667, ,0,0.001,0.002,0.001, ,,
6360,0.002,0.002,0.001,0.001666667, ,0.001,0,0.002,0.001, ,,
6361,0.001,0.002,0.002,0.001666667, ,0,0.001,0.001,0.000666667, ,,
6362,0.002,0.002,0.002,0.002, ,0.001,0.001,0.001,0.001, ,,
6363,0.002,0.001,0.002,0.001666667, ,0,0.001,0.002,0.001, ,,
6364,0.002,0.002,0.002,0.002, ,0.001,0,0.001,0.000666667, ,,
6365,0.001,0.005,0.001,0.002333333, ,0.001,0.001,0.001,0.001, ,,
6366,0.001,0.002,0.002,0.001666667, ,0,0,0,0, ,,
6367,0.002,0.002,0.002,0.002, ,0.001,0.001,0.001,0.001, ,,
6368,0.002,0.001,0.002,0.001666667, ,0,0,0.001,0.000333333, ,,
6369,0.001,0.002,0.001,0.001333333, ,0.001,0.001,0.001,0.001, ,,
6370,0.002,0.002,0.002,0.002, ,0,0,0.001,0.000333333, ,,
6371,0.002,0.002,0.002,0.002, ,0.001,0.001,0,0.000666667, ,,
6372,0.002,0.002,0.002,0.002, ,0,0.001,0.002,0.001, ,,
6373,0.001,0.001,0.002,0.001333333, ,0.001,0.001,0.001,0.001, ,,
6374,0.002,0.002,0.001,0.001666667, ,0.001,0.001,0.002,0.001333333, ,,
6375,0.002,0.002,0.002,0.002, ,0,0,0.001,0.000333333, ,,
6376,0.002,0.002,0.002,0.002, ,0.001,0.001,0.002,0.001333333, ,,
6377,0.001,0.002,0.002,0.001666667, ,0,0.001,0.001,0.000666667, ,,
6378,0.002,0.002,0.001,0.001666667, ,0.001,0.001,0.001,0.001, ,,
6379,0.002,0.002,0.002,0.002, ,0,0,0.001,0.000333333, ,,
6380,0.002,0.001,0.002,0.001666667, ,0.001,0.001,0.001,0.001, ,,
6381,0.001,0.002,0.002,0.001666667, ,0,0.001,0.001,0.000666667, ,,
6382,0.002,0.002,0.001,0.001666667, ,0.001,0,0,0.000333333, ,,
6383,0.002,0.002,0.002,0.002, ,0,0.001,0.001,0.000666667, ,,
6384,0.002,0.001,0.002,0.001666667, ,0.001,0.001,0.001,0.001, ,,
6385,0.001,0.002,0.002,0.001666667, ,0,0,0.001,0.000333333, ,,
6386,0.002,0.002,0.001,0.001666667, ,0.001,0.001,0.001,0.001, ,,
6387,0.002,0.002,0.002,0.002, ,0,0.001,0.001,0.000666667, ,,
6388,0.002,0.001,0.002,0.001666667, ,0.001,0,0.002,0.001, ,,
6389,0.001,0.002,0.002,0.001666667, ,0.001,0.001,0.001,0.001, ,,
6390,0.002,0.002,0.002,0.002, ,0,0.001,0.002,0.001, ,,
6391,0.002,0.002,0.001,0.001666667, ,0.001,0.001,0.002,0.001333333, ,,
6392,0.002,0.001,0.002,0.001666667, ,0.001,0.001,0.001,0.001, ,,
6393,0.002,0.002,0.002,0.002, ,0.001,0.001,0.001,0.001, ,,
6394,0.001,0.002,0.001,0.001333333, ,0,0.001,0.001,0.000666667, ,,
6395,0.002,0.002,0.002,0.002, ,0.001,0.001,0.001,0.001, ,,
6396,0.002,0.001,0.002,0.001666667, ,0.001,0.001,0.002,0.001333333, ,,
6397,0.002,0.002,0.002,0.002, ,0,0,0,0, ,,
6398,0.001,0.002,0.002,0.001666667, ,0,0.001,0.001,0.000666667, ,,
6399,0.002,0.002,0.001,0.001666667, ,0.001,0,0.001,0.000666667, ,,
6400,0.002,0.001,0.002,0.001666667, ,0,0.001,0.001,0.000666667, ,,
6401,0.001,0.002,0.002,0.001666667, ,0.001,0,0.001,0.000666667, ,,
6402,0.002,0.002,0.002,0.002, ,0,0.001,0.001,0.000666667, ,,
6403,0.002,0.002,0.001,0.001666667, ,0.001,0.001,0.001,0.001, ,,
6404,0.002,0.001,0.002,0.001666667, ,0,0.001,0.001,0.000666667, ,,
6405,0.001,0.002,0.002,0.001666667, ,0.001,0.001,0.002,0.001333333, ,,
6406,0.002,0.002,0.002,0.002, ,0.001,0.001,0.002,0.001333333, ,,
6407,0.005,0.001,0.001,0.002333333, ,0.001,0.001,0.001,0.001, ,,
6408,0.002,0.002,0.002,0.002, ,0.001,0.001,0.002,0.001333333, ,,
6409,0.002,0.002,0.002,0.002, ,0,0.001,0.001,0.000666667, ,,
6410,0.001,0.002,0.002,0.001666667, ,0.001,0,0.001,0.000666667, ,,
6411,0.002,0.001,0.002,0.001666667, ,0,0.001,0.001,0.000666667, ,,
6412,0.002,0.002,0.001,0.001666667, ,0.001,0.001,0.001,0.001, ,,
6413,0.002,0.002,0.002,0.002, ,0,0,0.001,0.000333333, ,,
6414,0.001,0.002,0.002,0.001666667, ,0.001,0.001,0.001,0.001, ,,
6415,0.002,0.002,0.002,0.002, ,0,0.001,0.001,0.000666667, ,,
6416,0.002,0.001,0.001,0.001333333, ,0.001,0,0.001,0.000666667, ,,
6417,0.002,0.002,0.002,0.002, ,0,0.001,0.001,0.000666667, ,,
6418,0.001,0.002,0.002,0.001666667, ,0.001,0.001,0.001,0.001, ,,
6419,0.002,0.002,0.002,0.002, ,0.001,0,0.001,0.000666667, ,,
6420,0.002,0.002,0.001,0.001666667, ,0.001,0.001,0.001,0.001, ,,
6421,0.002,0.001,0.002,0.001666667, ,0,0.001,0.001,0.000666667, ,,
6422,0.002,0.002,0.002,0.002, ,0.001,0,0.002,0.001, ,,
6423,0.001,0.002,0.002,0.001666667, ,0,0.001,0.001,0.000666667, ,,
6424,0.002,0.002,0.005,0.003, ,0.001,0.001,0.001,0.001, ,,
6425,0.002,0.001,0.002,0.001666667, ,0.001,0.001,0.001,0.001, ,,
6426,0.002,0.002,0.001,0.001666667, ,0,0,0.001,0.000333333, ,,
6427,0.001,0.002,0.002,0.001666667, ,0.001,0.001,0.002,0.001333333, ,,
6428,0.002,0.002,0.002,0.002, ,0,0,0.002,0.000666667, ,,
6429,0.002,0.001,0.002,0.001666667, ,0.001,0.001,0.001,0.001, ,,
6430,0.002,0.002,0.001,0.001666667, ,0,0,0.001,0.000333333, ,,
6431,0.002,0.002,0.002,0.002, ,0.001,0.001,0.001,0.001, ,,
6432,0.002,0.002,0.002,0.002, ,0,0.001,0.001,0.000666667, ,,
6433,0.001,0.001,0.002,0.001333333, ,0,0,0,0, ,,
6434,0.002,0.002,0.002,0.002, ,0.001,0.001,0.001,0.001, ,,
6435,0.002,0.002,0.001,0.001666667, ,0,0,0.001,0.000333333, ,,
6436,0.002,0.002,0.002,0.002, ,0.001,0.001,0.001,0.001, ,,
6437,0.001,0.002,0.002,0.001666667, ,0.001,0.001,0.002,0.001333333, ,,
6438,0.002,0.002,0.002,0.002, ,0.001,0.001,0.002,0.001333333, ,,
6439,0.002,0.001,0.002,0.001666667, ,0,0.001,0.002,0.001, ,,
6440,0.002,0.002,0.001,0.001666667, ,0.001,0.001,0.001,0.001, ,,
6441,0.002,0.002,0.002,0.002, ,0.001,0,0.001,0.000666667, ,,
6442,0.001,0.002,0.002,0.001666667, ,0,0.001,0.001,0.000666667, ,,
6443,0.002,0.002,0.002,0.002, ,0.001,0.001,0.002,0.001333333, ,,
6444,0.002,0.001,0.002,0.001666667, ,0,0,0.001,0.000333333, ,,
6445,0.002,0.002,0.001,0.001666667, ,0.001,0.001,0.001,0.001, ,,
6446,0.001,0.002,0.002,0.001666667, ,0,0,0.001,0.000333333, ,,
6447,0.002,0.002,0.002,0.002, ,0.001,0.001,0,0.000666667, ,,
6448,0.002,0.001,0.002,0.001666667, ,0,0,0.001,0.000333333, ,,
6449,0.002,0.002,0.002,0.002, ,0.001,0.001,0.001,0.001, ,,
6450,0.002,0.002,0.001,0.001666667, ,0,0.001,0.001,0.000666667, ,,
6451,0.002,0.002,0.002,0.002, ,0.001,0,0.001,0.000666667, ,,
6452,0.002,0.002,0.002,0.002, ,0,0.001,0.001,0.000666667, ,,
6453,0.001,0.001,0.002,0.001333333, ,0.001,0.001,0.002,0.001333333, ,,
6454,0.002,0.002,0.002,0.002, ,0.001,0,0.001,0.000666667, ,,
6455,0.002,0.002,0.001,0.001666667, ,0,0.001,0.001,0.000666667, ,,
6456,0.002,0.002,0.002,0.002, ,0.001,0.001,0.001,0.001, ,,
6457,0.002,0.001,0.002,0.001666667, ,0,0,0.001,0.000333333, ,,
6458,0.002,0.002,0.002,0.002, ,0,0.001,0.001,0.000666667, ,,
6459,0.002,0.002,0.002,0.002, ,0.001,0,0.001,0.000666667, ,,
6460,0.002,0.002,0.002,0.002, ,0,0.001,0.001,0.000666667, ,,
6461,0.001,0.002,0.001,0.001333333, ,0.001,0,0.001,0.000666667, ,,
6462,0.002,0.002,0.002,0.002, ,0,0.001,0.001,0.000666667, ,,
6463,0.002,0.001,0.002,0.001666667, ,0,0,0.001,0.000333333, ,,
6464,0.002,0.002,0.002,0.002, ,0.001,0.001,0.001,0.001, ,,
6465,0.002,0.002,0.002,0.002, ,0,0,0.001,0.000333333, ,,
6466,0.002,0.005,0.002,0.003, ,0.001,0.001,0,0.000666667, ,,
6467,0.001,0.002,0.002,0.001666667, ,0,0.001,0.001,0.000666667, ,,
6468,0.002,0.002,0.002,0.002, ,0.001,0,0.001,0.000666667, ,,
6469,0.002,0.001,0.002,0.001666667, ,0,0.001,0.003,0.001333333, ,,
6470,0.002,0.002,0.002,0.002, ,0.001,0.001,0.002,0.001333333, ,,
6471,0.002,0.002,0.002,0.002, ,0.001,0.001,0.002,0.001333333, ,,
6472,0.002,0.002,0.002,0.002, ,0.001,0.001,0.001,0.001, ,,
6473,0.002,0.001,0.001,0.001333333, ,0,0,0.002,0.000666667, ,,
6474,0.001,0.002,0.001,0.001333333, ,0.002,0.001,0.001,0.001333333, ,,
6475,0.002,0.002,0.002,0.002, ,0.002,0.001,0.002,0.001666667, ,,
6476,0.002,0.002,0.002,0.002, ,0,0,0.002,0.000666667, ,,
6477,0.002,0.002,0.002,0.002, ,0.001,0.001,0.001,0.001, ,,
6478,0.002,0.001,0.002,0.001666667, ,0.001,0,0.001,0.000666667, ,,
6479,0.001,0.002,0.001,0.001333333, ,0,0.001,0.001,0.000666667, ,,
6480,0.002,0.002,0.002,0.002, ,0.001,0,0.001,0.000666667, ,,
6481,0.002,0.002,0.002,0.002, ,0.001,0.001,0.001,0.001, ,,
6482,0.002,0.002,0.002,0.002, ,0,0,0.002,0.000666667, ,,
6483,0.002,0.001,0.002,0.001666667, ,0.001,0.001,0.001,0.001, ,,
6484,0.001,0.002,0.002,0.001666667, ,0,0,0.001,0.000333333, ,,
6485,0.002,0.002,0.001,0.001666667, ,0.001,0.001,0.001,0.001, ,,
6486,0.002,0.002,0.002,0.002, ,0.001,0.001,0.001,0.001, ,,
6487,0.002,0.002,0.002,0.002, ,0,0,0.002,0.000666667, ,,
6488,0.002,0.001,0.002,0.001666667, ,0.001,0.001,0.001,0.001, ,,
6489,0.001,0.002,0.001,0.001333333, ,0.001,0.001,0.002,0.001333333, ,,
6490,0.002,0.002,0.002,0.002, ,0.001,0,0.002,0.001, ,,
6491,0.002,0.002,0.002,0.002, ,0,0.001,0.002,0.001, ,,
6492,0.002,0.001,0.002,0.001666667, ,0.001,0.001,0.002,0.001333333, ,,
6493,0.002,0.002,0.002,0.002, ,0.001,0,0.001,0.000666667, ,,
6494,0.001,0.002,0.001,0.001333333, ,0,0.001,0.001,0.000666667, ,,
6495,0.002,0.002,0.002,0.002, ,0.001,0.001,0.001,0.001, ,,
6496,0.002,0.002,0.002,0.002, ,0,0,0.002,0.000666667, ,,
6497,0.002,0.001,0.002,0.001666667, ,0.001,0.001,0.001,0.001, ,,
6498,0.002,0.002,0.002,0.002, ,0,0,0.001,0.000333333, ,,
6499,0.002,0.002,0.001,0.001666667, ,0.001,0.001,0.001,0.001, ,,
6500,0.001,0.002,0.002,0.001666667, ,0,0.001,0.003,0.001333333, ,,
6501,0.002,0.001,0.002,0.001666667, ,0.001,0.001,0.003,0.001666667, ,,
6502,0.002,0.002,0.002,0.002, ,0.002,0.001,0.003,0.002, ,,
6503,0.002,0.002,0.002,0.002, ,0.001,0,0.002,0.001, ,,
6504,0.001,0.002,0.001,0.001333333, ,0.001,0.001,0.001,0.001, ,,
6505,0.002,0.002,0.002,0.002, ,0,0.001,0.002,0.001, ,,
6506,0.002,0.001,0.002,0.001666667, ,0.001,0.001,0.001,0.001, ,,
6507,0.002,0.002,0.002,0.002, ,0,0,0.001,0.000333333, ,,
6508,0.004,0.002,0.002,0.002666667, ,0.001,0.001,0.002,0.001333333, ,,
6509,0.002,0.002,0.001,0.001666667, ,0.001,0.001,0.002,0.001333333, ,,
6510,0.002,0.001,0.002,0.001666667, ,0,0,0,0, ,,
6511,0.001,0.002,0.002,0.001666667, ,0,0,0.001,0.000333333, ,,
6512,0.002,0.002,0.002,0.002, ,0.001,0.001,0.002,0.001333333, ,,
6513,0.002,0.002,0.002,0.002, ,0.001,0.001,0.001,0.001, ,,
6514,0.002,0.002,0.001,0.001666667, ,0,0,0.001,0.000333333, ,,
6515,0.002,0.001,0.002,0.001666667, ,0.001,0.001,0.001,0.001, ,,
6516,0.001,0.002,0.002,0.001666667, ,0,0.001,0.001,0.000666667, ,,
6517,0.002,0.002,0.003,0.002333333, ,0.001,0.001,0.002,0.001333333, ,,
6518,0.002,0.002,0.002,0.002, ,0.001,0,0.001,0.000666667, ,,
6519,0.002,0.001,0.002,0.001666667, ,0.001,0.001,0.001,0.001, ,,
6520,0.002,0.002,0.002,0.002, ,0,0.001,0.001,0.000666667, ,,
6521,0.001,0.002,0.002,0.001666667, ,0.001,0,0.001,0.000666667, ,,
6522,0.002,0.002,0.002,0.002, ,0,0.001,0.001,0.000666667, ,,
6523,0.002,0.002,0.002,0.002, ,0.001,0.001,0.001,0.001, ,,
6524,0.002,0.002,0.002,0.002, ,0,0,0.002,0.000666667, ,,
6525,0.001,0.002,0.003,0.002, ,0.001,0.001,0.001,0.001, ,,
6526,0.002,0.001,0.002,0.001666667, ,0,0,0,0, ,,
6527,0.002,0.002,0.002,0.002, ,0.001,0.001,0.001,0.001, ,,
6528,0.002,0.002,0.002,0.002, ,0,0,0.001,0.000333333, ,,
6529,0.002,0.002,0.002,0.002, ,0.001,0.001,0.001,0.001, ,,
6530,0.001,0.002,0.002,0.001666667, ,0,0,0.001,0.000333333, ,,
6531,0.002,0.002,0.002,0.002, ,0.001,0.001,0.001,0.001, ,,
6532,0.002,0.001,0.001,0.001333333, ,0,0.001,0.001,0.000666667, ,,
6533,0.002,0.002,0.002,0.002, ,0.001,0.001,0.002,0.001333333, ,,
6534,0.001,0.002,0.002,0.001666667, ,0.001,0.001,0.002,0.001333333, ,,
6535,0.002,0.002,0.002,0.002, ,0.001,0.001,0.002,0.001333333, ,,
6536,0.002,0.001,0.002,0.001666667, ,0,0,0.001,0.000333333, ,,
6537,0.002,0.003,0.001,0.002, ,0.001,0.001,0.002,0.001333333, ,,
6538,0.002,0.001,0.002,0.001666667, ,0,0.001,0.001,0.000666667, ,,
6539,0.001,0.002,0.002,0.001666667, ,0.001,0,0.001,0.000666667, ,,
6540,0.002,0.002,0.002,0.002, ,0,0.001,0.001,0.000666667, ,,
6541,0.002,0.002,0.002,0.002, ,0.001,0,0.001,0.000666667, ,,
6542,0.002,0.002,0.002,0.002, ,0,0.001,0.001,0.000666667, ,,
6543,0.002,0.001,0.001,0.001333333, ,0.001,0,0,0.000333333, ,,
6544,0.001,0.002,0.002,0.001666667, ,0,0.001,0.002,0.001, ,,
6545,0.002,0.002,0.002,0.002, ,0.001,0.001,0.001,0.001, ,,
6546,0.002,0.002,0.002,0.002, ,0,0,0.001,0.000333333, ,,
6547,0.002,0.002,0.002,0.002, ,0.001,0,0.001,0.000666667, ,,
6548,0.001,0.001,0.001,0.001, ,0,0.001,0.001,0.000666667, ,,
6549,0.002,0.002,0.002,0.002, ,0.001,0.001,0.002,0.001333333, ,,
6550,0.002,0.002,0.002,0.002, ,0,0.001,0.001,0.000666667, ,,
6551,0.002,0.002,0.002,0.002, ,0.001,0,0.001,0.000666667, ,,
6552,0.002,0.002,0.002,0.002, ,0,0.001,0.001,0.000666667, ,,
6553,0.001,0.001,0.002,0.001333333, ,0.001,0.001,0.002,0.001333333, ,,
6554,0.002,0.002,0.001,0.001666667, ,0,0,0,0, ,,
6555,0.002,0.002,0.002,0.002, ,0.001,0.001,0.001,0.001, ,,
6556,0.002,0.002,0.002,0.002, ,0.001,0.001,0.001,0.001, ,,
6557,0.001,0.002,0.002,0.001666667, ,0,0,0.001,0.000333333, ,,
6558,0.003,0.002,0.002,0.002333333, ,0,0.001,0.001,0.000666667, ,,
6559,0.003,0.001,0.002,0.002, ,0.001,0,0.001,0.000666667, ,,
6560,0.001,0.002,0.002,0.001666667, ,0,0.001,0.001,0.000666667, ,,
6561,0.002,0.002,0.001,0.001666667, ,0.001,0,0.001,0.000666667, ,,
6562,0.002,0.002,0.002,0.002, ,0,0.001,0,0.000333333, ,,
6563,0.002,0.002,0.002,0.002, ,0.001,0,0.001,0.000666667, ,,
6564,0.002,0.001,0.002,0.001666667, ,0,0.001,0.001,0.000666667, ,,
6565,0.001,0.002,0.002,0.001666667, ,0.001,0.001,0.002,0.001333333, ,,
6566,0.004,0.002,0.002,0.002666667, ,0.001,0.001,0.002,0.001333333, ,,
6567,0.002,0.005,0.001,0.002666667, ,0.001,0.001,0.001,0.001, ,,
6568,0.001,0.002,0.002,0.001666667, ,0,0.001,0.001,0.000666667, ,,
6569,0.002,0.002,0.002,0.002, ,0.001,0,0.001,0.000666667, ,,
6570,0.002,0.001,0.002,0.001666667, ,0,0.001,0.001,0.000666667, ,,
6571,0.002,0.002,0.001,0.001666667, ,0.001,0,0.001,0.000666667, ,,
6572,0.002,0.002,0.002,0.002, ,0,0.001,0.001,0.000666667, ,,
6573,0.001,0.002,0.002,0.001666667, ,0.001,0.001,0,0.000666667, ,,
6574,0.002,0.002,0.002,0.002, ,0,0,0.001,0.000333333, ,,
6575,0.002,0.001,0.001,0.001333333, ,0,0.001,0.001,0.000666667, ,,
6576,0.002,0.002,0.002,0.002, ,0.001,0,0.001,0.000666667, ,,
6577,0.002,0.002,0.002,0.002, ,0,0.001,0,0.000333333, ,,
6578,0.002,0.002,0.002,0.002, ,0.001,0,0.001,0.000666667, ,,
6579,0.001,0.002,0.001,0.001333333, ,0,0.001,0.001,0.000666667, ,,
6580,0.002,0.001,0.002,0.001666667, ,0.001,0,0.002,0.001, ,,
6581,0.002,0.002,0.002,0.002, ,0,0.001,0.001,0.000666667, ,,
6582,0.002,0.002,0.002,0.002, ,0.001,0.001,0.001,0.001, ,,
6583,0.001,0.002,0.002,0.001666667, ,0,0,0.001,0.000333333, ,,
6584,0.002,0.002,0.001,0.001666667, ,0.001,0.001,0.001,0.001, ,,
6585,0.002,0.001,0.002,0.001666667, ,0,0,0.001,0.000333333, ,,
6586,0.002,0.002,0.002,0.002, ,0,0.001,0.001,0.000666667, ,,
6587,0.002,0.002,0.002,0.002, ,0.001,0,0.001,0.000666667, ,,
6588,0.001,0.002,0.001,0.001333333, ,0,0.001,0.001,0.000666667, ,,
6589,0.002,0.002,0.002,0.002, ,0.001,0,0.001,0.000666667, ,,
6590,0.002,0.002,0.002,0.002, ,0,0.001,0,0.000333333, ,,
6591,0.002,0.001,0.002,0.001666667, ,0,0,0.001,0.000333333, ,,
6592,0.002,0.002,0.001,0.001666667, ,0.001,0.001,0.001,0.001, ,,
6593,0.001,0.002,0.002,0.001666667, ,0,0,0.001,0.000333333, ,,
6594,0.002,0.002,0.002,0.002, ,0.001,0.001,0.001,0.001, ,,
6595,0.002,0.002,0.002,0.002, ,0,0,0.001,0.000333333, ,,
6596,0.002,0.002,0.001,0.001666667, ,0,0.001,0.001,0.000666667, ,,
6597,0.001,0.002,0.002,0.001666667, ,0.001,0.001,0.001,0.001, ,,
6598,0.002,0.002,0.002,0.002, ,0.001,0.001,0.001,0.001, ,,
6599,0.002,0.001,0.002,0.001666667, ,0,0,0.002,0.000666667, ,,
6600,0.002,0.002,0.002,0.002, ,0.001,0.001,0,0.000666667, ,,
6601,0.002,0.002,0.001,0.001666667, ,0,0,0.001,0.000333333, ,,
6602,0.001,0.002,0.002,0.001666667, ,0,0.001,0.001,0.000666667, ,,
6603,0.002,0.002,0.002,0.002, ,0.001,0,0.001,0.000666667, ,,
6604,0.002,0.002,0.002,0.002, ,0,0.001,0,0.000333333, ,,
6605,0.002,0.001,0.001,0.001333333, ,0,0,0.001,0.000333333, ,,
6606,0.002,0.002,0.002,0.002, ,0.001,0,0.001,0.000666667, ,,
6607,0.001,0.002,0.002,0.001666667, ,0,0.001,0,0.000333333, ,,
6608,0.002,0.002,0.002,0.002, ,0,0,0.001,0.000333333, ,,
6609,0.005,0.002,0.002,0.003, ,0.001,0.001,0.001,0.001, ,,
6610,0.002,0.002,0.002,0.002, ,0,0,0,0, ,,
6611,0.001,0.001,0.001,0.001, ,0,0,0.001,0.000333333, ,,
6612,0.002,0.002,0.002,0.002, ,0.001,0.001,0,0.000666667, ,,
6613,0.002,0.002,0.002,0.002, ,0,0,0.001,0.000333333, ,,
6614,0.002,0.002,0.002,0.002, ,0,0,0.001,0.000333333, ,,
6615,0.002,0.002,0.001,0.001666667, ,0.001,0.001,0,0.000666667, ,,
6616,0.001,0.002,0.002,0.001666667, ,0,0,0.001,0.000333333, ,,
6617,0.002,0.001,0.002,0.001666667, ,0,0.001,0.001,0.000666667, ,,
6618,0.002,0.002,0.002,0.002, ,0.001,0,0.001,0.000666667, ,,
6619,0.002,0.002,0.002,0.002, ,0,0.001,0.001,0.000666667, ,,
6620,0.001,0.002,0.002,0.001666667, ,0.001,0,0.001,0.000666667, ,,
6621,0.002,0.002,0.001,0.001666667, ,0,0.001,0,0.000333333, ,,
6622,0.002,0.002,0.002,0.002, ,0,0,0.001,0.000333333, ,,
6623,0.002,0.001,0.002,0.001666667, ,0.001,0,0,0.000333333, ,,
6624,0.002,0.002,0.002,0.002, ,0,0.001,0.001,0.000666667, ,,
6625,0.001,0.002,0.001,0.001333333, ,0,0,0.001,0.000333333, ,,
6626,0.002,0.002,0.005,0.003, ,0.001,0.001,0.001,0.001, ,,
6627,0.002,0.002,0.002,0.002, ,0,0,0.001,0.000333333, ,,
6628,0.002,0.001,0.002,0.001666667, ,0.001,0.001,0.001,0.001, ,,
6629,0.001,0.002,0.002,0.001666667, ,0,0,0.001,0.000333333, ,,
6630,0.002,0.002,0.002,0.002, ,0.001,0.001,0.001,0.001, ,,
6631,0.002,0.002,0.001,0.001666667, ,0,0.001,0.002,0.001, ,,
6632,0.002,0.002,0.002,0.002, ,0.001,0,0.001,0.000666667, ,,
6633,0.002,0.002,0.002,0.002, ,0,0.001,0.001,0.000666667, ,,
6634,0.002,0.002,0.002,0.002, ,0.001,0,0.001,0.000666667, ,,
6635,0.001,0.001,0.002,0.001333333, ,0,0.001,0,0.000333333, ,,
6636,0.002,0.002,0.002,0.002, ,0.001,0.001,0.001,0.001, ,,
6637,0.002,0.002,0.002,0.002, ,0,0,0.001,0.000333333, ,,
6638,0.002,0.002,0.002,0.002, ,0,0.001,0.001,0.000666667, ,,
6639,0.002,0.002,0.002,0.002, ,0.001,0,0,0.000333333, ,,
6640,0.001,0.002,0.001,0.001333333, ,0,0.001,0.002,0.001, ,,
6641,0.002,0.002,0.002,0.002, ,0.001,0,0.001,0.000666667, ,,
6642,0.002,0.001,0.002,0.001666667, ,0,0.001,0,0.000333333, ,,
6643,0.002,0.002,0.002,0.002, ,0,0.001,0.001,0.000666667, ,,
6644,0.001,0.002,0.002,0.001666667, ,0.001,0,0.001,0.000666667, ,,
6645,0.002,0.002,0.001,0.001666667, ,0.001,0.001,0.002,0.001333333, ,,
6646,0.002,0.002,0.002,0.002, ,0,0.001,0.001,0.000666667, ,,
6647,0.002,0.002,0.002,0.002, ,0.001,0.001,0.001,0.001, ,,
6648,0.002,0.002,0.002,0.002, ,0,0,0.001,0.000333333, ,,
6649,0.001,0.001,0.001,0.001, ,0.001,0.001,0.001,0.001, ,,
6650,0.002,0.002,0.002,0.002, ,0.001,0.001,0.001,0.001, ,,
6651,0.002,0.002,0.002,0.002, ,0,0,0.001,0.000333333, ,,
6652,0.002,0.002,0.002,0.002, ,0.001,0.001,0.001,0.001, ,,
6653,0.002,0.002,0.002,0.002, ,0,0.001,0.001,0.000666667, ,,
6654,0.001,0.002,0.002,0.001666667, ,0.001,0,0.001,0.000666667, ,,
6655,0.002,0.001,0.001,0.001333333, ,0,0.001,0.001,0.000666667, ,,
6656,0.002,0.002,0.002,0.002, ,0.001,0,0.001,0.000666667, ,,
6657,0.002,0.002,0.002,0.002, ,0,0.001,0.001,0.000666667, ,,
6658,0.002,0.002,0.002,0.002, ,0.001,0,0.001,0.000666667, ,,
6659,0.001,0.002,0.002,0.001666667, ,0,0.001,0.001,0.000666667, ,,
6660,0.002,0.002,0.002,0.002, ,0.001,0.001,0.001,0.001, ,,
6661,0.002,0.002,0.002,0.002, ,0,0.001,0.001,0.000666667, ,,
6662,0.002,0.001,0.001,0.001333333, ,0.001,0,0.002,0.001, ,,
6663,0.001,0.002,0.002,0.001666667, ,0.001,0.001,0.002,0.001333333, ,,
6664,0.002,0.002,0.002,0.002, ,0.001,0.001,0.001,0.001, ,,
6665,0.002,0.002,0.002,0.002, ,0,0,0,0, ,,
6666,0.002,0.002,0.002,0.002, ,0,0.001,0.001,0.000666667, ,,
6667,0.002,0.001,0.001,0.001333333, ,0.001,0,0.001,0.000666667, ,,
6668,0.001,0.005,0.002,0.002666667, ,0,0.001,0.001,0.000666667, ,,
6669,0.002,0.002,0.002,0.002, ,0.001,0,0.001,0.000666667, ,,
6670,0.002,0.002,0.002,0.002, ,0,0.001,0.001,0.000666667, ,,
6671,0.002,0.002,0.002,0.002, ,0,0,0,0, ,,
6672,0.002,0.001,0.001,0.001333333, ,0.001,0.001,0.001,0.001, ,,
6673,0.001,0.002,0.002,0.001666667, ,0,0.001,0.001,0.000666667, ,,
6674,0.002,0.002,0.002,0.002, ,0.001,0,0.001,0.000666667, ,,
6675,0.002,0.002,0.002,0.002, ,0,0,0.001,0.000333333, ,,
6676,0.002,0.002,0.002,0.002, ,0.001,0.001,0.001,0.001, ,,
6677,0.002,0.001,0.001,0.001333333, ,0,0.001,0.001,0.000666667, ,,
6678,0.002,0.002,0.002,0.002, ,0.001,0,0.001,0.000666667, ,,
6679,0.002,0.002,0.002,0.002, ,0,0.001,0.001,0.000666667, ,,
6680,0.001,0.002,0.002,0.001666667, ,0.001,0,0.001,0.000666667, ,,
6681,0.002,0.002,0.002,0.002, ,0,0.001,0.001,0.000666667, ,,
6682,0.002,0.002,0.002,0.002, ,0.001,0,0.001,0.000666667, ,,
6683,0.002,0.002,0.003,0.002333333, ,0,0.001,0.001,0.000666667, ,,
6684,0.002,0.001,0.002,0.001666667, ,0.001,0.001,0.001,0.001, ,,
6685,0.002,0.002,0.002,0.002, ,0,0,0.001,0.000333333, ,,
6686,0.002,0.002,0.002,0.002, ,0.001,0.001,0.001,0.001, ,,
6687,0.001,0.002,0.001,0.001333333, ,0,0,0,0, ,,
6688,0.002,0.002,0.002,0.002, ,0.001,0.001,0.001,0.001, ,,
6689,0.002,0.001,0.002,0.001666667, ,0,0,0.001,0.000333333, ,,
6690,0.002,0.002,0.002,0.002, ,0,0.001,0.001,0.000666667, ,,
6691,0.001,0.002,0.002,0.001666667, ,0.001,0,0.001,0.000666667, ,,
6692,0.002,0.002,0.001,0.001666667, ,0.001,0.001,0.001,0.001, ,,
6693,0.002,0.001,0.002,0.001666667, ,0,0.001,0.002,0.001, ,,
6694,0.002,0.002,0.002,0.002, ,0.001,0.001,0.002,0.001333333, ,,
6695,0.002,0.002,0.002,0.002, ,0.001,0.001,0.001,0.001, ,,
6696,0.001,0.002,0.002,0.001666667, ,0,0,0.002,0.000666667, ,,
6697,0.002,0.002,0.001,0.001666667, ,0.001,0.001,0.001,0.001, ,,
6698,0.002,0.001,0.002,0.001666667, ,0,0.001,0.001,0.000666667, ,,
6699,0.002,0.002,0.002,0.002, ,0.001,0,0.001,0.000666667, ,,
6700,0.002,0.002,0.002,0.002, ,0,0.001,0.001,0.000666667, ,,
6701,0.001,0.003,0.001,0.001666667, ,0.001,0.001,0.001,0.001, ,,
6702,0.002,0.002,0.002,0.002, ,0,0,0.001,0.000333333, ,,
6703,0.002,0.002,0.002,0.002, ,0.001,0.001,0,0.000666667, ,,
6704,0.002,0.001,0.002,0.001666667, ,0,0,0.002,0.000666667, ,,
6705,0.002,0.002,0.001,0.001666667, ,0.001,0.001,0.001,0.001, ,,
6706,0.001,0.002,0.002,0.001666667, ,0,0,0,0, ,,
6707,0.002,0.002,0.002,0.002, ,0,0.001,0.001,0.000666667, ,,
6708,0.002,0.001,0.002,0.001666667, ,0.001,0.001,0.001,0.001, ,,
6709,0.002,0.002,0.001,0.001666667, ,0.001,0,0.002,0.001, ,,
6710,0.005,0.002,0.002,0.003, ,0,0.001,0.001,0.000666667, ,,
6711,0.001,0.002,0.002,0.001666667, ,0.001,0.001,0.001,0.001, ,,
6712,0.002,0.002,0.002,0.002, ,0,0,0.001,0.000333333, ,,
6713,0.002,0.001,0.001,0.001333333, ,0.001,0.001,0,0.000666667, ,,
6714,0.002,0.002,0.002,0.002, ,0,0,0.001,0.000333333, ,,
6715,0.002,0.002,0.002,0.002, ,0.001,0.001,0.001,0.001, ,,
6716,0.002,0.002,0.002,0.002, ,0,0,0.001,0.000333333, ,,
6717,0.001,0.001,0.002,0.001333333, ,0.001,0.001,0.001,0.001, ,,
6718,0.002,0.002,0.002,0.002, ,0,0,0,0, ,,
6719,0.002,0.002,0.002,0.002, ,0,0.001,0.001,0.000666667, ,,
6720,0.002,0.002,0.001,0.001666667, ,0.001,0,0.001,0.000666667, ,,
6721,0.002,0.001,0.002,0.001666667, ,0,0.001,0,0.000333333, ,,
6722,0.002,0.002,0.002,0.002, ,0,0,0.001,0.000333333, ,,
6723,0.002,0.002,0.002,0.002, ,0.001,0.001,0.001,0.001, ,,
6724,0.001,0.002,0.001,0.001333333, ,0,0,0.001,0.000333333, ,,
6725,0.002,0.002,0.002,0.002, ,0.001,0.001,0.001,0.001, ,,
6726,0.002,0.001,0.002,0.001666667, ,0,0.001,0.002,0.001, ,,
6727,0.002,0.002,0.005,0.003, ,0.001,0,0.001,0.000666667, ,,
6728,0.001,0.002,0.002,0.001666667, ,0.001,0.001,0.001,0.001, ,,
6729,0.002,0.002,0.001,0.001666667, ,0,0,0.001,0.000333333, ,,
6730,0.002,0.001,0.002,0.001666667, ,0,0.001,0,0.000333333, ,,
6731,0.002,0.002,0.002,0.002, ,0.001,0,0.001,0.000666667, ,,
6732,0.002,0.002,0.002,0.002, ,0,0.001,0.001,0.000666667, ,,
6733,0.001,0.002,0.002,0.001666667, ,0.001,0,0.001,0.000666667, ,,
6734,0.002,0.002,0.002,0.002, ,0,0.001,0.001,0.000666667, ,,
6735,0.002,0.001,0.002,0.001666667, ,0,0,0,0, ,,
6736,0.002,0.002,0.001,0.001666667, ,0.001,0,0.001,0.000666667, ,,
6737,0.002,0.002,0.002,0.002, ,0,0.001,0,0.000333333, ,,
6738,0.001,0.002,0.002,0.001666667, ,0,0,0.001,0.000333333, ,,
6739,0.002,0.001,0.002,0.001666667, ,0,0,0,0, ,,
6740,0.002,0.002,0.002,0.002, ,0.001,0.001,0.001,0.001, ,,
6741,0.002,0.002,0.001,0.001666667, ,0,0,0,0, ,,
6742,0.001,0.002,0.002,0.001666667, ,0,0,0.001,0.000333333, ,,
6743,0.002,0.001,0.002,0.001666667, ,0.001,0.001,0,0.000666667, ,,
6744,0.002,0.002,0.002,0.002, ,0,0,0.001,0.000333333, ,,
6745,0.002,0.002,0.002,0.002, ,0,0,0,0, ,,
6746,0.002,0.002,0.001,0.001666667, ,0.001,0.001,0.001,0.001, ,,
6747,0.001,0.002,0.002,0.001666667, ,0,0,0.001,0.000333333, ,,
6748,0.002,0.002,0.002,0.002, ,0,0.001,0.001,0.000666667, ,,
6749,0.002,0.001,0.002,0.001666667, ,0.001,0,0,0.000333333, ,,
6750,0.002,0.002,0.002,0.002, ,0,0.001,0.001,0.000666667, ,,
6751,0.002,0.002,0.001,0.001666667, ,0.001,0,0.001,0.000666667, ,,
6752,0.001,0.002,0.002,0.001666667, ,0,0.001,0.001,0.000666667, ,,
6753,0.002,0.001,0.002,0.001666667, ,0.001,0,0,0.000333333, ,,
6754,0.002,0.002,0.001,0.001666667, ,0,0.001,0.001,0.000666667, ,,
6755,0.002,0.002,0.002,0.002, ,0,0,0.001,0.000333333, ,,
6756,0.001,0.002,0.002,0.001666667, ,0.001,0.001,0,0.000666667, ,,
6757,0.002,0.001,0.002,0.001666667, ,0,0,0.001,0.000333333, ,,
6758,0.002,0.002,0.002,0.002, ,0.001,0.001,0.002,0.001333333, ,,
6759,0.002,0.002,0.001,0.001666667, ,0.001,0.001,0.001,0.001, ,,
6760,0.002,0.002,0.002,0.002, ,0,0,0.001,0.000333333, ,,
6761,0.002,0.002,0.002,0.002, ,0,0.001,0,0.000333333, ,,
6762,0.001,0.001,0.002,0.001333333, ,0.001,0,0.001,0.000666667, ,,
6763,0.002,0.002,0.002,0.002, ,0,0,0.001,0.000333333, ,,
6764,0.002,0.002,0.001,0.001666667, ,0.001,0.001,0,0.000666667, ,,
6765,0.002,0.002,0.002,0.002, ,0,0,0.001,0.000333333, ,,
6766,0.001,0.002,0.002,0.001666667, ,0,0.001,0.001,0.000666667, ,,
6767,0.002,0.001,0.002,0.001666667, ,0.001,0,0,0.000333333, ,,
6768,0.002,0.002,0.001,0.001666667, ,0,0.001,0.001,0.000666667, ,,
6769,0.002,0.005,0.002,0.003, ,0,0,0.001,0.000333333, ,,
6770,0.002,0.002,0.002,0.002, ,0.001,0,0,0.000333333, ,,
6771,0.001,0.001,0.002,0.001333333, ,0,0.001,0.001,0.000666667, ,,
6772,0.002,0.002,0.002,0.002, ,0.001,0.001,0.001,0.001, ,,
6773,0.002,0.002,0.001,0.001666667, ,0,0,0.001,0.000333333, ,,
6774,0.002,0.002,0.002,0.002, ,0.001,0.001,0.001,0.001, ,,
6775,0.001,0.001,0.002,0.001333333, ,0,0,0.001,0.000333333, ,,
6776,0.002,0.002,0.002,0.002, ,0.001,0.001,0.001,0.001, ,,
6777,0.002,0.002,0.001,0.001666667, ,0,0,0.001,0.000333333, ,,
6778,0.002,0.002,0.002,0.002, ,0.001,0.001,0.001,0.001, ,,
6779,0.002,0.002,0.002,0.002, ,0,0,0.001,0.000333333, ,,
6780,0.001,0.002,0.002,0.001666667, ,0.001,0.001,0,0.000666667, ,,
6781,0.002,0.002,0.001,0.001666667, ,0,0,0.001,0.000333333, ,,
6782,0.002,0.002,0.002,0.002, ,0,0.001,0.001,0.000666667, ,,
6783,0.002,0.002,0.002,0.002, ,0.001,0,0,0.000333333, ,,
6784,0.001,0.001,0.002,0.001333333, ,0,0.001,0.001,0.000666667, ,,
6785,0.002,0.002,0.002,0.002, ,0.001,0,0.001,0.000666667, ,,
6786,0.002,0.002,0.001,0.001666667, ,0,0.001,0.001,0.000666667, ,,
6787,0.002,0.002,0.002,0.002, ,0.001,0,0.001,0.000666667, ,,
6788,0.001,0.002,0.002,0.001666667, ,0,0.001,0.001,0.000666667, ,,
6789,0.002,0.001,0.002,0.001666667, ,0.001,0.001,0.001,0.001, ,,
6790,0.002,0.002,0.001,0.001666667, ,0.001,0,0.001,0.000666667, ,,
6791,0.002,0.002,0.002,0.002, ,0,0.001,0.001,0.000666667, ,,
6792,0.002,0.002,0.002,0.002, ,0.001,0.001,0.001,0.001, ,,
6793,0.001,0.002,0.002,0.001666667, ,0,0,0.001,0.000333333, ,,
6794,0.002,0.001,0.002,0.001666667, ,0,0,0,0, ,,
6795,0.002,0.002,0.001,0.001666667, ,0.001,0.001,0.001,0.001, ,,
6796,0.002,0.002,0.002,0.002, ,0,0,0.001,0.000333333, ,,
6797,0.001,0.002,0.002,0.001666667, ,0,0.001,0,0.000333333, ,,
6798,0.002,0.001,0.002,0.001666667, ,0.001,0,0.001,0.000666667, ,,
6799,0.002,0.002,0.002,0.002, ,0,0,0,0, ,,
6800,0.002,0.002,0.002,0.002, ,0.001,0.001,0.001,0.001, ,,
6801,0.002,0.002,0.001,0.001666667, ,0,0.001,0.001,0.000666667, ,,
6802,0.001,0.002,0.003,0.002, ,0,0,0.001,0.000333333, ,,
6803,0.002,0.001,0.003,0.002, ,0.001,0,0,0.000333333, ,,
6804,0.002,0.002,0.003,0.002333333, ,0,0.001,0.001,0.000666667, ,,
6805,0.002,0.002,0.003,0.002333333, ,0.001,0,0.001,0.000666667, ,,
6806,0.002,0.002,0.002,0.002, ,0,0.001,0.001,0.000666667, ,,
6807,0.001,0.002,0.003,0.002, ,0,0,0.001,0.000333333, ,,
6808,0.002,0.001,0.002,0.001666667, ,0.001,0.001,0.001,0.001, ,,
6809,0.002,0.002,0.003,0.002333333, ,0,0.001,0.001,0.000666667, ,,
6810,0.002,0.002,0.002,0.002, ,0.001,0,0.001,0.000666667, ,,
6811,0.004,0.002,0.002,0.002666667, ,0,0.001,0.001,0.000666667, ,,
6812,0.002,0.002,0.002,0.002, ,0.001,0,0.001,0.000666667, ,,
6813,0.002,0.001,0.002,0.001666667, ,0,0.001,0.001,0.000666667, ,,
6814,0.002,0.002,0.002,0.002, ,0.001,0,0,0.000333333, ,,
6815,0.001,0.002,0.002,0.001666667, ,0,0.001,0.001,0.000666667, ,,
6816,0.002,0.002,0.002,0.002, ,0.001,0,0.001,0.000666667, ,,
6817,0.002,0.002,0.002,0.002, ,0,0.001,0.001,0.000666667, ,,
6818,0.002,0.002,0.002,0.002, ,0.001,0,0.001,0.000666667, ,,
6819,0.002,0.001,0.001,0.001333333, ,0,0.001,0,0.000333333, ,,
6820,0.001,0.002,0.002,0.001666667, ,0.001,0,0.001,0.000666667, ,,
6821,0.002,0.002,0.002,0.002, ,0,0.001,0.001,0.000666667, ,,
6822,0.002,0.002,0.002,0.002, ,0.001,0.001,0.002,0.001333333, ,,
6823,0.002,0.002,0.002,0.002, ,0.001,0.001,0.001,0.001, ,,
6824,0.002,0.001,0.002,0.001666667, ,0,0,0.001,0.000333333, ,,
6825,0.002,0.002,0.002,0.002, ,0.001,0.001,0.002,0.001333333, ,,
6826,0.001,0.002,0.002,0.001666667, ,0,0,0.001,0.000333333, ,,
6827,0.002,0.002,0.002,0.002, ,0,0.001,0,0.000333333, ,,
6828,0.002,0.002,0.004,0.002666667, ,0.001,0,0.001,0.000666667, ,,
6829,0.002,0.001,0.002,0.001666667, ,0,0.001,0.001,0.000666667, ,,
6830,0.002,0.002,0.002,0.002, ,0.001,0,0.001,0.000666667, ,,
6831,0.001,0.002,0.002,0.001666667, ,0,0.001,0,0.000333333, ,,
6832,0.002,0.002,0.002,0.002, ,0.001,0,0.002,0.001, ,,
6833,0.002,0.002,0.002,0.002, ,0,0.001,0,0.000333333, ,,
6834,0.002,0.001,0.002,0.001666667, ,0,0,0.001,0.000333333, ,,
6835,0.002,0.002,0.001,0.001666667, ,0.001,0.001,0.001,0.001, ,,
6836,0.002,0.002,0.002,0.002, ,0,0,0.001,0.000333333, ,,
6837,0.002,0.002,0.002,0.002, ,0.001,0.001,0.001,0.001, ,,
6838,0.002,0.002,0.002,0.002, ,0,0.001,0.001,0.000666667, ,,
6839,0.001,0.002,0.002,0.001666667, ,0.001,0,0.001,0.000666667, ,,
6840,0.002,0.001,0.002,0.001666667, ,0,0.001,0.001,0.000666667, ,,
6841,0.002,0.002,0.002,0.002, ,0.001,0.001,0.001,0.001, ,,
6842,0.002,0.002,0.002,0.002, ,0,0,0.001,0.000333333, ,,
6843,0.002,0.002,0.001,0.001666667, ,0.001,0.001,0.001,0.001, ,,
6844,0.002,0.002,0.002,0.002, ,0,0,0.001,0.000333333, ,,
6845,0.001,0.002,0.002,0.001666667, ,0.001,0.001,0.001,0.001, ,,
6846,0.002,0.001,0.002,0.001666667, ,0,0,0,0, ,,
6847,0.002,0.002,0.002,0.002, ,0,0.001,0.001,0.000666667, ,,
6848,0.002,0.002,0.002,0.002, ,0.001,0,0.001,0.000666667, ,,
6849,0.002,0.002,0.002,0.002, ,0,0.001,0.001,0.000666667, ,,
6850,0.002,0.002,0.002,0.002, ,0.001,0,0,0.000333333, ,,
6851,0.001,0.002,0.002,0.001666667, ,0,0.001,0.001,0.000666667, ,,
6852,0.002,0.001,0.002,0.001666667, ,0.001,0,0.001,0.000666667, ,,
6853,0.002,0.002,0.002,0.002, ,0,0.001,0.001,0.000666667, ,,
6854,0.002,0.002,0.002,0.002, ,0.001,0.001,0.002,0.001333333, ,,
6855,0.002,0.002,0.002,0.002, ,0,0,0.001,0.000333333, ,,
6856,0.002,0.002,0.002,0.002, ,0.001,0.001,0,0.000666667, ,,
6857,0.002,0.002,0.002,0.002, ,0,0,0.001,0.000333333, ,,
6858,0.002,0.002,0.002,0.002, ,0,0.001,0,0.000333333, ,,
6859,0.002,0.001,0.001,0.001333333, ,0,0,0.001,0.000333333, ,,
6860,0.001,0.002,0.002,0.001666667, ,0.001,0,0.001,0.000666667, ,,
6861,0.002,0.002,0.002,0.002, ,0,0.001,0,0.000333333, ,,
6862,0.002,0.002,0.002,0.002, ,0,0,0,0, ,,
6863,0.002,0.002,0.002,0.002, ,0.001,0,0.001,0.000666667, ,,
6864,0.002,0.001,0.002,0.001666667, ,0,0.001,0.001,0.000666667, ,,
6865,0.002,0.002,0.002,0.002, ,0,0,0,0, ,,
6866,0.001,0.002,0.002,0.001666667, ,0.001,0.001,0.001,0.001, ,,
6867,0.002,0.002,0.002,0.002, ,0,0,0,0, ,,
6868,0.002,0.002,0.001,0.001666667, ,0,0,0,0, ,,
6869,0.002,0.002,0.002,0.002, ,0.001,0.001,0.001,0.001, ,,
6870,0.002,0.004,0.002,0.002666667, ,0,0,0,0, ,,
6871,0.002,0.002,0.002,0.002, ,0,0.001,0.001,0.000666667, ,,
6872,0.001,0.002,0.002,0.001666667, ,0,0,0,0, ,,
6873,0.002,0.002,0.002,0.002, ,0.001,0,0.001,0.000666667, ,,
6874,0.002,0.002,0.002,0.002, ,0,0.001,0.001,0.000666667, ,,
6875,0.002,0.001,0.002,0.001666667, ,0.001,0.001,0.001,0.001, ,,
6876,0.002,0.002,0.002,0.002, ,0,0,0,0, ,,
6877,0.001,0.002,0.001,0.001333333, ,0,0.001,0.001,0.000666667, ,,
6878,0.002,0.002,0.002,0.002, ,0.001,0,0,0.000333333, ,,
6879,0.002,0.002,0.002,0.002, ,0,0.001,0.001,0.000666667, ,,
6880,0.002,0.001,0.002,0.001666667, ,0.001,0,0.001,0.000666667, ,,
6881,0.002,0.002,0.002,0.002, ,0,0.001,0.001,0.000666667, ,,
6882,0.001,0.002,0.002,0.001666667, ,0,0,0,0, ,,
6883,0.002,0.002,0.002,0.002, ,0.001,0.001,0.001,0.001, ,,
6884,0.002,0.002,0.001,0.001666667, ,0,0,0.001,0.000333333, ,,
6885,0.002,0.001,0.002,0.001666667, ,0.001,0.001,0.001,0.001, ,,
6886,0.002,0.002,0.002,0.002, ,0,0.001,0.001,0.000666667, ,,
6887,0.001,0.002,0.002,0.001666667, ,0.001,0,0.002,0.001, ,,
6888,0.002,0.002,0.002,0.002, ,0.001,0.001,0,0.000666667, ,,
6889,0.002,0.001,0.002,0.001666667, ,0,0.001,0.001,0.000666667, ,,
6890,0.002,0.002,0.002,0.002, ,0,0,0.001,0.000333333, ,,
6891,0.002,0.002,0.001,0.001666667, ,0.001,0,0,0.000333333, ,,
6892,0.002,0.002,0.002,0.002, ,0,0.001,0.001,0.000666667, ,,
6893,0.001,0.002,0.002,0.001666667, ,0,0.001,0.001,0.000666667, ,,
6894,0.002,0.001,0.002,0.001666667, ,0.001,0,0,0.000333333, ,,
6895,0.002,0.002,0.002,0.002, ,0,0,0.001,0.000333333, ,,
6896,0.002,0.002,0.002,0.002, ,0.001,0.001,0.001,0.001, ,,
6897,0.002,0.002,0.001,0.001666667, ,0,0,0.001,0.000333333, ,,
6898,0.002,0.002,0.001,0.001666667, ,0.001,0.001,0.001,0.001, ,,
6899,0.001,0.002,0.002,0.001666667, ,0,0.001,0,0.000333333, ,,
6900,0.002,0.001,0.001,0.001333333, ,0,0,0.001,0.000333333, ,,
6901,0.002,0.002,0.002,0.002, ,0.001,0.001,0.001,0.001, ,,
6902,0.002,0.002,0.001,0.001666667, ,0.001,0.001,0.002,0.001333333, ,,
6903,0.002,0.002,0.002,0.002, ,0,0,0.001,0.000333333, ,,
6904,0.001,0.002,0.002,0.001666667, ,0.001,0.001,0,0.000666667, ,,
6905,0.002,0.001,0.001,0.001333333, ,0,0,0.001,0.000333333, ,,
6906,0.002,0.002,0.002,0.002, ,0.001,0.001,0.001,0.001, ,,
6907,0.002,0.002,0.002,0.002, ,0,0.001,0.001,0.000666667, ,,
6908,0.002,0.002,0.002,0.002, ,0.001,0,0.001,0.000666667, ,,
6909,0.001,0.002,0.001,0.001333333, ,0,0.001,0.001,0.000666667, ,,
6910,0.002,0.002,0.002,0.002, ,0,0,0,0, ,,
6911,0.002,0.001,0.002,0.001666667, ,0.001,0.001,0.001,0.001, ,,
6912,0.005,0.002,0.002,0.003, ,0,0,0.001,0.000333333, ,,
6913,0.002,0.002,0.002,0.002, ,0.001,0.001,0.001,0.001, ,,
6914,0.002,0.002,0.002,0.002, ,0,0,0,0, ,,
6915,0.002,0.002,0.002,0.002, ,0.001,0.001,0.001,0.001, ,,
6916,0.001,0.002,0.001,0.001333333, ,0,0,0.001,0.000333333, ,,
6917,0.002,0.001,0.002,0.001666667, ,0.001,0.001,0.001,0.001, ,,
6918,0.002,0.002,0.002,0.002, ,0.001,0.001,0.001,0.001, ,,
6919,0.002,0.002,0.002,0.002, ,0,0.001,0.002,0.001, ,,
6920,0.002,0.002,0.002,0.002, ,0.001,0.001,0.001,0.001, ,,
6921,0.002,0.001,0.001,0.001333333, ,0,0,0,0, ,,
6922,0.002,0.002,0.002,0.002, ,0.001,0.001,0.001,0.001, ,,
6923,0.002,0.002,0.002,0.002, ,0,0,0.001,0.000333333, ,,
6924,0.002,0.002,0.002,0.002, ,0.001,0.001,0,0.000666667, ,,
6925,0.002,0.003,0.002,0.002333333, ,0,0,0.001,0.000333333, ,,
6926,0.003,0.002,0.001,0.002, ,0,0,0.001,0.000333333, ,,
6927,0.002,0.001,0.002,0.001666667, ,0.001,0.001,0,0.000666667, ,,
6928,0.002,0.002,0.002,0.002, ,0,0,0.001,0.000333333, ,,
6929,0.002,0.002,0.005,0.003, ,0.001,0.001,0.001,0.001, ,,
6930,0.002,0.002,0.002,0.002, ,0,0.001,0,0.000333333, ,,
6931,0.002,0.002,0.002,0.002, ,0,0,0.001,0.000333333, ,,
6932,0.002,0.002,0.002,0.002, ,0.001,0.001,0.001,0.001, ,,
6933,0.002,0.001,0.001,0.001333333, ,0,0,0,0, ,,
6934,0.002,0.002,0.002,0.002, ,0.001,0.001,0.001,0.001, ,,
6935,0.002,0.002,0.002,0.002, ,0,0.001,0.001,0.000666667, ,,
6936,0.002,0.002,0.002,0.002, ,0.001,0,0.001,0.000666667, ,,
6937,0.002,0.001,0.002,0.001666667, ,0,0.001,0,0.000333333, ,,
6938,0.002,0.002,0.002,0.002, ,0,0,0.001,0.000333333, ,,
6939,0.002,0.002,0.002,0.002, ,0.001,0.001,0.001,0.001, ,,
6940,0.002,0.002,0.002,0.002, ,0,0.001,0.001,0.000666667, ,,
6941,0.002,0.002,0.001,0.001666667, ,0.001,0,0.001,0.000666667, ,,
6942,0.002,0.002,0.002,0.002, ,0,0,0.001,0.000333333, ,,
6943,0.001,0.001,0.002,0.001333333, ,0.001,0.001,0,0.000666667, ,,
6944,0.002,0.002,0.002,0.002, ,0,0,0.001,0.000333333, ,,
6945,0.002,0.002,0.002,0.002, ,0.001,0.001,0.001,0.001, ,,
6946,0.002,0.002,0.002,0.002, ,0,0,0.001,0.000333333, ,,
6947,0.002,0.002,0.002,0.002, ,0.001,0.001,0,0.000666667, ,,
6948,0.002,0.002,0.002,0.002, ,0,0,0.001,0.000333333, ,,
6949,0.001,0.001,0.001,0.001, ,0.001,0.001,0.002,0.001333333, ,,
6950,0.002,0.002,0.002,0.002, ,0,0.001,0.001,0.000666667, ,,
6951,0.002,0.002,0.002,0.002, ,0.001,0.001,0.002,0.001333333, ,,
6952,0.002,0.002,0.002,0.002, ,0.001,0.001,0.001,0.001, ,,
6953,0.002,0.002,0.002,0.002, ,0,0,0.001,0.000333333, ,,
6954,0.002,0.002,0.002,0.002, ,0.001,0.001,0,0.000666667, ,,
6955,0.001,0.001,0.002,0.001333333, ,0,0,0.001,0.000333333, ,,
6956,0.002,0.002,0.002,0.002, ,0.001,0.001,0.001,0.001, ,,
6957,0.002,0.003,0.001,0.002, ,0,0,0.001,0.000333333, ,,
6958,0.002,0.002,0.002,0.002, ,0,0.001,0.001,0.000666667, ,,
6959,0.002,0.003,0.002,0.002333333, ,0.001,0,0,0.000333333, ,,
6960,0.002,0.002,0.002,0.002, ,0,0.001,0.001,0.000666667, ,,
6961,0.001,0.002,0.002,0.001666667, ,0.001,0,0.001,0.000666667, ,,
6962,0.002,0.002,0.002,0.002, ,0,0.001,0,0.000333333, ,,
6963,0.002,0.001,0.002,0.001666667, ,0,0,0.001,0.000333333, ,,
6964,0.002,0.002,0.001,0.001666667, ,0.001,0.001,0.001,0.001, ,,
6965,0.001,0.003,0.002,0.002, ,0,0.001,0.001,0.000666667, ,,
6966,0.002,0.002,0.002,0.002, ,0.001,0,0.001,0.000666667, ,,
6967,0.002,0.002,0.002,0.002, ,0,0.001,0.001,0.000666667, ,,
6968,0.002,0.002,0.002,0.002, ,0.001,0,0,0.000333333, ,,
6969,0.002,0.001,0.002,0.001666667, ,0,0.001,0.001,0.000666667, ,,
6970,0.002,0.002,0.001,0.001666667, ,0.001,0,0.001,0.000666667, ,,
6971,0.001,0.005,0.002,0.002666667, ,0,0.001,0,0.000333333, ,,
6972,0.002,0.002,0.002,0.002, ,0.001,0,0.001,0.000666667, ,,
6973,0.002,0.002,0.002,0.002, ,0,0.001,0.001,0.000666667, ,,
6974,0.002,0.002,0.002,0.002, ,0,0,0,0, ,,
6975,0.002,0.002,0.002,0.002, ,0.001,0.001,0.001,0.001, ,,
6976,0.002,0.002,0.002,0.002, ,0,0,0,0, ,,
6977,0.002,0.002,0.002,0.002, ,0,0,0.001,0.000333333, ,,
6978,0.002,0.002,0.001,0.001666667, ,0.001,0.001,0.001,0.001, ,,
6979,0.001,0.001,0.003,0.001666667, ,0,0,0,0, ,,
6980,0.002,0.003,0.001,0.002, ,0,0.001,0.001,0.000666667, ,,
6981,0.002,0.002,0.002,0.002, ,0.001,0.001,0.001,0.001, ,,
6982,0.002,0.002,0.002,0.002, ,0.001,0,0.001,0.000666667, ,,
6983,0.002,0.001,0.002,0.001666667, ,0,0.001,0.002,0.001, ,,
6984,0.002,0.002,0.002,0.002, ,0.001,0,0,0.000333333, ,,
6985,0.002,0.002,0.002,0.002, ,0,0.001,0.001,0.000666667, ,,
6986,0.001,0.002,0.002,0.001666667, ,0,0,0.001,0.000333333, ,,
6987,0.002,0.002,0.001,0.001666667, ,0.001,0.001,0,0.000666667, ,,
6988,0.002,0.002,0.002,0.002, ,0,0,0.001,0.000333333, ,,
6989,0.002,0.002,0.002,0.002, ,0.001,0.001,0.001,0.001, ,,
6990,0.002,0.002,0.002,0.002, ,0,0,0,0, ,,
6991,0.001,0.001,0.002,0.001333333, ,0,0.001,0.001,0.000666667, ,,
6992,0.002,0.002,0.002,0.002, ,0.001,0,0,0.000333333, ,,
6993,0.002,0.002,0.001,0.001666667, ,0,0,0.001,0.000333333, ,,
6994,0.002,0.002,0.002,0.002, ,0,0.001,0,0.000333333, ,,
6995,0.002,0.002,0.002,0.002, ,0.001,0,0.001,0.000666667, ,,
6996,0.002,0.002,0.002,0.002, ,0,0,0,0, ,,
6997,0.001,0.002,0.002,0.001666667, ,0,0.001,0.001,0.000666667, ,,
6998,0.002,0.002,0.002,0.002, ,0.001,0,0.001,0.000666667, ,,
6999,0.002,0.002,0.002,0.002, ,0,0.001,0.001,0.000666667, ,,
7000,0.002,0.002,0.002,0.002, ,0,0,0.001,0.000333333, ,,
7001,0.002,0.002,0.001,0.001666667, ,0.001,0,0,0.000333333, ,,
7002,0.001,0.001,0.002,0.001333333, ,0,0.001,0.002,0.001, ,,
7003,0.002,0.002,0.002,0.002, ,0.001,0,0.001,0.000666667, ,,
7004,0.002,0.002,0.002,0.002, ,0,0.001,0.001,0.000666667, ,,
7005,0.002,0.002,0.002,0.002, ,0,0,0.001,0.000333333, ,,
7006,0.002,0.002,0.002,0.002, ,0.001,0.001,0,0.000666667, ,,
7007,0.002,0.002,0.002,0.002, ,0,0,0.001,0.000333333, ,,
7008,0.001,0.002,0.001,0.001333333, ,0.001,0.001,0.001,0.001, ,,
7009,0.002,0.002,0.002,0.002, ,0,0,0.001,0.000333333, ,,
7010,0.002,0.002,0.002,0.002, ,0.001,0.001,0,0.000666667, ,,
7011,0.002,0.002,0.002,0.002, ,0,0,0.001,0.000333333, ,,
7012,0.002,0.002,0.002,0.002, ,0.001,0.001,0.001,0.001, ,,
7013,0.004,0.002,0.002,0.002666667, ,0,0.001,0.001,0.000666667, ,,
7014,0.002,0.002,0.001,0.001666667, ,0.001,0,0.002,0.001, ,,
7015,0.002,0.002,0.002,0.002, ,0.001,0.001,0.001,0.001, ,,
7016,0.002,0.002,0.002,0.002, ,0,0.001,0.001,0.000666667, ,,
7017,0.002,0.002,0.002,0.002, ,0.001,0.001,0.001,0.001, ,,
7018,0.002,0.002,0.002,0.002, ,0,0,0.001,0.000333333, ,,
7019,0.001,0.001,0.001,0.001, ,0,0.001,0.001,0.000666667, ,,
7020,0.002,0.002,0.002,0.002, ,0.001,0,0.001,0.000666667, ,,
7021,0.002,0.002,0.002,0.002, ,0,0.001,0.001,0.000666667, ,,
7022,0.002,0.002,0.002,0.002, ,0.001,0,0,0.000333333, ,,
7023,0.002,0.002,0.002,0.002, ,0,0.001,0.001,0.000666667, ,,
7024,0.002,0.002,0.002,0.002, ,0.001,0,0.001,0.000666667, ,,
7025,0.001,0.002,0.001,0.001333333, ,0,0.001,0.001,0.000666667, ,,
7026,0.002,0.002,0.002,0.002, ,0.001,0,0,0.000333333, ,,
7027,0.002,0.002,0.002,0.002, ,0,0.001,0.001,0.000666667, ,,
7028,0.002,0.002,0.002,0.002, ,0.001,0.001,0.001,0.001, ,,
7029,0.002,0.001,0.002,0.001666667, ,0,0,0.001,0.000333333, ,,
7030,0.001,0.002,0.004,0.002333333, ,0.001,0.001,0.001,0.001, ,,
7031,0.002,0.002,0.002,0.002, ,0,0,0.001,0.000333333, ,,
7032,0.002,0.002,0.002,0.002, ,0.001,0.001,0.001,0.001, ,,
7033,0.002,0.002,0.002,0.002, ,0,0.001,0.001,0.000666667, ,,
7034,0.002,0.002,0.002,0.002, ,0.001,0,0,0.000333333, ,,
7035,0.002,0.002,0.001,0.001666667, ,0,0.001,0.002,0.001, ,,
7036,0.001,0.002,0.002,0.001666667, ,0.001,0,0.001,0.000666667, ,,
7037,0.002,0.002,0.002,0.002, ,0,0.001,0,0.000333333, ,,
7038,0.002,0.002,0.002,0.002, ,0,0,0.001,0.000333333, ,,
7039,0.002,0.002,0.002,0.002, ,0.001,0.001,0,0.000666667, ,,
7040,0.002,0.001,0.002,0.001666667, ,0,0,0.001,0.000333333, ,,
7041,0.002,0.002,0.001,0.001666667, ,0.001,0.001,0.001,0.001, ,,
7042,0.002,0.002,0.002,0.002, ,0,0,0.001,0.000333333, ,,
7043,0.001,0.002,0.002,0.001666667, ,0.001,0.001,0,0.000666667, ,,
7044,0.002,0.002,0.002,0.002, ,0,0,0.001,0.000333333, ,,
7045,0.002,0.002,0.002,0.002, ,0.001,0.001,0.002,0.001333333, ,,
7046,0.002,0.002,0.002,0.002, ,0,0.001,0.001,0.000666667, ,,
7047,0.002,0.002,0.001,0.001666667, ,0.001,0.001,0.001,0.001, ,,
7048,0.001,0.002,0.002,0.001666667, ,0.001,0.001,0.001,0.001, ,,
7049,0.002,0.002,0.002,0.002, ,0,0,0.001,0.000333333, ,,
7050,0.002,0.002,0.002,0.002, ,0,0.001,0,0.000333333, ,,
7051,0.002,0.002,0.002,0.002, ,0.001,0,0.001,0.000666667, ,,
7052,0.002,0.001,0.001,0.001333333, ,0,0.001,0.001,0.000666667, ,,
7053,0.001,0.002,0.002,0.001666667, ,0.001,0,0.001,0.000666667, ,,
7054,0.002,0.002,0.002,0.002, ,0,0,0,0, ,,
7055,0.002,0.002,0.002,0.002, ,0,0.001,0.001,0.000666667, ,,
7056,0.002,0.002,0.001,0.001666667, ,0.001,0.001,0.001,0.001, ,,
7057,0.002,0.001,0.002,0.001666667, ,0,0,0.001,0.000333333, ,,
7058,0.001,0.002,0.002,0.001666667, ,0.001,0,0,0.000333333, ,,
7059,0.002,0.002,0.002,0.002, ,0,0.001,0.001,0.000666667, ,,
7060,0.002,0.002,0.002,0.002, ,0,0.001,0.001,0.000666667, ,,
7061,0.002,0.002,0.001,0.001666667, ,0.001,0,0.001,0.000666667, ,,
7062,0.002,0.002,0.003,0.002333333, ,0,0.001,0,0.000333333, ,,
7063,0.001,0.002,0.001,0.001333333, ,0.001,0.001,0.001,0.001, ,,
7064,0.002,0.002,0.002,0.002, ,0.001,0,0.001,0.000666667, ,,
7065,0.002,0.002,0.002,0.002, ,0,0.001,0.001,0.000666667, ,,
7066,0.002,0.001,0.002,0.001666667, ,0.001,0.001,0.001,0.001, ,,
7067,0.002,0.002,0.002,0.002, ,0,0,0.001,0.000333333, ,,
7068,0.002,0.002,0.001,0.001666667, ,0.001,0.001,0.001,0.001, ,,
7069,0.001,0.002,0.002,0.001666667, ,0,0,0.001,0.000333333, ,,
7070,0.002,0.002,0.002,0.002, ,0,0.001,0.001,0.000666667, ,,
7071,0.002,0.002,0.002,0.002, ,0.001,0,0,0.000333333, ,,
7072,0.002,0.005,0.002,0.003, ,0,0.001,0.001,0.000666667, ,,
7073,0.002,0.002,0.001,0.001666667, ,0.001,0.001,0.001,0.001, ,,
7074,0.001,0.002,0.002,0.001666667, ,0,0,0.001,0.000333333, ,,
7075,0.002,0.002,0.002,0.002, ,0.001,0.001,0,0.000666667, ,,
7076,0.002,0.001,0.002,0.001666667, ,0,0,0.001,0.000333333, ,,
7077,0.002,0.002,0.002,0.002, ,0.001,0.001,0.002,0.001333333, ,,
7078,0.002,0.002,0.001,0.001666667, ,0,0.001,0.001,0.000666667, ,,
7079,0.002,0.002,0.002,0.002, ,0.001,0.001,0.001,0.001, ,,
7080,0.001,0.002,0.002,0.001666667, ,0.001,0.001,0.001,0.001, ,,
7081,0.002,0.002,0.002,0.002, ,0,0,0.001,0.000333333, ,,
7082,0.002,0.001,0.002,0.001666667, ,0.001,0.001,0.001,0.001, ,,
7083,0.002,0.002,0.002,0.002, ,0,0,0,0, ,,
7084,0.002,0.002,0.002,0.002, ,0.001,0.001,0.001,0.001, ,,
7085,0.002,0.002,0.001,0.001666667, ,0,0,0.001,0.000333333, ,,
7086,0.002,0.002,0.002,0.002, ,0,0.001,0,0.000333333, ,,
7087,0.001,0.001,0.002,0.001333333, ,0.001,0,0.001,0.000666667, ,,
7088,0.002,0.002,0.002,0.002, ,0,0.001,0.001,0.000666667, ,,
7089,0.002,0.002,0.002,0.002, ,0.001,0.001,0.001,0.001, ,,
7090,0.002,0.002,0.001,0.001666667, ,0,0,0.001,0.000333333, ,,
7091,0.002,0.002,0.002,0.002, ,0.001,0.001,0,0.000666667, ,,
7092,0.001,0.002,0.002,0.001666667, ,0,0.001,0.001,0.000666667, ,,
7093,0.002,0.001,0.002,0.001666667, ,0.001,0,0.001,0.000666667, ,,
7094,0.002,0.002,0.001,0.001666667, ,0,0.001,0.001,0.000666667, ,,
7095,0.002,0.002,0.002,0.002, ,0.001,0,0.001,0.000666667, ,,
7096,0.002,0.002,0.002,0.002, ,0,0.001,0,0.000333333, ,,
7097,0.002,0.002,0.002,0.002, ,0.001,0.001,0.001,0.001, ,,
7098,0.002,0.001,0.002,0.001666667, ,0,0,0.001,0.000333333, ,,
7099,0.001,0.002,0.001,0.001333333, ,0.001,0.001,0.001,0.001, ,,
7100,0.002,0.002,0.002,0.002, ,0,0,0,0, ,,
7101,0.002,0.002,0.002,0.002, ,0,0.001,0.001,0.000666667, ,,
7102,0.002,0.002,0.002,0.002, ,0,0,0,0, ,,
7103,0.002,0.002,0.001,0.001666667, ,0.001,0.001,0.001,0.001, ,,
7104,0.002,0.001,0.002,0.001666667, ,0,0,0,0, ,,
7105,0.001,0.002,0.002,0.001666667, ,0.001,0.001,0.001,0.001, ,,
7106,0.002,0.002,0.002,0.002, ,0,0,0.001,0.000333333, ,,
7107,0.002,0.002,0.002,0.002, ,0,0.001,0,0.000333333, ,,
7108,0.002,0.002,0.002,0.002, ,0.001,0,0.001,0.000666667, ,,
7109,0.002,0.002,0.001,0.001666667, ,0,0.001,0.001,0.000666667, ,,
7110,0.002,0.001,0.002,0.001666667, ,0.001,0,0.001,0.000666667, ,,
7111,0.002,0.002,0.002,0.002, ,0,0.001,0.001,0.000666667, ,,
7112,0.002,0.002,0.002,0.002, ,0.001,0.001,0,0.000666667, ,,
7113,0.002,0.002,0.002,0.002, ,0,0,0.001,0.000333333, ,,
7114,0.004,0.002,0.001,0.002333333, ,0,0,0,0, ,,
7115,0.002,0.001,0.002,0.001666667, ,0.001,0.001,0.001,0.001, ,,
7116,0.002,0.002,0.002,0.002, ,0,0,0,0, ,,
7117,0.002,0.002,0.002,0.002, ,0,0.001,0.001,0.000666667, ,,
7118,0.002,0.002,0.002,0.002, ,0,0,0,0, ,,
7119,0.001,0.002,0.001,0.001333333, ,0.001,0,0.001,0.000666667, ,,
7120,0.002,0.002,0.002,0.002, ,0,0.001,0,0.000333333, ,,
7121,0.002,0.001,0.002,0.001666667, ,0,0,0.001,0.000333333, ,,
7122,0.002,0.002,0.002,0.002, ,0.001,0,0,0.000333333, ,,
7123,0.002,0.002,0.002,0.002, ,0,0.001,0,0.000333333, ,,
7124,0.002,0.002,0.002,0.002, ,0,0,0.001,0.000333333, ,,
7125,0.002,0.002,0.001,0.001666667, ,0,0,0,0, ,,
7126,0.001,0.001,0.002,0.001333333, ,0.001,0.001,0,0.000666667, ,,
7127,0.002,0.002,0.002,0.002, ,0,0,0.001,0.000333333, ,,
7128,0.002,0.002,0.002,0.002, ,0,0,0,0, ,,
7129,0.002,0.002,0.002,0.002, ,0.001,0.001,0.001,0.001, ,,
7130,0.002,0.001,0.001,0.001333333, ,0,0.001,0,0.000333333, ,,
7131,0.001,0.002,0.005,0.002666667, ,0.001,0,0.001,0.000666667, ,,
7132,0.002,0.002,0.002,0.002, ,0,0.001,0.001,0.000666667, ,,
7133,0.002,0.002,0.002,0.002, ,0,0,0,0, ,,
7134,0.002,0.002,0.002,0.002, ,0.001,0,0,0.000333333, ,,
7135,0.002,0.002,0.002,0.002, ,0,0.001,0.001,0.000666667, ,,
7136,0.002,0.002,0.001,0.001666667, ,0.001,0,0.001,0.000666667, ,,
7137,0.002,0.002,0.002,0.002, ,0,0,0,0, ,,
7138,0.001,0.001,0.002,0.001333333, ,0,0.001,0.001,0.000666667, ,,
7139,0.002,0.002,0.002,0.002, ,0.001,0,0,0.000333333, ,,
7140,0.002,0.002,0.002,0.002, ,0,0.001,0.001,0.000666667, ,,
7141,0.002,0.002,0.001,0.001666667, ,0.001,0,0.001,0.000666667, ,,
7142,0.001,0.002,0.002,0.001666667, ,0,0.001,0,0.000333333, ,,
7143,0.002,0.002,0.002,0.002, ,0.001,0,0.001,0.000666667, ,,
7144,0.002,0.001,0.002,0.001666667, ,0,0.001,0.001,0.000666667, ,,
7145,0.002,0.002,0.002,0.002, ,0.001,0,0,0.000333333, ,,
7146,0.002,0.002,0.001,0.001666667, ,0,0.001,0.001,0.000666667, ,,
7147,0.002,0.002,0.002,0.002, ,0,0,0,0, ,,
7148,0.001,0.002,0.002,0.001666667, ,0.001,0,0.001,0.000666667, ,,
7149,0.002,0.001,0.002,0.001666667, ,0,0.001,0,0.000333333, ,,
7150,0.002,0.002,0.002,0.002, ,0,0,0.001,0.000333333, ,,
7151,0.002,0.002,0.001,0.001666667, ,0.001,0.001,0,0.000666667, ,,
7152,0.002,0.002,0.002,0.002, ,0,0,0.001,0.000333333, ,,
7153,0.001,0.002,0.002,0.001666667, ,0.001,0.001,0,0.000666667, ,,
7154,0.002,0.001,0.002,0.001666667, ,0,0,0.001,0.000333333, ,,
7155,0.002,0.002,0.002,0.002, ,0,0,0,0, ,,
7156,0.002,0.002,0.001,0.001666667, ,0.001,0.001,0.001,0.001, ,,
7157,0.002,0.002,0.002,0.002, ,0,0,0.001,0.000333333, ,,
7158,0.001,0.002,0.002,0.001666667, ,0.001,0.001,0,0.000666667, ,,
7159,0.002,0.002,0.002,0.002, ,0,0.001,0.001,0.000666667, ,,
7160,0.002,0.002,0.002,0.002, ,0.001,0,0.001,0.000666667, ,,
7161,0.002,0.001,0.001,0.001333333, ,0,0.001,0.001,0.000666667, ,,
7162,0.002,0.002,0.002,0.002, ,0,0,0,0, ,,
7163,0.001,0.002,0.002,0.001666667, ,0.001,0.001,0.001,0.001, ,,
7164,0.002,0.002,0.002,0.002, ,0,0.001,0.001,0.000666667, ,,
7165,0.002,0.001,0.001,0.001333333, ,0.001,0,0.001,0.000666667, ,,
7166,0.002,0.002,0.002,0.002, ,0,0,0,0, ,,
7167,0.001,0.002,0.002,0.001666667, ,0,0.001,0,0.000333333, ,,
7168,0.002,0.002,0.002,0.002, ,0.001,0,0.001,0.000666667, ,,
7169,0.002,0.002,0.002,0.002, ,0,0.001,0.001,0.000666667, ,,
7170,0.002,0.002,0.001,0.001666667, ,0,0,0,0, ,,
7171,0.002,0.002,0.002,0.002, ,0.001,0.001,0.001,0.001, ,,
7172,0.001,0.002,0.002,0.001666667, ,0,0,0.001,0.000333333, ,,
7173,0.002,0.004,0.002,0.002666667, ,0.001,0.001,0,0.000666667, ,,
7174,0.002,0.002,0.002,0.002, ,0,0.001,0.001,0.000666667, ,,
7175,0.002,0.002,0.002,0.002, ,0.001,0,0.001,0.000666667, ,,
7176,0.002,0.002,0.002,0.002, ,0,0.001,0.001,0.000666667, ,,
7177,0.001,0.002,0.002,0.001666667, ,0.001,0,0.001,0.000666667, ,,
7178,0.002,0.001,0.002,0.001666667, ,0,0.001,0,0.000333333, ,,
7179,0.002,0.002,0.001,0.001666667, ,0,0,0.001,0.000333333, ,,
7180,0.002,0.002,0.002,0.002, ,0.001,0.001,0,0.000666667, ,,
7181,0.002,0.002,0.002,0.002, ,0,0,0.001,0.000333333, ,,
7182,0.002,0.002,0.002,0.002, ,0,0.001,0,0.000333333, ,,
7183,0.001,0.002,0.002,0.001666667, ,0.001,0,0.001,0.000666667, ,,
7184,0.002,0.001,0.002,0.001666667, ,0,0.001,0.001,0.000666667, ,,
7185,0.002,0.002,0.001,0.001666667, ,0,0.001,0.001,0.000666667, ,,
7186,0.002,0.002,0.002,0.002, ,0.001,0,0,0.000333333, ,,
7187,0.002,0.002,0.002,0.002, ,0,0.001,0.001,0.000666667, ,,
7188,0.002,0.002,0.002,0.002, ,0.001,0,0,0.000333333, ,,
7189,0.002,0.002,0.002,0.002, ,0,0.001,0.001,0.000666667, ,,
7190,0.001,0.001,0.002,0.001333333, ,0,0,0.001,0.000333333, ,,
7191,0.002,0.002,0.002,0.002, ,0.001,0.001,0.001,0.001, ,,
7192,0.002,0.002,0.001,0.001666667, ,0,0.001,0.001,0.000666667, ,,
7193,0.002,0.002,0.002,0.002, ,0.001,0,0.001,0.000666667, ,,
7194,0.002,0.002,0.002,0.002, ,0.001,0.001,0.001,0.001, ,,
7195,0.002,0.002,0.002,0.002, ,0,0.001,0.001,0.000666667, ,,
7196,0.002,0.001,0.002,0.001666667, ,0.001,0,0.001,0.000666667, ,,
7197,0.001,0.002,0.002,0.001666667, ,0,0.001,0,0.000333333, ,,
7198,0.002,0.002,0.002,0.002, ,0,0.001,0.001,0.000666667, ,,
7199,0.002,0.002,0.001,0.001666667, ,0.001,0,0.001,0.000666667, ,,
7200,0.002,0.002,0.002,0.002, ,0,0.001,0,0.000333333, ,,
7201,0.002,0.002,0.002,0.002, ,0.001,0,0.001,0.000666667, ,,
7202,0.002,0.002,0.002,0.002, ,0,0.001,0.001,0.000666667, ,,
7203,0.001,0.002,0.002,0.001666667, ,0.001,0,0.001,0.000666667, ,,
7204,0.002,0.001,0.002,0.001666667, ,0,0.001,0.001,0.000666667, ,,
7205,0.002,0.002,0.001,0.001666667, ,0.001,0.001,0.001,0.001, ,,
7206,0.002,0.002,0.002,0.002, ,0.001,0.001,0.001,0.001, ,,
7207,0.002,0.002,0.002,0.002, ,0,0,0.001,0.000333333, ,,
7208,0.002,0.002,0.002,0.002, ,0.001,0.001,0.001,0.001, ,,
7209,0.001,0.002,0.002,0.001666667, ,0,0.001,0,0.000333333, ,,
7210,0.002,0.002,0.001,0.001666667, ,0.001,0,0.001,0.000666667, ,,
7211,0.002,0.001,0.002,0.001666667, ,0,0.001,0.001,0.000666667, ,,
7212,0.002,0.002,0.002,0.002, ,0,0,0,0, ,,
7213,0.002,0.002,0.002,0.002, ,0.001,0.001,0.001,0.001, ,,
7214,0.002,0.002,0.002,0.002, ,0,0,0.001,0.000333333, ,,
7215,0.004,0.002,0.002,0.002666667, ,0.001,0.001,0,0.000666667, ,,
7216,0.002,0.002,0.002,0.002, ,0,0.001,0.002,0.001, ,,
7217,0.002,0.002,0.002,0.002, ,0.001,0,0,0.000333333, ,,
7218,0.002,0.001,0.002,0.001666667, ,0,0.001,0.001,0.000666667, ,,
7219,0.002,0.002,0.002,0.002, ,0,0,0,0, ,,
7220,0.002,0.002,0.002,0.002, ,0.001,0.001,0.001,0.001, ,,
7221,0.002,0.002,0.002,0.002, ,0.001,0,0.001,0.000666667, ,,
7222,0.002,0.002,0.002,0.002, ,0,0.001,0.001,0.000666667, ,,
7223,0.002,0.002,0.002,0.002, ,0.001,0.001,0.001,0.001, ,,
7224,0.001,0.001,0.002,0.001333333, ,0,0,0.001,0.000333333, ,,
7225,0.002,0.002,0.001,0.001666667, ,0.001,0.001,0.001,0.001, ,,
7226,0.002,0.002,0.002,0.002, ,0,0,0,0, ,,
7227,0.002,0.002,0.002,0.002, ,0,0.001,0.001,0.000666667, ,,
7228,0.002,0.002,0.002,0.002, ,0.001,0.001,0.001,0.001, ,,
7229,0.002,0.002,0.002,0.002, ,0,0,0.001,0.000333333, ,,
7230,0.002,0.002,0.002,0.002, ,0.001,0,0,0.000333333, ,,
7231,0.002,0.002,0.002,0.002, ,0,0.001,0.001,0.000666667, ,,
7232,0.001,0.002,0.004,0.002333333, ,0,0,0.001,0.000333333, ,,
7233,0.003,0.002,0.002,0.002333333, ,0.001,0.001,0.001,0.001, ,,
7234,0.001,0.002,0.002,0.001666667, ,0,0,0.001,0.000333333, ,,
7235,0.002,0.002,0.002,0.002, ,0,0.001,0.001,0.000666667, ,,
7236,0.002,0.002,0.001,0.001666667, ,0.001,0,0,0.000333333, ,,
7237,0.002,0.002,0.002,0.002, ,0,0.001,0.002,0.001, ,,
7238,0.002,0.002,0.002,0.002, ,0.001,0.001,0.002,0.001333333, ,,
7239,0.002,0.002,0.002,0.002, ,0.001,0.001,0.001,0.001, ,,
7240,0.002,0.001,0.002,0.001666667, ,0,0,0.001,0.000333333, ,,
7241,0.001,0.002,0.002,0.001666667, ,0.001,0.001,0,0.000666667, ,,
7242,0.002,0.002,0.002,0.002, ,0,0,0.001,0.000333333, ,,
7243,0.002,0.002,0.001,0.001666667, ,0,0,0.001,0.000333333, ,,
7244,0.002,0.002,0.002,0.002, ,0.001,0.001,0,0.000666667, ,,
7245,0.002,0.002,0.002,0.002, ,0,0,0.001,0.000333333, ,,
7246,0.002,0.002,0.002,0.002, ,0,0.001,0,0.000333333, ,,
7247,0.002,0.002,0.002,0.002, ,0,0,0.001,0.000333333, ,,
7248,0.001,0.001,0.002,0.001333333, ,0.001,0.001,0.001,0.001, ,,
7249,0.001,0.002,0.002,0.001666667, ,0,0,0,0, ,,
7250,0.002,0.002,0.002,0.002, ,0,0.001,0.001,0.000666667, ,,
7251,0.002,0.002,0.001,0.001666667, ,0.001,0,0,0.000333333, ,,
7252,0.002,0.002,0.002,0.002, ,0,0,0.001,0.000333333, ,,
7253,0.002,0.002,0.002,0.002, ,0,0,0,0, ,,
7254,0.002,0.002,0.002,0.002, ,0,0.001,0.001,0.000666667, ,,
7255,0.002,0.001,0.002,0.001666667, ,0.001,0,0,0.000333333, ,,
7256,0.001,0.002,0.002,0.001666667, ,0,0.001,0.001,0.000666667, ,,
7257,0.002,0.002,0.001,0.001666667, ,0.001,0,0,0.000333333, ,,
7258,0.002,0.002,0.002,0.002, ,0,0.001,0.001,0.000666667, ,,
7259,0.002,0.002,0.002,0.002, ,0.001,0.001,0.001,0.001, ,,
7260,0.002,0.002,0.002,0.002, ,0,0,0.001,0.000333333, ,,
7261,0.002,0.002,0.002,0.002, ,0,0.001,0.001,0.000666667, ,,
7262,0.002,0.002,0.002,0.002, ,0.001,0,0,0.000333333, ,,
7263,0.001,0.001,0.002,0.001333333, ,0,0.001,0.001,0.000666667, ,,
7264,0.002,0.002,0.001,0.001666667, ,0.001,0,0,0.000333333, ,,
7265,0.002,0.002,0.002,0.002, ,0,0.001,0.001,0.000666667, ,,
7266,0.002,0.002,0.002,0.002, ,0,0,0,0, ,,
7267,0.002,0.002,0.002,0.002, ,0.001,0,0.001,0.000666667, ,,
7268,0.002,0.002,0.002,0.002, ,0,0.001,0.001,0.000666667, ,,
7269,0.001,0.001,0.002,0.001333333, ,0.001,0.001,0.001,0.001, ,,
7270,0.002,0.002,0.001,0.001666667, ,0,0,0.001,0.000333333, ,,
7271,0.002,0.002,0.003,0.002333333, ,0.001,0.001,0.001,0.001, ,,
7272,0.002,0.002,0.002,0.002, ,0,0.001,0.001,0.000666667, ,,
7273,0.002,0.002,0.002,0.002, ,0,0,0.001,0.000333333, ,,
7274,0.002,0.004,0.001,0.002333333, ,0.001,0.001,0,0.000666667, ,,
7275,0.001,0.002,0.002,0.001666667, ,0,0,0.001,0.000333333, ,,
7276,0.002,0.002,0.002,0.002, ,0,0.001,0.001,0.000666667, ,,
7277,0.002,0.002,0.002,0.002, ,0.001,0,0,0.000333333, ,,
7278,0.002,0.001,0.002,0.001666667, ,0,0.001,0.001,0.000666667, ,,
7279,0.002,0.002,0.002,0.002, ,0.001,0,0,0.000333333, ,,
7280,0.002,0.002,0.001,0.001666667, ,0,0.001,0.001,0.000666667, ,,
7281,0.001,0.002,0.002,0.001666667, ,0.001,0,0.001,0.000666667, ,,
7282,0.002,0.002,0.002,0.002, ,0,0.001,0.001,0.000666667, ,,
7283,0.002,0.002,0.002,0.002, ,0.001,0,0,0.000333333, ,,
7284,0.003,0.001,0.002,0.002, ,0,0.001,0.001,0.000666667, ,,
7285,0.002,0.002,0.002,0.002, ,0.001,0,0.001,0.000666667, ,,
7286,0.002,0.002,0.001,0.001666667, ,0,0.001,0.001,0.000666667, ,,
7287,0.002,0.002,0.002,0.002, ,0.001,0,0.001,0.000666667, ,,
7288,0.002,0.002,0.002,0.002, ,0,0.001,0,0.000333333, ,,
7289,0.002,0.001,0.002,0.001666667, ,0,0.001,0.001,0.000666667, ,,
7290,0.001,0.002,0.002,0.001666667, ,0.001,0,0.001,0.000666667, ,,
7291,0.002,0.002,0.002,0.002, ,0,0.001,0.001,0.000666667, ,,
7292,0.002,0.002,0.002,0.002, ,0.001,0,0.001,0.000666667, ,,
7293,0.002,0.002,0.002,0.002, ,0,0.001,0,0.000333333, ,,
7294,0.002,0.002,0.002,0.002, ,0,0,0.001,0.000333333, ,,
7295,0.002,0.002,0.002,0.002, ,0.001,0,0,0.000333333, ,,
7296,0.001,0.001,0.002,0.001333333, ,0,0.001,0.001,0.000666667, ,,
7297,0.002,0.002,0.002,0.002, ,0.001,0,0.001,0.000666667, ,,
7298,0.002,0.002,0.001,0.001666667, ,0,0.001,0,0.000333333, ,,
7299,0.002,0.002,0.002,0.002, ,0,0,0.001,0.000333333, ,,
7300,0.002,0.002,0.002,0.002, ,0.001,0.001,0.001,0.001, ,,
7301,0.002,0.002,0.002,0.002, ,0,0,0.001,0.000333333, ,,
7302,0.001,0.001,0.002,0.001333333, ,0.001,0.001,0.001,0.001, ,,
7303,0.002,0.002,0.002,0.002, ,0.001,0.001,0.001,0.001, ,,
7304,0.002,0.002,0.002,0.002, ,0,0,0.001,0.000333333, ,,
7305,0.002,0.002,0.001,0.001666667, ,0,0.001,0,0.000333333, ,,
7306,0.002,0.002,0.002,0.002, ,0.001,0.001,0.001,0.001, ,,
7307,0.002,0.002,0.002,0.002, ,0,0,0,0, ,,
7308,0.002,0.002,0.002,0.002, ,0.001,0.001,0.001,0.001, ,,
7309,0.001,0.002,0.002,0.001666667, ,0,0,0.001,0.000333333, ,,
7310,0.002,0.002,0.002,0.002, ,0,0.001,0,0.000333333, ,,
7311,0.002,0.002,0.002,0.002, ,0.001,0,0.001,0.000666667, ,,
7312,0.002,0.001,0.002,0.001666667, ,0,0.001,0.001,0.000666667, ,,
7313,0.002,0.002,0.001,0.001666667, ,0.001,0,0.001,0.000666667, ,,
7314,0.002,0.002,0.002,0.002, ,0,0.001,0,0.000333333, ,,
7315,0.001,0.004,0.002,0.002333333, ,0.001,0,0.001,0.000666667, ,,
7316,0.005,0.001,0.002,0.002666667, ,0,0.001,0.001,0.000666667, ,,
7317,0.001,0.002,0.002,0.001666667, ,0.001,0,0.001,0.000666667, ,,
7318,0.002,0.002,0.002,0.002, ,0,0.001,0,0.000333333, ,,
7319,0.002,0.002,0.001,0.001666667, ,0.001,0.001,0.001,0.001, ,,
7320,0.002,0.002,0.003,0.002333333, ,0,0,0.001,0.000333333, ,,
7321,0.002,0.002,0.001,0.001666667, ,0.001,0.001,0.001,0.001, ,,
7322,0.002,0.002,0.002,0.002, ,0,0.001,0.001,0.000666667, ,,
7323,0.002,0.002,0.002,0.002, ,0.001,0,0.001,0.000666667, ,,
7324,0.001,0.002,0.002,0.001666667, ,0,0.001,0.001,0.000666667, ,,
7325,0.002,0.001,0.002,0.001666667, ,0.001,0.001,0.001,0.001, ,,
7326,0.002,0.002,0.002,0.002, ,0,0,0,0, ,,
7327,0.002,0.002,0.002,0.002, ,0.001,0.001,0.001,0.001, ,,
7328,0.002,0.002,0.001,0.001666667, ,0,0,0.001,0.000333333, ,,
7329,0.002,0.002,0.002,0.002, ,0,0.001,0,0.000333333, ,,
7330,0.002,0.002,0.002,0.002, ,0.001,0,0.001,0.000666667, ,,
7331,0.001,0.002,0.002,0.001666667, ,0,0.001,0.001,0.000666667, ,,
7332,0.002,0.002,0.002,0.002, ,0.001,0.001,0.001,0.001, ,,
7333,0.002,0.001,0.004,0.002333333, ,0.001,0,0.001,0.000666667, ,,
7334,0.002,0.002,0.002,0.002, ,0,0.001,0.001,0.000666667, ,,
7335,0.002,0.002,0.002,0.002, ,0.001,0.001,0.001,0.001, ,,
7336,0.002,0.002,0.003,0.002333333, ,0,0.001,0.001,0.000666667, ,,
7337,0.002,0.002,0.002,0.002, ,0.001,0,0.001,0.000666667, ,,
7338,0.001,0.001,0.001,0.001, ,0,0.001,0.001,0.000666667, ,,
7339,0.002,0.002,0.002,0.002, ,0.001,0,0,0.000333333, ,,
7340,0.002,0.002,0.002,0.002, ,0,0.001,0.001,0.000666667, ,,
7341,0.002,0.002,0.002,0.002, ,0.001,0,0.001,0.000666667, ,,
7342,0.002,0.002,0.002,0.002, ,0,0.001,0.001,0.000666667, ,,
7343,0.002,0.002,0.002,0.002, ,0,0,0,0, ,,
7344,0.002,0.001,0.002,0.001666667, ,0.001,0.001,0.001,0.001, ,,
7345,0.001,0.002,0.002,0.001666667, ,0,0.001,0.001,0.000666667, ,,
7346,0.002,0.002,0.001,0.001666667, ,0.001,0,0.001,0.000666667, ,,
7347,0.002,0.002,0.002,0.002, ,0,0.001,0,0.000333333, ,,
7348,0.002,0.002,0.002,0.002, ,0.001,0,0.001,0.000666667, ,,
7349,0.002,0.002,0.002,0.002, ,0.001,0.001,0.001,0.001, ,,
7350,0.002,0.001,0.002,0.001666667, ,0,0.001,0.001,0.000666667, ,,
7351,0.001,0.002,0.002,0.001666667, ,0.001,0,0.001,0.000666667, ,,
7352,0.002,0.002,0.001,0.001666667, ,0,0.001,0.001,0.000666667, ,,
7353,0.002,0.002,0.002,0.002, ,0.001,0,0.001,0.000666667, ,,
7354,0.002,0.002,0.002,0.002, ,0,0.001,0,0.000333333, ,,
7355,0.002,0.001,0.002,0.001666667, ,0.001,0.001,0.001,0.001, ,,
7356,0.002,0.003,0.002,0.002333333, ,0,0,0.001,0.000333333, ,,
7357,0.002,0.001,0.001,0.001333333, ,0,0,0,0, ,,
7358,0.001,0.002,0.002,0.001666667, ,0.001,0.001,0.001,0.001, ,,
7359,0.002,0.002,0.002,0.002, ,0,0.001,0,0.000333333, ,,
7360,0.002,0.002,0.002,0.002, ,0,0,0.001,0.000333333, ,,
7361,0.002,0.002,0.002,0.002, ,0.001,0.001,0.001,0.001, ,,
7362,0.002,0.002,0.002,0.002, ,0,0,0,0, ,,
7363,0.002,0.001,0.002,0.001666667, ,0,0.001,0.001,0.000666667, ,,
7364,0.002,0.002,0.001,0.001666667, ,0.001,0,0,0.000333333, ,,
7365,0.002,0.002,0.002,0.002, ,0,0.001,0.001,0.000666667, ,,
7366,0.001,0.002,0.002,0.001666667, ,0.001,0.001,0.001,0.001, ,,
7367,0.002,0.002,0.002,0.002, ,0.001,0.001,0.002,0.001333333, ,,
7368,0.002,0.002,0.002,0.002, ,0,0,0,0, ,,
7369,0.002,0.002,0.001,0.001666667, ,0.001,0.001,0.001,0.001, ,,
7370,0.002,0.002,0.002,0.002, ,0,0,0,0, ,,
7371,0.002,0.002,0.002,0.002, ,0,0,0.001,0.000333333, ,,
7372,0.001,0.002,0.002,0.001666667, ,0.001,0.001,0.001,0.001, ,,
7373,0.002,0.002,0.002,0.002, ,0,0,0.001,0.000333333, ,,
7374,0.002,0.002,0.002,0.002, ,0,0.001,0.001,0.000666667, ,,
7375,0.002,0.004,0.001,0.002333333, ,0.001,0,0,0.000333333, ,,
7376,0.002,0.002,0.002,0.002, ,0,0.001,0.002,0.001, ,,
7377,0.002,0.002,0.002,0.002, ,0,0,0,0, ,,
7378,0.002,0.001,0.002,0.001666667, ,0.001,0.001,0.001,0.001, ,,
7379,0.002,0.002,0.002,0.002, ,0,0,0,0, ,,
7380,0.001,0.002,0.002,0.001666667, ,0,0,0.001,0.000333333, ,,
7381,0.002,0.002,0.001,0.001666667, ,0.001,0.001,0,0.000666667, ,,
7382,0.002,0.002,0.002,0.002, ,0,0,0.001,0.000333333, ,,
7383,0.002,0.002,0.002,0.002, ,0,0.001,0.001,0.000666667, ,,
7384,0.002,0.001,0.002,0.001666667, ,0.001,0,0,0.000333333, ,,
7385,0.002,0.002,0.002,0.002, ,0,0.001,0.001,0.000666667, ,,
7386,0.002,0.002,0.002,0.002, ,0.001,0,0.001,0.000666667, ,,
7387,0.002,0.002,0.002,0.002, ,0,0.001,0.001,0.000666667, ,,
7388,0.001,0.002,0.002,0.001666667, ,0.001,0.001,0.001,0.001, ,,
7389,0.002,0.002,0.002,0.002, ,0,0,0,0, ,,
7390,0.003,0.002,0.001,0.002, ,0,0,0,0, ,,
7391,0.002,0.001,0.003,0.002, ,0,0.001,0.001,0.000666667, ,,
7392,0.002,0.002,0.002,0.002, ,0.001,0,0.001,0.000666667, ,,
7393,0.002,0.002,0.002,0.002, ,0,0.001,0,0.000333333, ,,
7394,0.002,0.002,0.002,0.002, ,0.001,0,0.001,0.000666667, ,,
7395,0.002,0.002,0.002,0.002, ,0,0.001,0,0.000333333, ,,
7396,0.002,0.002,0.002,0.002, ,0,0,0.001,0.000333333, ,,
7397,0.001,0.002,0.002,0.001666667, ,0.001,0.001,0.001,0.001, ,,
7398,0.002,0.002,0.002,0.002, ,0,0,0.001,0.000333333, ,,
7399,0.002,0.002,0.001,0.001666667, ,0.001,0.001,0.001,0.001, ,,
7400,0.002,0.001,0.002,0.001666667, ,0,0.001,0.001,0.000666667, ,,
7401,0.002,0.002,0.002,0.002, ,0.001,0,0,0.000333333, ,,
7402,0.002,0.002,0.002,0.002, ,0,0,0.001,0.000333333, ,,
7403,0.002,0.002,0.002,0.002, ,0,0.001,0,0.000333333, ,,
7404,0.002,0.002,0.002,0.002, ,0.001,0,0.001,0.000666667, ,,
7405,0.001,0.002,0.002,0.001666667, ,0,0.001,0.001,0.000666667, ,,
7406,0.002,0.001,0.001,0.001333333, ,0,0,0,0, ,,
7407,0.002,0.002,0.002,0.002, ,0.001,0.001,0.001,0.001, ,,
7408,0.002,0.002,0.002,0.002, ,0,0,0.001,0.000333333, ,,
7409,0.002,0.002,0.002,0.002, ,0.001,0.001,0,0.000666667, ,,
7410,0.002,0.002,0.002,0.002, ,0,0.001,0.001,0.000666667, ,,
7411,0.002,0.002,0.002,0.002, ,0.001,0,0.001,0.000666667, ,,
7412,0.001,0.002,0.001,0.001333333, ,0,0.001,0,0.000333333, ,,
7413,0.002,0.002,0.002,0.002, ,0,0,0.001,0.000333333, ,,
7414,0.002,0.002,0.002,0.002, ,0.001,0.001,0.001,0.001, ,,
7415,0.002,0.002,0.002,0.002, ,0,0,0.001,0.000333333, ,,
7416,0.002,0.001,0.002,0.001666667, ,0.001,0.001,0.001,0.001, ,,
7417,0.004,0.002,0.002,0.002666667, ,0,0.001,0.001,0.000666667, ,,
7418,0.002,0.002,0.002,0.002, ,0.001,0,0.001,0.000666667, ,,
7419,0.002,0.002,0.001,0.001666667, ,0,0.001,0.001,0.000666667, ,,
7420,0.001,0.002,0.002,0.001666667, ,0.001,0,0,0.000333333, ,,
7421,0.002,0.002,0.002,0.002, ,0,0.001,0.001,0.000666667, ,,
7422,0.002,0.002,0.002,0.002, ,0,0,0,0, ,,
7423,0.002,0.001,0.002,0.001666667, ,0.001,0.001,0.001,0.001, ,,
7424,0.002,0.002,0.002,0.002, ,0,0,0,0, ,,
7425,0.002,0.002,0.001,0.001666667, ,0.001,0.001,0.001,0.001, ,,
7426,0.002,0.002,0.002,0.002, ,0,0,0,0, ,,
7427,0.002,0.002,0.002,0.002, ,0,0.001,0.001,0.000666667, ,,
7428,0.002,0.002,0.002,0.002, ,0.001,0,0.001,0.000666667, ,,
7429,0.001,0.002,0.002,0.001666667, ,0,0.001,0.001,0.000666667, ,,
7430,0.002,0.002,0.002,0.002, ,0.001,0.001,0.001,0.001, ,,
7431,0.002,0.001,0.002,0.001666667, ,0.001,0.001,0.001,0.001, ,,
7432,0.002,0.002,0.001,0.001666667, ,0,0,0.001,0.000333333, ,,
7433,0.002,0.002,0.002,0.002, ,0.001,0.001,0,0.000666667, ,,
7434,0.002,0.002,0.005,0.003, ,0,0,0.001,0.000333333, ,,
7435,0.001,0.002,0.002,0.001666667, ,0,0.001,0.001,0.000666667, ,,
7436,0.002,0.002,0.001,0.001666667, ,0.001,0,0,0.000333333, ,,
7437,0.002,0.001,0.002,0.001666667, ,0,0.001,0.001,0.000666667, ,,
7438,0.002,0.002,0.002,0.002, ,0,0,0.001,0.000333333, ,,
7439,0.003,0.002,0.002,0.002333333, ,0.001,0.001,0,0.000666667, ,,
7440,0.003,0.002,0.002,0.002333333, ,0,0,0.001,0.000333333, ,,
7441,0.002,0.002,0.001,0.001666667, ,0.001,0.001,0.001,0.001, ,,
7442,0.002,0.001,0.002,0.001666667, ,0,0,0,0, ,,
7443,0.001,0.002,0.002,0.001666667, ,0,0.001,0.001,0.000666667, ,,
7444,0.002,0.002,0.002,0.002, ,0.001,0,0.001,0.000666667, ,,
7445,0.002,0.002,0.002,0.002, ,0,0.001,0,0.000333333, ,,
7446,0.002,0.002,0.002,0.002, ,0.001,0,0.001,0.000666667, ,,
7447,0.002,0.002,0.001,0.001666667, ,0,0.001,0.001,0.000666667, ,,
7448,0.002,0.001,0.002,0.001666667, ,0,0.001,0.001,0.000666667, ,,
7449,0.002,0.002,0.002,0.002, ,0.001,0,0,0.000333333, ,,
7450,0.001,0.002,0.002,0.001666667, ,0,0.001,0.001,0.000666667, ,,
7451,0.002,0.002,0.002,0.002, ,0.001,0,0.001,0.000666667, ,,
7452,0.002,0.002,0.002,0.002, ,0,0.001,0.001,0.000666667, ,,
7453,0.002,0.001,0.001,0.001333333, ,0,0,0,0, ,,
7454,0.002,0.002,0.002,0.002, ,0.001,0.001,0.001,0.001, ,,
7455,0.002,0.003,0.002,0.002333333, ,0,0,0,0, ,,
7456,0.002,0.002,0.002,0.002, ,0.001,0.001,0.001,0.001, ,,
7457,0.002,0.002,0.002,0.002, ,0,0,0.001,0.000333333, ,,
7458,0.001,0.002,0.002,0.001666667, ,0,0.001,0,0.000333333, ,,
7459,0.002,0.001,0.002,0.001666667, ,0.001,0,0.001,0.000666667, ,,
7460,0.002,0.002,0.001,0.001666667, ,0,0.001,0.001,0.000666667, ,,
7461,0.002,0.002,0.002,0.002, ,0.001,0,0.001,0.000666667, ,,
7462,0.002,0.002,0.002,0.002, ,0.001,0.001,0.001,0.001, ,,
7463,0.002,0.002,0.002,0.002, ,0,0.001,0.001,0.000666667, ,,
7464,0.002,0.001,0.002,0.001666667, ,0.001,0.001,0.001,0.001, ,,
7465,0.002,0.002,0.001,0.001666667, ,0,0,0.001,0.000333333, ,,
7466,0.002,0.002,0.002,0.002, ,0,0.001,0,0.000333333, ,,
7467,0.002,0.002,0.002,0.002, ,0.001,0,0.001,0.000666667, ,,
7468,0.002,0.002,0.002,0.002, ,0,0.001,0.001,0.000666667, ,,
7469,0.001,0.001,0.002,0.001333333, ,0.001,0.001,0,0.000666667, ,,
7470,0.002,0.002,0.002,0.002, ,0,0,0.001,0.000333333, ,,
7471,0.002,0.002,0.001,0.001666667, ,0,0,0,0, ,,
7472,0.002,0.002,0.002,0.002, ,0.001,0.001,0.001,0.001, ,,
7473,0.002,0.002,0.002,0.002, ,0,0,0.001,0.000333333, ,,
7474,0.002,0.002,0.002,0.002, ,0,0.001,0,0.000333333, ,,
7475,0.002,0.001,0.002,0.001666667, ,0.001,0,0.001,0.000666667, ,,
7476,0.001,0.005,0.002,0.002666667, ,0,0.001,0.001,0.000666667, ,,
7477,0.002,0.002,0.001,0.001666667, ,0.001,0.001,0,0.000666667, ,,
7478,0.002,0.002,0.002,0.002, ,0,0,0.001,0.000333333, ,,
7479,0.002,0.002,0.002,0.002, ,0.001,0.001,0.001,0.001, ,,
7480,0.002,0.002,0.002,0.002, ,0,0,0.001,0.000333333, ,,
7481,0.002,0.001,0.002,0.001666667, ,0,0.001,0,0.000333333, ,,
7482,0.001,0.002,0.001,0.001333333, ,0.001,0,0.001,0.000666667, ,,
7483,0.002,0.002,0.002,0.002, ,0,0.001,0.001,0.000666667, ,,
7484,0.002,0.002,0.002,0.002, ,0.001,0,0.001,0.000666667, ,,
7485,0.002,0.002,0.002,0.002, ,0,0.001,0.001,0.000666667, ,,
7486,0.002,0.001,0.002,0.001666667, ,0,0,0,0, ,,
7487,0.002,0.002,0.002,0.002, ,0,0,0.001,0.000333333, ,,
7488,0.002,0.002,0.001,0.001666667, ,0.001,0.001,0,0.000666667, ,,
7489,0.002,0.002,0.002,0.002, ,0,0,0.001,0.000333333, ,,
7490,0.002,0.002,0.002,0.002, ,0,0.001,0.001,0.000666667, ,,
7491,0.001,0.001,0.002,0.001333333, ,0.001,0,0,0.000333333, ,,
7492,0.002,0.002,0.002,0.002, ,0,0.001,0.001,0.000666667, ,,
7493,0.002,0.002,0.002,0.002, ,0.001,0.001,0.001,0.001, ,,
7494,0.002,0.002,0.001,0.001666667, ,0.001,0,0.002,0.001, ,,
7495,0.002,0.002,0.002,0.002, ,0,0.001,0.001,0.000666667, ,,
7496,0.002,0.002,0.002,0.002, ,0.001,0.001,0.001,0.001, ,,
7497,0.001,0.001,0.002,0.001333333, ,0,0,0.001,0.000333333, ,,
7498,0.002,0.002,0.002,0.002, ,0.001,0.001,0,0.000666667, ,,
7499,0.002,0.002,0.001,0.001666667, ,0,0,0.001,0.000333333, ,,
7500,0.002,0.002,0.002,0.002, ,0.001,0.001,0.001,0.001, ,,
7501,0.002,0.002,0.002,0.002, ,0,0,0.001,0.000333333, ,,
7502,0.002,0.002,0.002,0.002, ,0,0.001,0.001,0.000666667, ,,
7503,0.002,0.002,0.002,0.002, ,0.001,0,0,0.000333333, ,,
7504,0.002,0.002,0.002,0.002, ,0,0,0.001,0.000333333, ,,
7505,0.001,0.001,0.002,0.001333333, ,0,0.001,0.001,0.000666667, ,,
7506,0.002,0.002,0.002,0.002, ,0.001,0,0,0.000333333, ,,
7507,0.002,0.002,0.001,0.001666667, ,0,0.001,0,0.000333333, ,,
7508,0.002,0.002,0.002,0.002, ,0,0,0.001,0.000333333, ,,
7509,0.002,0.002,0.002,0.002, ,0.001,0,0.001,0.000666667, ,,
7510,0.002,0.002,0.002,0.002, ,0,0.001,0,0.000333333, ,,
7511,0.002,0.002,0.002,0.002, ,0,0,0.001,0.000333333, ,,
7512,0.002,0.002,0.001,0.001666667, ,0.001,0.001,0,0.000666667, ,,
7513,0.001,0.001,0.002,0.001333333, ,0,0,0.001,0.000333333, ,,
7514,0.002,0.002,0.002,0.002, ,0.001,0.001,0.001,0.001, ,,
7515,0.002,0.002,0.002,0.002, ,0,0.001,0.001,0.000666667, ,,
7516,0.002,0.002,0.002,0.002, ,0.001,0,0.001,0.000666667, ,,
7517,0.002,0.002,0.002,0.002, ,0,0.001,0.001,0.000666667, ,,
7518,0.004,0.001,0.002,0.002333333, ,0,0,0,0, ,,
7519,0.002,0.002,0.002,0.002, ,0.001,0.001,0.001,0.001, ,,
7520,0.002,0.002,0.001,0.001666667, ,0,0,0.001,0.000333333, ,,
7521,0.002,0.002,0.002,0.002, ,0.001,0.001,0,0.000666667, ,,
7522,0.001,0.002,0.002,0.001666667, ,0,0,0.001,0.000333333, ,,
7523,0.002,0.002,0.002,0.002, ,0.001,0.001,0.001,0.001, ,,
7524,0.002,0.002,0.002,0.002, ,0,0,0.002,0.000666667, ,,
7525,0.002,0.001,0.001,0.001333333, ,0.001,0.001,0.002,0.001333333, ,,
7526,0.002,0.002,0.002,0.002, ,0.001,0.001,0.001,0.001, ,,
7527,0.002,0.002,0.002,0.002, ,0,0.001,0.001,0.000666667, ,,
7528,0.001,0.002,0.002,0.001666667, ,0.001,0,0.001,0.000666667, ,,
7529,0.002,0.002,0.002,0.002, ,0,0.001,0.001,0.000666667, ,,
7530,0.002,0.001,0.002,0.001666667, ,0.001,0,0.001,0.000666667, ,,
7531,0.002,0.002,0.001,0.001666667, ,0,0.001,0,0.000333333, ,,
7532,0.002,0.002,0.002,0.002, ,0.001,0.001,0.001,0.001, ,,
7533,0.002,0.002,0.002,0.002, ,0,0,0.001,0.000333333, ,,
7534,0.002,0.002,0.002,0.002, ,0,0.001,0.001,0.000666667, ,,
7535,0.002,0.002,0.004,0.002666667, ,0.001,0,0,0.000333333, ,,
7536,0.002,0.001,0.002,0.001666667, ,0,0.001,0.001,0.000666667, ,,
7537,0.002,0.002,0.002,0.002, ,0.001,0,0.001,0.000666667, ,,
7538,0.001,0.002,0.002,0.001666667, ,0,0.001,0.001,0.000666667, ,,
7539,0.002,0.002,0.002,0.002, ,0.001,0,0.001,0.000666667, ,,
7540,0.002,0.002,0.002,0.002, ,0,0.001,0.001,0.000666667, ,,
7541,0.002,0.001,0.001,0.001333333, ,0.001,0.001,0.001,0.001, ,,
7542,0.002,0.002,0.002,0.002, ,0,0,0.002,0.000666667, ,,
7543,0.001,0.002,0.002,0.001666667, ,0.001,0.001,0.001,0.001, ,,
7544,0.002,0.002,0.002,0.002, ,0,0.001,0,0.000333333, ,,
7545,0.002,0.002,0.002,0.002, ,0.001,0,0.001,0.000666667, ,,
7546,0.002,0.002,0.002,0.002, ,0,0.001,0.001,0.000666667, ,,
7547,0.002,0.001,0.001,0.001333333, ,0.001,0,0.001,0.000666667, ,,
7548,0.002,0.002,0.002,0.002, ,0,0.001,0.001,0.000666667, ,,
7549,0.002,0.002,0.002,0.002, ,0,0,0,0, ,,
7550,0.001,0.002,0.002,0.001666667, ,0.001,0.001,0.001,0.001, ,,
7551,0.002,0.002,0.002,0.002, ,0,0,0.001,0.000333333, ,,
7552,0.002,0.001,0.002,0.001666667, ,0.001,0.001,0,0.000666667, ,,
7553,0.002,0.002,0.002,0.002, ,0,0.001,0.001,0.000666667, ,,
7554,0.002,0.002,0.002,0.002, ,0,0,0.001,0.000333333, ,,
7555,0.002,0.002,0.002,0.002, ,0.001,0.001,0.001,0.001, ,,
7556,0.002,0.002,0.002,0.002, ,0,0,0,0, ,,
7557,0.001,0.002,0.001,0.001333333, ,0.001,0.001,0.002,0.001333333, ,,
7558,0.002,0.001,0.002,0.001666667, ,0.001,0.001,0.001,0.001, ,,
7559,0.002,0.002,0.002,0.002, ,0,0.001,0.001,0.000666667, ,,
7560,0.002,0.002,0.002,0.002, ,0.001,0.001,0.001,0.001, ,,
7561,0.002,0.002,0.002,0.002, ,0,0,0.001,0.000333333, ,,
7562,0.002,0.002,0.002,0.002, ,0,0.001,0,0.000333333, ,,
7563,0.001,0.002,0.001,0.001333333, ,0.001,0,0.001,0.000666667, ,,
7564,0.002,0.001,0.002,0.001666667, ,0,0.001,0.001,0.000666667, ,,
7565,0.002,0.002,0.002,0.002, ,0.001,0,0,0.000333333, ,,
7566,0.002,0.002,0.002,0.002, ,0,0.001,0.001,0.000666667, ,,
7567,0.002,0.002,0.002,0.002, ,0.001,0,0,0.000333333, ,,
7568,0.002,0.002,0.002,0.002, ,0,0.001,0.001,0.000666667, ,,
7569,0.002,0.002,0.002,0.002, ,0.001,0,0.001,0.000666667, ,,
7570,0.001,0.002,0.001,0.001333333, ,0,0.001,0.001,0.000666667, ,,
7571,0.002,0.001,0.002,0.001666667, ,0,0,0,0, ,,
7572,0.002,0.002,0.002,0.002, ,0.001,0.001,0.001,0.001, ,,
7573,0.002,0.002,0.002,0.002, ,0,0,0.001,0.000333333, ,,
7574,0.002,0.002,0.002,0.002, ,0.001,0.001,0.001,0.001, ,,
7575,0.002,0.002,0.002,0.002, ,0,0.001,0.001,0.000666667, ,,
7576,0.002,0.002,0.002,0.002, ,0.001,0,0,0.000333333, ,,
7577,0.002,0.004,0.001,0.002333333, ,0,0.001,0.001,0.000666667, ,,
7578,0.001,0.002,0.002,0.001666667, ,0.001,0,0.001,0.000666667, ,,
7579,0.002,0.002,0.002,0.002, ,0,0.001,0.001,0.000666667, ,,
7580,0.002,0.002,0.002,0.002, ,0.001,0.001,0.001,0.001, ,,
7581,0.002,0.002,0.002,0.002, ,0,0,0,0, ,,
7582,0.002,0.002,0.002,0.002, ,0.001,0.001,0.001,0.001, ,,
7583,0.002,0.002,0.002,0.002, ,0,0,0,0, ,,
7584,0.002,0.002,0.002,0.002, ,0,0.001,0.001,0.000666667, ,,
7585,0.001,0.002,0.001,0.001333333, ,0.001,0,0.001,0.000666667, ,,
7586,0.002,0.002,0.002,0.002, ,0,0,0,0, ,,
7587,0.002,0.001,0.002,0.001666667, ,0.001,0.001,0.001,0.001, ,,
7588,0.002,0.002,0.002,0.002, ,0.022,0.001,0.001,0.008, ,,
7589,0.002,0.002,0.002,0.002, ,0.001,0,0.001,0.000666667, ,,
7590,0.002,0.002,0.002,0.002, ,0,0.001,0.001,0.000666667, ,,
7591,0.002,0.002,0.002,0.002, ,0.001,0.001,0.001,0.001, ,,
7592,0.002,0.002,0.001,0.001666667, ,0,0.001,0.001,0.000666667, ,,
7593,0.002,0.002,0.002,0.002, ,0.001,0,0,0.000333333, ,,
7594,0.002,0.003,0.002,0.002333333, ,0,0.001,0.001,0.000666667, ,,
7595,0.001,0.002,0.002,0.001666667, ,0.001,0,0,0.000333333, ,,
7596,0.002,0.002,0.002,0.002, ,0,0.001,0.001,0.000666667, ,,
7597,0.002,0.001,0.002,0.001666667, ,0.001,0,0.001,0.000666667, ,,
7598,0.002,0.002,0.002,0.002, ,0,0,0.001,0.000333333, ,,
7599,0.002,0.002,0.001,0.001666667, ,0,0.001,0,0.000333333, ,,
7600,0.002,0.002,0.002,0.002, ,0.001,0,0.001,0.000666667, ,,
7601,0.002,0.002,0.003,0.002333333, ,0,0.001,0.001,0.000666667, ,,
7602,0.002,0.002,0.001,0.001666667, ,0,0,0,0, ,,
7603,0.001,0.002,0.002,0.001666667, ,0.001,0.001,0.001,0.001, ,,
7604,0.002,0.002,0.002,0.002, ,0,0,0.001,0.000333333, ,,
7605,0.002,0.002,0.002,0.002, ,0.001,0.001,0.001,0.001, ,,
7606,0.002,0.002,0.002,0.002, ,0,0,0,0, ,,
7607,0.002,0.002,0.002,0.002, ,0,0.001,0.001,0.000666667, ,,
7608,0.002,0.002,0.002,0.002, ,0.001,0,0.001,0.000666667, ,,
7609,0.002,0.001,0.002,0.001666667, ,0,0,0,0, ,,
7610,0.002,0.002,0.001,0.001666667, ,0,0.001,0.001,0.000666667, ,,
7611,0.001,0.002,0.002,0.001666667, ,0.001,0,0.001,0.000666667, ,,
7612,0.002,0.002,0.002,0.002, ,0,0.001,0,0.000333333, ,,
7613,0.002,0.002,0.002,0.002, ,0,0,0.001,0.000333333, ,,
7614,0.002,0.002,0.002,0.002, ,0,0,0,0, ,,
7615,0.002,0.002,0.002,0.002, ,0.001,0.001,0.001,0.001, ,,
7616,0.002,0.002,0.002,0.002, ,0,0,0.001,0.000333333, ,,
7617,0.002,0.001,0.002,0.001666667, ,0,0.001,0,0.000333333, ,,
7618,0.002,0.003,0.002,0.002333333, ,0.001,0,0.001,0.000666667, ,,
7619,0.004,0.001,0.002,0.002333333, ,0,0,0,0, ,,
7620,0.002,0.002,0.002,0.002, ,0,0.001,0.001,0.000666667, ,,
7621,0.002,0.002,0.002,0.002, ,0.001,0.001,0.002,0.001333333, ,,
7622,0.002,0.002,0.002,0.002, ,0,0.001,0.001,0.000666667, ,,
7623,0.002,0.002,0.001,0.001666667, ,0.001,0,0.001,0.000666667, ,,
7624,0.002,0.002,0.002,0.002, ,0,0.001,0.001,0.000666667, ,,
7625,0.002,0.002,0.002,0.002, ,0,0,0,0, ,,
7626,0.002,0.002,0.002,0.002, ,0.001,0,0.001,0.000666667, ,,
7627,0.002,0.002,0.002,0.002, ,0,0.001,0,0.000333333, ,,
7628,0.002,0.002,0.002,0.002, ,0,0,0.001,0.000333333, ,,
7629,0.001,0.002,0.002,0.001666667, ,0,0,0,0, ,,
7630,0.002,0.002,0.002,0.002, ,0.001,0.001,0.001,0.001, ,,
7631,0.002,0.002,0.001,0.001666667, ,0,0,0,0, ,,
7632,0.002,0.001,0.002,0.001666667, ,0,0,0.001,0.000333333, ,,
7633,0.002,0.002,0.002,0.002, ,0,0.001,0,0.000333333, ,,
7634,0.002,0.002,0.002,0.002, ,0,0,0.001,0.000333333, ,,
7635,0.002,0.002,0.002,0.002, ,0.001,0,0,0.000333333, ,,
7636,0.002,0.002,0.004,0.002666667, ,0,0,0,0, ,,
7637,0.001,0.002,0.002,0.001666667, ,0,0.001,0.001,0.000666667, ,,
7638,0.003,0.002,0.002,0.002333333, ,0,0,0,0, ,,
7639,0.001,0.002,0.002,0.001666667, ,0.001,0,0,0.000333333, ,,
7640,0.002,0.002,0.002,0.002, ,0,0.001,0.001,0.000666667, ,,
7641,0.003,0.001,0.002,0.002, ,0,0,0.001,0.000333333, ,,
7642,0.003,0.002,0.002,0.002333333, ,0.001,0.001,0,0.000666667, ,,
7643,0.002,0.002,0.002,0.002, ,0,0,0.001,0.000333333, ,,
7644,0.001,0.002,0.002,0.001666667, ,0,0.001,0.001,0.000666667, ,,
7645,0.002,0.002,0.001,0.001666667, ,0.001,0,0,0.000333333, ,,
7646,0.002,0.002,0.002,0.002, ,0,0.001,0.001,0.000666667, ,,
7647,0.002,0.002,0.003,0.002333333, ,0,0,0,0, ,,
7648,0.002,0.002,0.001,0.001666667, ,0.001,0,0.001,0.000666667, ,,
7649,0.002,0.001,0.002,0.001666667, ,0,0.001,0.001,0.000666667, ,,
7650,0.002,0.002,0.002,0.002, ,0,0,0,0, ,,
7651,0.002,0.002,0.002,0.002, ,0.001,0.001,0.001,0.001, ,,
7652,0.002,0.002,0.002,0.002, ,0,0,0.001,0.000333333, ,,
7653,0.002,0.002,0.002,0.002, ,0.001,0.001,0.001,0.001, ,,
7654,0.002,0.002,0.002,0.002, ,0,0.001,0.001,0.000666667, ,,
7655,0.001,0.002,0.001,0.001333333, ,0.001,0,0.001,0.000666667, ,,
7656,0.002,0.002,0.002,0.002, ,0,0.001,0,0.000333333, ,,
7657,0.002,0.001,0.002,0.001666667, ,0,0,0.001,0.000333333, ,,
7658,0.002,0.002,0.002,0.002, ,0.001,0.001,0.001,0.001, ,,
7659,0.002,0.002,0.002,0.002, ,0,0,0,0, ,,
7660,0.002,0.002,0.002,0.002, ,0,0.001,0.001,0.000666667, ,,
7661,0.002,0.002,0.002,0.002, ,0.001,0,0,0.000333333, ,,
7662,0.002,0.002,0.001,0.001666667, ,0,0,0.001,0.000333333, ,,
7663,0.001,0.001,0.003,0.001666667, ,0,0.001,0,0.000333333, ,,
7664,0.002,0.002,0.002,0.002, ,0,0,0.001,0.000333333, ,,
7665,0.002,0.002,0.001,0.001666667, ,0.001,0.001,0.001,0.001, ,,
7666,0.002,0.002,0.002,0.002, ,0,0,0,0, ,,
7667,0.002,0.002,0.002,0.002, ,0,0.001,0.001,0.000666667, ,,
7668,0.002,0.002,0.002,0.002, ,0.001,0,0.001,0.000666667, ,,
7669,0.002,0.002,0.002,0.002, ,0,0.001,0.001,0.000666667, ,,
7670,0.001,0.001,0.002,0.001333333, ,0.001,0.001,0.001,0.001, ,,
7671,0.002,0.002,0.001,0.001666667, ,0,0,0,0, ,,
7672,0.002,0.002,0.002,0.002, ,0.001,0.001,0.001,0.001, ,,
7673,0.002,0.002,0.004,0.002666667, ,0,0,0.001,0.000333333, ,,
7674,0.002,0.002,0.002,0.002, ,0.001,0.001,0.001,0.001, ,,
7675,0.002,0.002,0.002,0.002, ,0,0,0,0, ,,
7676,0.002,0.002,0.001,0.001666667, ,0.001,0.001,0.001,0.001, ,,
7677,0.002,0.002,0.002,0.002, ,0,0,0.001,0.000333333, ,,
7678,0.001,0.005,0.002,0.002666667, ,0,0.001,0,0.000333333, ,,
7679,0.002,0.001,0.002,0.001666667, ,0.001,0,0.001,0.000666667, ,,
7680,0.002,0.002,0.002,0.002, ,0,0.001,0.001,0.000666667, ,,
7681,0.002,0.002,0.002,0.002, ,0,0,0,0, ,,
7682,0.002,0.002,0.002,0.002, ,0.001,0.001,0.001,0.001, ,,
7683,0.002,0.002,0.002,0.002, ,0,0,0,0, ,,
7684,0.002,0.002,0.002,0.002, ,0.001,0.001,0.001,0.001, ,,
7685,0.002,0.002,0.002,0.002, ,0,0,0.001,0.000333333, ,,
7686,0.002,0.002,0.002,0.002, ,0.001,0.002,0.001,0.001333333, ,,
7687,0.001,0.001,0.001,0.001, ,0,0.001,0.002,0.001, ,,
7688,0.002,0.002,0.002,0.002, ,0.001,0,0,0.000333333, ,,
7689,0.002,0.002,0.002,0.002, ,0,0,0.001,0.000333333, ,,
7690,0.002,0.002,0.002,0.002, ,0,0.001,0,0.000333333, ,,
7691,0.002,0.002,0.002,0.002, ,0,0,0.001,0.000333333, ,,
7692,0.002,0.002,0.002,0.002, ,0.001,0.001,0,0.000666667, ,,
7693,0.002,0.002,0.002,0.002, ,0,0,0.001,0.000333333, ,,
7694,0.002,0.002,0.002,0.002, ,0,0,0,0, ,,
7695,0.002,0.002,0.001,0.001666667, ,0,0.001,0.001,0.000666667, ,,
7696,0.001,0.002,0.002,0.001666667, ,0.001,0,0,0.000333333, ,,
7697,0.002,0.001,0.002,0.001666667, ,0,0.001,0.001,0.000666667, ,,
7698,0.002,0.002,0.002,0.002, ,0,0,0,0, ,,
7699,0.002,0.002,0.002,0.002, ,0.001,0,0.001,0.000666667, ,,
7700,0.002,0.002,0.002,0.002, ,0,0.001,0,0.000333333, ,,
7701,0.002,0.002,0.002,0.002, ,0,0,0.001,0.000333333, ,,
7702,0.002,0.002,0.002,0.002, ,0.001,0.001,0.001,0.001, ,,
7703,0.002,0.002,0.001,0.001666667, ,0,0,0,0, ,,
7704,0.002,0.002,0.002,0.002, ,0,0.001,0.001,0.000666667, ,,
7705,0.001,0.001,0.003,0.001666667, ,0.001,0.001,0.001,0.001, ,,
7706,0.002,0.002,0.002,0.002, ,0,0,0,0, ,,
7707,0.002,0.002,0.002,0.002, ,0,0.001,0.001,0.000666667, ,,
7708,0.002,0.002,0.002,0.002, ,0.001,0,0.001,0.000666667, ,,
7709,0.002,0.002,0.002,0.002, ,0,0.001,0,0.000333333, ,,
7710,0.002,0.002,0.002,0.002, ,0.001,0,0.001,0.000666667, ,,
7711,0.002,0.002,0.001,0.001666667, ,0,0.001,0.001,0.000666667, ,,
7712,0.001,0.002,0.002,0.001666667, ,0,0,0,0, ,,
7713,0.002,0.002,0.002,0.002, ,0.001,0.001,0.001,0.001, ,,
7714,0.002,0.001,0.002,0.001666667, ,0,0,0,0, ,,
7715,0.002,0.002,0.002,0.002, ,0,0.001,0.001,0.000666667, ,,
7716,0.002,0.002,0.002,0.002, ,0.001,0,0.001,0.000666667, ,,
7717,0.002,0.002,0.002,0.002, ,0,0.001,0.002,0.001, ,,
7718,0.002,0.002,0.002,0.002, ,0.001,0.001,0.001,0.001, ,,
7719,0.002,0.002,0.001,0.001666667, ,0,0,0.001,0.000333333, ,,
7720,0.004,0.002,0.003,0.003, ,0.001,0.001,0.001,0.001, ,,
7721,0.002,0.002,0.001,0.001666667, ,0,0.001,0.001,0.000666667, ,,
7722,0.002,0.002,0.002,0.002, ,0.001,0,0,0.000333333, ,,
7723,0.002,0.002,0.002,0.002, ,0,0.001,0.001,0.000666667, ,,
7724,0.002,0.001,0.002,0.001666667, ,0.001,0,0.001,0.000666667, ,,
7725,0.002,0.002,0.002,0.002, ,0,0.001,0.001,0.000666667, ,,
7726,0.001,0.002,0.002,0.001666667, ,0,0,0,0, ,,
7727,0.002,0.002,0.002,0.002, ,0.001,0.001,0.001,0.001, ,,
7728,0.002,0.002,0.001,0.001666667, ,0,0,0.001,0.000333333, ,,
7729,0.002,0.002,0.002,0.002, ,0,0.001,0,0.000333333, ,,
7730,0.002,0.001,0.002,0.001666667, ,0.001,0,0.001,0.000666667, ,,
7731,0.002,0.002,0.002,0.002, ,0,0.001,0.001,0.000666667, ,,
7732,0.002,0.002,0.002,0.002, ,0,0,0,0, ,,
7733,0.001,0.002,0.002,0.001666667, ,0.001,0.001,0.001,0.001, ,,
7734,0.002,0.002,0.001,0.001666667, ,0,0,0.001,0.000333333, ,,
7735,0.002,0.002,0.002,0.002, ,0.001,0.001,0.001,0.001, ,,
7736,0.002,0.002,0.002,0.002, ,0,0,0.001,0.000333333, ,,
7737,0.002,0.002,0.005,0.003, ,0.001,0.001,0,0.000666667, ,,
7738,0.002,0.001,0.001,0.001333333, ,0,0,0.001,0.000333333, ,,
7739,0.002,0.002,0.002,0.002, ,0,0.001,0.001,0.000666667, ,,
7740,0.001,0.002,0.002,0.001666667, ,0.001,0,0,0.000333333, ,,
7741,0.002,0.002,0.002,0.002, ,0,0.001,0.001,0.000666667, ,,
7742,0.002,0.002,0.002,0.002, ,0,0,0,0, ,,
7743,0.002,0.002,0.002,0.002, ,0.001,0,0.001,0.000666667, ,,
7744,0.002,0.001,0.002,0.001666667, ,0,0.001,0.001,0.000666667, ,,
7745,0.002,0.002,0.002,0.002, ,0,0,0,0, ,,
7746,0.002,0.002,0.002,0.002, ,0.001,0.001,0.001,0.001, ,,
7747,0.002,0.002,0.002,0.002, ,0,0,0,0, ,,
7748,0.002,0.002,0.002,0.002, ,0,0.001,0.001,0.000666667, ,,
7749,0.002,0.002,0.001,0.001666667, ,0.001,0,0.001,0.000666667, ,,
7750,0.002,0.002,0.002,0.002, ,0,0.001,0.001,0.000666667, ,,
7751,0.002,0.002,0.002,0.002, ,0.001,0.001,0.001,0.001, ,,
7752,0.002,0.002,0.002,0.002, ,0,0,0,0, ,,
7753,0.002,0.001,0.002,0.001666667, ,0.001,0.001,0.001,0.001, ,,
7754,0.001,0.002,0.002,0.001666667, ,0,0,0,0, ,,
7755,0.002,0.002,0.002,0.002, ,0,0,0.001,0.000333333, ,,
7756,0.002,0.002,0.002,0.002, ,0.001,0.001,0,0.000666667, ,,
7757,0.002,0.002,0.002,0.002, ,0,0,0.001,0.000333333, ,,
7758,0.002,0.002,0.001,0.001666667, ,0,0.001,0.001,0.000666667, ,,
7759,0.002,0.003,0.002,0.002333333, ,0,0,0,0, ,,
7760,0.001,0.002,0.002,0.001666667, ,0.001,0,0,0.000333333, ,,
7761,0.002,0.002,0.002,0.002, ,0,0.001,0.001,0.000666667, ,,
7762,0.002,0.003,0.002,0.002333333, ,0,0,0,0, ,,
7763,0.002,0.002,0.002,0.002, ,0,0,0,0, ,,
7764,0.002,0.001,0.002,0.001666667, ,0.001,0,0.001,0.000666667, ,,
7765,0.002,0.002,0.002,0.002, ,0,0.001,0,0.000333333, ,,
7766,0.002,0.002,0.002,0.002, ,0,0,0,0, ,,
7767,0.002,0.002,0.001,0.001666667, ,0,0,0.001,0.000333333, ,,
7768,0.001,0.002,0.003,0.002, ,0.001,0.001,0,0.000666667, ,,
7769,0.002,0.002,0.002,0.002, ,0,0,0.001,0.000333333, ,,
7770,0.002,0.002,0.001,0.001666667, ,0,0.001,0.001,0.000666667, ,,
7771,0.002,0.002,0.002,0.002, ,0.001,0,0,0.000333333, ,,
7772,0.002,0.002,0.002,0.002, ,0,0.001,0.001,0.000666667, ,,
7773,0.002,0.001,0.002,0.001666667, ,0,0,0.001,0.000333333, ,,
7774,0.002,0.002,0.002,0.002, ,0.001,0.001,0.001,0.001, ,,
7775,0.002,0.002,0.002,0.002, ,0,0,0,0, ,,
7776,0.001,0.002,0.002,0.001666667, ,0.001,0.001,0.001,0.001, ,,
7777,0.002,0.002,0.002,0.002, ,0,0,0.001,0.000333333, ,,
7778,0.002,0.002,0.002,0.002, ,0,0.001,0,0.000333333, ,,
7779,0.002,0.004,0.002,0.002666667, ,0.001,0,0.001,0.000666667, ,,
7780,0.002,0.002,0.001,0.001666667, ,0,0.001,0.001,0.000666667, ,,
7781,0.002,0.002,0.002,0.002, ,0.001,0.001,0.001,0.001, ,,
7782,0.002,0.002,0.002,0.002, ,0,0.001,0.001,0.000666667, ,,
7783,0.002,0.002,0.002,0.002, ,0.001,0,0.001,0.000666667, ,,
7784,0.001,0.002,0.002,0.001666667, ,0,0.001,0.001,0.000666667, ,,
7785,0.002,0.002,0.002,0.002, ,0,0.001,0.001,0.000666667, ,,
7786,0.002,0.002,0.002,0.002, ,0.001,0,0,0.000333333, ,,
7787,0.002,0.002,0.002,0.002, ,0,0,0.001,0.000333333, ,,
7788,0.002,0.001,0.002,0.001666667, ,0,0.001,0,0.000333333, ,,
7789,0.002,0.002,0.002,0.002, ,0.001,0,0.001,0.000666667, ,,
7790,0.002,0.002,0.002,0.002, ,0,0.001,0.001,0.000666667, ,,
7791,0.002,0.002,0.001,0.001666667, ,0,0,0,0, ,,
7792,0.002,0.002,0.003,0.002333333, ,0.001,0.001,0.001,0.001, ,,
7793,0.002,0.002,0.001,0.001666667, ,0,0.001,0.001,0.000666667, ,,
7794,0.002,0.002,0.002,0.002, ,0.001,0,0,0.000333333, ,,
7795,0.001,0.002,0.002,0.001666667, ,0,0,0.001,0.000333333, ,,
7796,0.002,0.002,0.002,0.002, ,0,0.001,0.001,0.000666667, ,,
7797,0.002,0.002,0.002,0.002, ,0.001,0.001,0,0.000666667, ,,
7798,0.002,0.001,0.002,0.001666667, ,0,0,0.001,0.000333333, ,,
7799,0.002,0.002,0.002,0.002, ,0.001,0.001,0.001,0.001, ,,
7800,0.002,0.002,0.002,0.002, ,0,0,0.001,0.000333333, ,,
7801,0.002,0.002,0.002,0.002, ,0.001,0.001,0.001,0.001, ,,
7802,0.001,0.002,0.002,0.001666667, ,0,0.001,0,0.000333333, ,,
7803,0.002,0.002,0.002,0.002, ,0,0,0.001,0.000333333, ,,
7804,0.002,0.002,0.002,0.002, ,0.001,0.001,0.001,0.001, ,,
7805,0.002,0.002,0.001,0.001666667, ,0,0,0,0, ,,
7806,0.002,0.002,0.002,0.002, ,0,0.001,0.001,0.000666667, ,,
7807,0.002,0.001,0.002,0.001666667, ,0.001,0,0.001,0.000666667, ,,
7808,0.002,0.002,0.002,0.002, ,0,0.001,0,0.000333333, ,,
7809,0.002,0.002,0.002,0.002, ,0.001,0,0.001,0.000666667, ,,
7810,0.002,0.002,0.002,0.002, ,0,0.001,0.001,0.000666667, ,,
7811,0.001,0.002,0.002,0.001666667, ,0,0,0,0, ,,
7812,0.002,0.002,0.002,0.002, ,0.001,0.001,0.001,0.001, ,,
7813,0.002,0.002,0.001,0.001666667, ,0,0.001,0.001,0.000666667, ,,
7814,0.002,0.002,0.002,0.002, ,0.001,0.001,0.001,0.001, ,,
7815,0.002,0.001,0.002,0.001666667, ,0,0,0.001,0.000333333, ,,
7816,0.002,0.002,0.002,0.002, ,0.001,0.001,0.001,0.001, ,,
7817,0.002,0.002,0.002,0.002, ,0,0,0,0, ,,
7818,0.001,0.002,0.002,0.001666667, ,0,0.001,0.001,0.000666667, ,,
7819,0.002,0.002,0.002,0.002, ,0.001,0,0,0.000333333, ,,
7820,0.002,0.002,0.002,0.002, ,0,0.001,0.001,0.000666667, ,,
7821,0.004,0.002,0.002,0.002666667, ,0,0,0,0, ,,
7822,0.002,0.001,0.001,0.001333333, ,0.001,0,0.001,0.000666667, ,,
7823,0.002,0.002,0.002,0.002, ,0,0.001,0,0.000333333, ,,
7824,0.002,0.002,0.002,0.002, ,0,0,0.001,0.000333333, ,,
7825,0.002,0.002,0.002,0.002, ,0.001,0.001,0,0.000666667, ,,
7826,0.002,0.002,0.002,0.002, ,0,0,0.001,0.000333333, ,,
7827,0.001,0.002,0.002,0.001666667, ,0,0,0,0, ,,
7828,0.002,0.001,0.002,0.001666667, ,0,0.001,0.001,0.000666667, ,,
7829,0.002,0.002,0.002,0.002, ,0.001,0,0.001,0.000666667, ,,
7830,0.002,0.002,0.001,0.001666667, ,0,0.001,0,0.000333333, ,,
7831,0.002,0.002,0.002,0.002, ,0,0,0.001,0.000333333, ,,
7832,0.002,0.002,0.002,0.002, ,0.001,0.001,0.001,0.001, ,,
7833,0.002,0.002,0.002,0.002, ,0,0.001,0.001,0.000666667, ,,
7834,0.001,0.001,0.002,0.001333333, ,0.001,0,0.001,0.000666667, ,,
7835,0.002,0.002,0.002,0.002, ,0,0.001,0,0.000333333, ,,
7836,0.002,0.002,0.002,0.002, ,0.001,0,0.001,0.000666667, ,,
7837,0.002,0.002,0.002,0.002, ,0,0.001,0.001,0.000666667, ,,
7838,0.002,0.002,0.004,0.002666667, ,0,0.001,0.001,0.000666667, ,,
7839,0.002,0.002,0.002,0.002, ,0.001,0.001,0,0.000666667, ,,
7840,0.002,0.002,0.002,0.002, ,0.001,0.001,0.001,0.001, ,,
7841,0.001,0.002,0.001,0.001333333, ,0,0.001,0.001,0.000666667, ,,
7842,0.002,0.001,0.002,0.001666667, ,0,0,0,0, ,,
7843,0.002,0.002,0.002,0.002, ,0.001,0.001,0.001,0.001, ,,
7844,0.002,0.003,0.002,0.002333333, ,0,0.001,0.001,0.000666667, ,,
7845,0.002,0.002,0.002,0.002, ,0.001,0,0.001,0.000666667, ,,
7846,0.002,0.002,0.002,0.002, ,0,0.001,0.001,0.000666667, ,,
7847,0.002,0.002,0.001,0.001666667, ,0.001,0.001,0.001,0.001, ,,
7848,0.001,0.002,0.002,0.001666667, ,0,0.001,0.001,0.000666667, ,,
7849,0.002,0.002,0.002,0.002, ,0.001,0,0.001,0.000666667, ,,
7850,0.002,0.002,0.002,0.002, ,0,0.001,0,0.000333333, ,,
7851,0.002,0.002,0.002,0.002, ,0.001,0,0.001,0.000666667, ,,
7852,0.002,0.002,0.002,0.002, ,0,0.001,0.001,0.000666667, ,,
7853,0.002,0.002,0.002,0.002, ,0,0,0.001,0.000333333, ,,
7854,0.002,0.001,0.001,0.001333333, ,0.001,0.001,0,0.000666667, ,,
7855,0.002,0.002,0.002,0.002, ,0,0,0.001,0.000333333, ,,
7856,0.001,0.002,0.002,0.001666667, ,0,0.001,0,0.000333333, ,,
7857,0.002,0.002,0.002,0.002, ,0.001,0,0.001,0.000666667, ,,
7858,0.002,0.002,0.002,0.002, ,0,0.001,0.001,0.000666667, ,,
7859,0.002,0.002,0.002,0.002, ,0.001,0,0,0.000333333, ,,
7860,0.002,0.002,0.002,0.002, ,0,0.001,0.001,0.000666667, ,,
7861,0.002,0.002,0.001,0.001666667, ,0.001,0.001,0.001,0.001, ,,
7862,0.001,0.001,0.002,0.001333333, ,0,0.001,0.001,0.000666667, ,,
7863,0.002,0.002,0.002,0.002, ,0,0,0,0, ,,
7864,0.002,0.002,0.002,0.002, ,0.001,0.001,0.001,0.001, ,,
7865,0.002,0.002,0.002,0.002, ,0,0,0.001,0.000333333, ,,
7866,0.002,0.002,0.002,0.002, ,0.001,0.001,0.001,0.001, ,,
7867,0.002,0.002,0.003,0.002333333, ,0,0,0,0, ,,
7868,0.001,0.001,0.001,0.001, ,0,0.001,0.001,0.000666667, ,,
7869,0.002,0.002,0.002,0.002, ,0.001,0,0.001,0.000666667, ,,
7870,0.002,0.002,0.002,0.002, ,0,0.001,0,0.000333333, ,,
7871,0.003,0.002,0.002,0.002333333, ,0,0,0.001,0.000333333, ,,
7872,0.002,0.002,0.002,0.002, ,0.001,0.001,0.001,0.001, ,,
7873,0.002,0.002,0.002,0.002, ,0,0,0,0, ,,
7874,0.002,0.001,0.002,0.001666667, ,0,0.001,0.001,0.000666667, ,,
7875,0.002,0.002,0.002,0.002, ,0.001,0,0,0.000333333, ,,
7876,0.002,0.002,0.002,0.002, ,0,0.001,0.001,0.000666667, ,,
7877,0.002,0.002,0.002,0.002, ,0,0,0.001,0.000333333, ,,
7878,0.002,0.002,0.002,0.002, ,0.001,0.001,0.001,0.001, ,,
7879,0.002,0.002,0.001,0.001666667, ,0,0.001,0.001,0.000666667, ,,
7880,0.003,0.004,0.002,0.003, ,0.001,0,0.001,0.000666667, ,,
7881,0.002,0.002,0.002,0.002, ,0,0.001,0,0.000333333, ,,
7882,0.001,0.002,0.003,0.002, ,0,0,0.001,0.000333333, ,,
7883,0.003,0.002,0.002,0.002333333, ,0.001,0,0,0.000333333, ,,
7884,0.002,0.002,0.002,0.002, ,0,0.001,0.001,0.000666667, ,,
7885,0.002,0.002,0.002,0.002, ,0,0,0,0, ,,
7886,0.002,0.002,0.003,0.002333333, ,0,0.001,0,0.000333333, ,,
7887,0.002,0.002,0.002,0.002, ,0.001,0,0.001,0.000666667, ,,
7888,0.002,0.001,0.003,0.002, ,0,0,0,0, ,,
7889,0.002,0.002,0.002,0.002, ,0,0.001,0.001,0.000666667, ,,
7890,0.002,0.002,0.002,0.002, ,0,0,0,0, ,,
7891,0.002,0.002,0.002,0.002, ,0,0,0,0, ,,
7892,0.002,0.002,0.002,0.002, ,0.001,0,0,0.000333333, ,,
7893,0.002,0.002,0.002,0.002, ,0,0.001,0.001,0.000666667, ,,
7894,0.002,0.002,0.002,0.002, ,0,0,0,0, ,,
7895,0.002,0.001,0.002,0.001666667, ,0,0.002,0.001,0.001, ,,
7896,0.002,0.002,0.002,0.002, ,0.001,0.001,0,0.000666667, ,,
7897,0.002,0.002,0.003,0.002333333, ,0,0.001,0.001,0.000666667, ,,
7898,0.002,0.002,0.002,0.002, ,0,0.001,0.001,0.000666667, ,,
7899,0.002,0.002,0.002,0.002, ,0.001,0.001,0.001,0.001, ,,
7900,0.002,0.002,0.002,0.002, ,0,0,0.001,0.000333333, ,,
7901,0.002,0.002,0.002,0.002, ,0.001,0.001,0,0.000666667, ,,
7902,0.002,0.002,0.002,0.002, ,0,0,0.001,0.000333333, ,,
7903,0.002,0.001,0.002,0.001666667, ,0,0.001,0,0.000333333, ,,
7904,0.002,0.002,0.002,0.002, ,0,0.001,0.001,0.000666667, ,,
7905,0.002,0.002,0.003,0.002333333, ,0.001,0,0.001,0.000666667, ,,
7906,0.002,0.002,0.002,0.002, ,0,0.001,0,0.000333333, ,,
7907,0.002,0.002,0.002,0.002, ,0,0,0.001,0.000333333, ,,
7908,0.002,0.002,0.002,0.002, ,0.001,0.001,0,0.000666667, ,,
7909,0.002,0.002,0.002,0.002, ,0,0,0.001,0.000333333, ,,
7910,0.002,0.001,0.002,0.001666667, ,0.001,0.001,0.001,0.001, ,,
7911,0.002,0.002,0.003,0.002333333, ,0,0.001,0.001,0.000666667, ,,
7912,0.002,0.002,0.002,0.002, ,0.001,0.001,0.001,0.001, ,,
7913,0.002,0.002,0.002,0.002, ,0,0,0.001,0.000333333, ,,
7914,0.002,0.002,0.002,0.002, ,0,0,0,0, ,,
7915,0.003,0.002,0.002,0.002333333, ,0.001,0.001,0.001,0.001, ,,
7916,0.003,0.002,0.003,0.002666667, ,0,0.001,0.001,0.000666667, ,,
7917,0.002,0.001,0.002,0.001666667, ,0,0,0,0, ,,
7918,0.002,0.002,0.002,0.002, ,0.001,0.001,0.001,0.001, ,,
7919,0.002,0.002,0.002,0.002, ,0,0,0,0, ,,
7920,0.002,0.002,0.002,0.002, ,0,0.001,0.001,0.000666667, ,,
7921,0.002,0.002,0.002,0.002, ,0.001,0,0.001,0.000666667, ,,
7922,0.004,0.002,0.003,0.003, ,0,0.001,0.001,0.000666667, ,,
7923,0.002,0.002,0.002,0.002, ,0,0,0,0, ,,
7924,0.002,0.002,0.002,0.002, ,0.001,0.001,0.001,0.001, ,,
7925,0.002,0.001,0.002,0.001666667, ,0,0,0.001,0.000333333, ,,
7926,0.002,0.002,0.002,0.002, ,0.001,0.001,0.001,0.001, ,,
7927,0.002,0.002,0.002,0.002, ,0,0.001,0.001,0.000666667, ,,
7928,0.002,0.002,0.002,0.002, ,0.001,0,0,0.000333333, ,,
7929,0.002,0.002,0.002,0.002, ,0,0.001,0.001,0.000666667, ,,
7930,0.002,0.002,0.002,0.002, ,0.001,0,0.001,0.000666667, ,,
7931,0.002,0.001,0.002,0.001666667, ,0,0.001,0.001,0.000666667, ,,
7932,0.002,0.002,0.002,0.002, ,0,0,0.001,0.000333333, ,,
7933,0.001,0.002,0.002,0.001666667, ,0.001,0.001,0,0.000666667, ,,
7934,0.002,0.002,0.002,0.002, ,0,0,0.001,0.000333333, ,,
7935,0.002,0.002,0.002,0.002, ,0.001,0.001,0.001,0.001, ,,
7936,0.002,0.002,0.002,0.002, ,0,0,0,0, ,,
7937,0.002,0.002,0.002,0.002, ,0,0.001,0.001,0.000666667, ,,
7938,0.002,0.001,0.002,0.001666667, ,0.001,0,0.001,0.000666667, ,,
7939,0.002,0.002,0.004,0.002666667, ,0,0.001,0,0.000333333, ,,
7940,0.002,0.002,0.002,0.002, ,0,0,0.001,0.000333333, ,,
7941,0.002,0.002,0.002,0.002, ,0.001,0.001,0.001,0.001, ,,
7942,0.002,0.002,0.002,0.002, ,0.001,0.001,0.001,0.001, ,,
7943,0.002,0.002,0.002,0.002, ,0,0.002,0.001,0.001, ,,
7944,0.002,0.002,0.001,0.001666667, ,0.001,0,0.001,0.000666667, ,,
7945,0.002,0.002,0.002,0.002, ,0,0.001,0.001,0.000666667, ,,
7946,0.002,0.001,0.002,0.001666667, ,0,0,0,0, ,,
7947,0.002,0.002,0.002,0.002, ,0,0,0.001,0.000333333, ,,
7948,0.002,0.002,0.002,0.002, ,0.001,0.001,0.001,0.001, ,,
7949,0.002,0.002,0.002,0.002, ,0,0,0,0, ,,
7950,0.002,0.002,0.002,0.002, ,0,0.001,0.001,0.000666667, ,,
7951,0.003,0.002,0.002,0.002333333, ,0.001,0,0,0.000333333, ,,
7952,0.002,0.002,0.002,0.002, ,0,0.001,0.001,0.000666667, ,,
7953,0.002,0.002,0.002,0.002, ,0,0,0,0, ,,
7954,0.002,0.002,0.002,0.002, ,0.001,0,0.001,0.000666667, ,,
7955,0.001,0.002,0.002,0.001666667, ,0,0.001,0,0.000333333, ,,
7956,0.002,0.001,0.002,0.001666667, ,0,0,0.001,0.000333333, ,,
7957,0.002,0.002,0.002,0.002, ,0.001,0.001,0,0.000666667, ,,
7958,0.002,0.002,0.002,0.002, ,0,0,0.001,0.000333333, ,,
7959,0.002,0.002,0.002,0.002, ,0,0.001,0.001,0.000666667, ,,
7960,0.002,0.003,0.001,0.002, ,0.001,0,0,0.000333333, ,,
7961,0.002,0.002,0.002,0.002, ,0,0.001,0.001,0.000666667, ,,
7962,0.002,0.002,0.003,0.002333333, ,0,0,0.001,0.000333333, ,,
7963,0.002,0.002,0.001,0.001666667, ,0.001,0.001,0,0.000666667, ,,
7964,0.002,0.002,0.002,0.002, ,0,0,0.001,0.000333333, ,,
7965,0.002,0.002,0.002,0.002, ,0.001,0.001,0.001,0.001, ,,
7966,0.002,0.002,0.002,0.002, ,0,0,0.001,0.000333333, ,,
7967,0.002,0.002,0.002,0.002, ,0,0.001,0,0.000333333, ,,
7968,0.002,0.002,0.002,0.002, ,0.001,0,0.001,0.000666667, ,,
7969,0.002,0.002,0.002,0.002, ,0,0.001,0,0.000333333, ,,
7970,0.002,0.001,0.002,0.001666667, ,0,0,0.001,0.000333333, ,,
7971,0.002,0.002,0.002,0.002, ,0.001,0.001,0,0.000666667, ,,
7972,0.002,0.002,0.002,0.002, ,0,0,0.001,0.000333333, ,,
7973,0.002,0.002,0.001,0.001666667, ,0.001,0.001,0.001,0.001, ,,
7974,0.002,0.002,0.002,0.002, ,0,0.002,0.001,0.001, ,,
7975,0.002,0.002,0.002,0.002, ,0.001,0.001,0.001,0.001, ,,
7976,0.002,0.002,0.002,0.002, ,0,0.001,0.001,0.000666667, ,,
7977,0.002,0.002,0.002,0.002, ,0.001,0.001,0.001,0.001, ,,
7978,0.002,0.002,0.002,0.002, ,0,0,0.001,0.000333333, ,,
7979,0.002,0.001,0.002,0.001666667, ,0,0.001,0,0.000333333, ,,
7980,0.002,0.002,0.002,0.002, ,0.001,0.001,0.001,0.001, ,,
7981,0.001,0.005,0.002,0.002666667, ,0,0,0.001,0.000333333, ,,
7982,0.002,0.002,0.002,0.002, ,0,0.001,0,0.000333333, ,,
7983,0.002,0.002,0.002,0.002, ,0.001,0,0.001,0.000666667, ,,
7984,0.002,0.002,0.002,0.002, ,0,0.001,0,0.000333333, ,,
7985,0.002,0.002,0.001,0.001666667, ,0,0,0.001,0.000333333, ,,
7986,0.002,0.002,0.002,0.002, ,0.001,0.001,0,0.000666667, ,,
7987,0.002,0.002,0.002,0.002, ,0,0,0.001,0.000333333, ,,
7988,0.002,0.002,0.002,0.002, ,0,0.001,0.001,0.000666667, ,,
7989,0.002,0.002,0.002,0.002, ,0.001,0.001,0.001,0.001, ,,
7990,0.002,0.002,0.002,0.002, ,0,0,0,0, ,,
7991,0.002,0.002,0.002,0.002, ,0.001,0.001,0.001,0.001, ,,
7992,0.002,0.002,0.002,0.002, ,0,0,0,0, ,,
7993,0.002,0.002,0.002,0.002, ,0,0.001,0.001,0.000666667, ,,
7994,0.002,0.001,0.002,0.001666667, ,0.001,0,0.001,0.000666667, ,,
7995,0.002,0.002,0.002,0.002, ,0,0.001,0,0.000333333, ,,
7996,0.002,0.002,0.002,0.002, ,0,0,0.001,0.000333333, ,,
7997,0.002,0.002,0.002,0.002, ,0.001,0.001,0,0.000666667, ,,
7998,0.002,0.002,0.001,0.001666667, ,0,0,0.001,0.000333333, ,,
7999,0.002,0.002,0.002,0.002, ,0,0.001,0,0.000333333, ,,
8000,0.002,0.002,0.002,0.002, ,0.001,0,0.001,0.000666667, ,,
8001,0.002,0.002,0.002,0.002, ,0,0.001,0,0.000333333, ,,
8002,0.002,0.002,0.002,0.002, ,0,0,0.001,0.000333333, ,,
8003,0.002,0.002,0.002,0.002, ,0.001,0.001,0,0.000666667, ,,
8004,0.002,0.001,0.002,0.001666667, ,0,0,0.001,0.000333333, ,,
8005,0.002,0.003,0.002,0.002333333, ,0,0.001,0.001,0.000666667, ,,
8006,0.001,0.002,0.002,0.001666667, ,0.001,0.001,0.001,0.001, ,,
8007,0.002,0.002,0.002,0.002, ,0.001,0.001,0.001,0.001, ,,
8008,0.002,0.001,0.002,0.001666667, ,0,0,0.001,0.000333333, ,,
8009,0.002,0.002,0.002,0.002, ,0.001,0.001,0,0.000666667, ,,
8010,0.002,0.002,0.002,0.002, ,0,0,0.001,0.000333333, ,,
8011,0.002,0.002,0.002,0.002, ,0,0.001,0,0.000333333, ,,
8012,0.002,0.002,0.002,0.002, ,0.001,0,0.001,0.000666667, ,,
8013,0.002,0.002,0.002,0.002, ,0,0.001,0.001,0.000666667, ,,
8014,0.002,0.002,0.002,0.002, ,0,0,0,0, ,,
8015,0.002,0.002,0.001,0.001666667, ,0.001,0.001,0.001,0.001, ,,
8016,0.002,0.002,0.002,0.002, ,0,0,0,0, ,,
8017,0.002,0.002,0.002,0.002, ,0,0,0.001,0.000333333, ,,
8018,0.002,0.002,0.002,0.002, ,0,0,0,0, ,,
8019,0.002,0.001,0.002,0.001666667, ,0.001,0.001,0,0.000666667, ,,
8020,0.002,0.002,0.002,0.002, ,0,0,0.001,0.000333333, ,,
8021,0.002,0.002,0.002,0.002, ,0,0,0,0, ,,
8022,0.001,0.002,0.002,0.001666667, ,0,0.001,0,0.000333333, ,,
8023,0.005,0.002,0.002,0.003, ,0.001,0,0.001,0.000666667, ,,
8024,0.002,0.002,0.002,0.002, ,0,0.001,0.001,0.000666667, ,,
8025,0.002,0.002,0.002,0.002, ,0,0,0,0, ,,
8026,0.001,0.002,0.001,0.001333333, ,0.001,0.001,0.001,0.001, ,,
8027,0.002,0.002,0.002,0.002, ,0,0,0.001,0.000333333, ,,
8028,0.002,0.002,0.002,0.002, ,0.001,0.001,0.001,0.001, ,,
8029,0.002,0.002,0.002,0.002, ,0,0.001,0.001,0.000666667, ,,
8030,0.002,0.001,0.002,0.001666667, ,0.001,0,0,0.000333333, ,,
8031,0.002,0.002,0.002,0.002, ,0,0.001,0.001,0.000666667, ,,
8032,0.002,0.002,0.002,0.002, ,0,0,0.001,0.000333333, ,,
8033,0.002,0.002,0.002,0.002, ,0.001,0.001,0.001,0.001, ,,
8034,0.002,0.002,0.002,0.002, ,0,0.001,0,0.000333333, ,,
8035,0.002,0.002,0.002,0.002, ,0.001,0,0.001,0.000666667, ,,
8036,0.002,0.002,0.002,0.002, ,0,0.001,0.001,0.000666667, ,,
8037,0.002,0.002,0.002,0.002, ,0.001,0.001,0.001,0.001, ,,
8038,0.002,0.002,0.002,0.002, ,0,0,0.001,0.000333333, ,,
8039,0.002,0.002,0.005,0.003, ,0.001,0.001,0.001,0.001, ,,
8040,0.002,0.001,0.002,0.001666667, ,0,0.001,0.001,0.000666667, ,,
8041,0.002,0.002,0.002,0.002, ,0.001,0.001,0.001,0.001, ,,
8042,0.002,0.002,0.002,0.002, ,0,0,0,0, ,,
8043,0.001,0.002,0.002,0.001666667, ,0.001,0.001,0.001,0.001, ,,
8044,0.002,0.002,0.002,0.002, ,0,0,0.001,0.000333333, ,,
8045,0.002,0.002,0.002,0.002, ,0.001,0.001,0.001,0.001, ,,
8046,0.002,0.002,0.002,0.002, ,0,0,0,0, ,,
8047,0.002,0.002,0.001,0.001666667, ,0,0.001,0.001,0.000666667, ,,
8048,0.002,0.002,0.002,0.002, ,0.001,0,0.001,0.000666667, ,,
8049,0.002,0.002,0.002,0.002, ,0,0.001,0,0.000333333, ,,
8050,0.002,0.002,0.002,0.002, ,0.001,0,0.001,0.000666667, ,,
8051,0.002,0.001,0.002,0.001666667, ,0,0.001,0.001,0.000666667, ,,
8052,0.002,0.002,0.002,0.002, ,0.001,0.001,0.001,0.001, ,,
8053,0.001,0.002,0.002,0.001666667, ,0,0,0,0, ,,
8054,0.002,0.002,0.002,0.002, ,0.001,0.001,0.001,0.001, ,,
8055,0.002,0.002,0.002,0.002, ,0,0,0.001,0.000333333, ,,
8056,0.002,0.002,0.002,0.002, ,0,0.001,0.001,0.000666667, ,,
8057,0.002,0.002,0.002,0.002, ,0.001,0,0.001,0.000666667, ,,
8058,0.002,0.002,0.002,0.002, ,0,0.001,0.001,0.000666667, ,,
8059,0.002,0.002,0.001,0.001666667, ,0.001,0.001,0.001,0.001, ,,
8060,0.002,0.002,0.002,0.002, ,0,0,0,0, ,,
8061,0.002,0.001,0.002,0.001666667, ,0,0.001,0.001,0.000666667, ,,
8062,0.002,0.002,0.002,0.002, ,0.001,0,0,0.000333333, ,,
8063,0.002,0.002,0.002,0.002, ,0,0,0.001,0.000333333, ,,
8064,0.002,0.002,0.002,0.002, ,0.001,0.001,0.001,0.001, ,,
8065,0.002,0.002,0.002,0.002, ,0,0.001,0.001,0.000666667, ,,
8066,0.001,0.002,0.002,0.001666667, ,0,0,0.001,0.000333333, ,,
8067,0.002,0.002,0.002,0.002, ,0.001,0,0,0.000333333, ,,
8068,0.002,0.002,0.001,0.001666667, ,0,0.001,0.001,0.000666667, ,,
8069,0.002,0.002,0.002,0.002, ,0.001,0.001,0.001,0.001, ,,
8070,0.002,0.002,0.002,0.002, ,0,0.001,0.001,0.000666667, ,,
8071,0.002,0.001,0.002,0.001666667, ,0.001,0,0.001,0.000666667, ,,
8072,0.002,0.002,0.002,0.002, ,0,0.001,0.001,0.000666667, ,,
8073,0.002,0.002,0.002,0.002, ,0.001,0,0.001,0.000666667, ,,
8074,0.002,0.002,0.002,0.002, ,0,0.001,0,0.000333333, ,,
8075,0.002,0.002,0.002,0.002, ,0,0,0.001,0.000333333, ,,
8076,0.001,0.002,0.002,0.001666667, ,0.001,0,0,0.000333333, ,,
8077,0.002,0.002,0.002,0.002, ,0,0.001,0.001,0.000666667, ,,
8078,0.002,0.002,0.002,0.002, ,0,0,0.001,0.000333333, ,,
8079,0.002,0.002,0.001,0.001666667, ,0.001,0.001,0,0.000666667, ,,
8080,0.002,0.002,0.002,0.002, ,0,0,0.001,0.000333333, ,,
8081,0.002,0.005,0.002,0.003, ,0,0.001,0.001,0.000666667, ,,
8082,0.002,0.002,0.002,0.002, ,0.001,0,0,0.000333333, ,,
8083,0.002,0.002,0.002,0.002, ,0,0,0.001,0.000333333, ,,
8084,0.002,0.002,0.002,0.002, ,0.001,0.001,0,0.000666667, ,,
8085,0.002,0.002,0.002,0.002, ,0,0,0.001,0.000333333, ,,
8086,0.002,0.002,0.002,0.002, ,0,0.001,0.001,0.000666667, ,,
8087,0.002,0.002,0.002,0.002, ,0.001,0.001,0.001,0.001, ,,
8088,0.001,0.002,0.002,0.001666667, ,0,0.001,0.001,0.000666667, ,,
8089,0.002,0.001,0.001,0.001333333, ,0.001,0.001,0.001,0.001, ,,
8090,0.002,0.002,0.002,0.002, ,0.001,0.001,0.001,0.001, ,,
8091,0.002,0.002,0.002,0.002, ,0,0,0.001,0.000333333, ,,
8092,0.002,0.002,0.002,0.002, ,0.001,0.001,0,0.000666667, ,,
8093,0.002,0.002,0.002,0.002, ,0,0,0.001,0.000333333, ,,
8094,0.002,0.002,0.002,0.002, ,0,0.001,0.001,0.000666667, ,,
8095,0.002,0.002,0.002,0.002, ,0.001,0,0,0.000333333, ,,
8096,0.002,0.002,0.002,0.002, ,0,0.001,0.001,0.000666667, ,,
8097,0.002,0.002,0.002,0.002, ,0.001,0.001,0.001,0.001, ,,
8098,0.001,0.002,0.002,0.001666667, ,0,0,0,0, ,,
8099,0.002,0.002,0.002,0.002, ,0.001,0.001,0.001,0.001, ,,
8100,0.002,0.002,0.002,0.002, ,0,0,0.001,0.000333333, ,,
8101,0.002,0.001,0.001,0.001333333, ,0.001,0.001,0.001,0.001, ,,
8102,0.002,0.002,0.002,0.002, ,0.001,0.001,0.001,0.001, ,,
8103,0.002,0.002,0.002,0.002, ,0,0.001,0.001,0.000666667, ,,
8104,0.002,0.002,0.002,0.002, ,0.001,0,0.001,0.000666667, ,,
8105,0.002,0.002,0.002,0.002, ,0,0.001,0.001,0.000666667, ,,
8106,0.002,0.002,0.002,0.002, ,0.001,0,0,0.000333333, ,,
8107,0.002,0.002,0.002,0.002, ,0,0.001,0.001,0.000666667, ,,
8108,0.002,0.002,0.002,0.002, ,0,0,0.001,0.000333333, ,,
8109,0.001,0.002,0.001,0.001333333, ,0.001,0.001,0,0.000666667, ,,
8110,0.002,0.002,0.002,0.002, ,0,0,0.001,0.000333333, ,,
8111,0.002,0.001,0.002,0.001666667, ,0,0.001,0,0.000333333, ,,
8112,0.002,0.002,0.002,0.002, ,0.001,0,0.001,0.000666667, ,,
8113,0.002,0.002,0.002,0.002, ,0,0.001,0.001,0.000666667, ,,
8114,0.002,0.002,0.002,0.002, ,0.001,0,0,0.000333333, ,,
8115,0.002,0.002,0.002,0.002, ,0,0.001,0.001,0.000666667, ,,
8116,0.001,0.002,0.002,0.001666667, ,0.001,0,0.001,0.000666667, ,,
8117,0.002,0.002,0.002,0.002, ,0,0.001,0.001,0.000666667, ,,
8118,0.002,0.002,0.001,0.001666667, ,0.001,0,0.001,0.000666667, ,,
8119,0.002,0.002,0.002,0.002, ,0,0.001,0,0.000333333, ,,
8120,0.002,0.002,0.002,0.002, ,0,0,0.001,0.000333333, ,,
8121,0.002,0.002,0.002,0.002, ,0.001,0.001,0.001,0.001, ,,
8122,0.002,0.002,0.002,0.002, ,0,0,0,0, ,,
8123,0.006,0.002,0.002,0.003333333, ,0,0.001,0.001,0.000666667, ,,
8124,0.001,0.002,0.002,0.001666667, ,0.001,0,0,0.000333333, ,,
8125,0.002,0.002,0.002,0.002, ,0,0.001,0.001,0.000666667, ,,
8126,0.002,0.002,0.001,0.001666667, ,0,0,0,0, ,,
8127,0.002,0.002,0.002,0.002, ,0.001,0.001,0.001,0.001, ,,
8128,0.002,0.002,0.002,0.002, ,0,0,0.001,0.000333333, ,,
8129,0.002,0.002,0.002,0.002, ,0,0.001,0.001,0.000666667, ,,
8130,0.002,0.002,0.002,0.002, ,0.001,0,0,0.000333333, ,,
8131,0.002,0.002,0.002,0.002, ,0,0.001,0.001,0.000666667, ,,
8132,0.001,0.002,0.002,0.001666667, ,0,0,0,0, ,,
8133,0.003,0.002,0.002,0.002333333, ,0.001,0.001,0.002,0.001333333, ,,
8134,0.003,0.001,0.002,0.002, ,0.001,0.001,0.001,0.001, ,,
8135,0.002,0.002,0.002,0.002, ,0.001,0,0.001,0.000666667, ,,
8136,0.002,0.002,0.002,0.002, ,0,0.001,0,0.000333333, ,,
8137,0.002,0.002,0.001,0.001666667, ,0.001,0,0.001,0.000666667, ,,
8138,0.001,0.002,0.002,0.001666667, ,0,0.001,0,0.000333333, ,,
8139,0.002,0.002,0.006,0.003333333, ,0.001,0,0,0.000333333, ,,
8140,0.002,0.002,0.002,0.002, ,0,0,0.001,0.000333333, ,,
8141,0.002,0.002,0.002,0.002, ,0,0.001,0.001,0.000666667, ,,
8142,0.002,0.001,0.002,0.001666667, ,0.001,0,0,0.000333333, ,,
8143,0.002,0.002,0.002,0.002, ,0,0.001,0.001,0.000666667, ,,
8144,0.002,0.002,0.001,0.001666667, ,0,0,0,0, ,,
8145,0.002,0.002,0.002,0.002, ,0,0,0.001,0.000333333, ,,
8146,0.002,0.002,0.002,0.002, ,0.001,0.001,0,0.000666667, ,,
8147,0.001,0.002,0.002,0.001666667, ,0,0,0,0, ,,
8148,0.002,0.002,0.002,0.002, ,0,0,0.001,0.000333333, ,,
8149,0.002,0.002,0.002,0.002, ,0,0.001,0,0.000333333, ,,
8150,0.002,0.002,0.002,0.002, ,0,0,0,0, ,,
8151,0.002,0.002,0.002,0.002, ,0.001,0,0.001,0.000666667, ,,
8152,0.002,0.002,0.002,0.002, ,0,0.001,0.001,0.000666667, ,,
8153,0.002,0.002,0.001,0.001666667, ,0.001,0,0,0.000333333, ,,
8154,0.002,0.001,0.002,0.001666667, ,0,0.001,0.001,0.000666667, ,,
8155,0.002,0.002,0.002,0.002, ,0.001,0.001,0.001,0.001, ,,
8156,0.002,0.003,0.002,0.002333333, ,0.001,0,0.001,0.000666667, ,,
8157,0.002,0.002,0.002,0.002, ,0,0.001,0,0.000333333, ,,
8158,0.002,0.001,0.002,0.001666667, ,0,0,0.001,0.000333333, ,,
8159,0.002,0.002,0.002,0.002, ,0.001,0.001,0.001,0.001, ,,
8160,0.002,0.002,0.002,0.002, ,0,0,0,0, ,,
8161,0.002,0.002,0.002,0.002, ,0.001,0.001,0.001,0.001, ,,
8162,0.002,0.002,0.002,0.002, ,0,0,0,0, ,,
8163,0.002,0.002,0.002,0.002, ,0,0,0.001,0.000333333, ,,
8164,0.002,0.002,0.001,0.001666667, ,0.001,0.001,0.001,0.001, ,,
8165,0.002,0.002,0.002,0.002, ,0,0.001,0.001,0.000666667, ,,
8166,0.002,0.002,0.002,0.002, ,0.001,0,0.001,0.000666667, ,,
8167,0.002,0.001,0.002,0.001666667, ,0.001,0.001,0.001,0.001, ,,
8168,0.002,0.002,0.002,0.002, ,0,0.001,0,0.000333333, ,,
8169,0.002,0.002,0.002,0.002, ,0,0,0.001,0.000333333, ,,
8170,0.002,0.002,0.002,0.002, ,0.001,0.001,0.001,0.001, ,,
8171,0.002,0.002,0.002,0.002, ,0,0,0,0, ,,
8172,0.001,0.002,0.002,0.001666667, ,0.001,0,0.001,0.000666667, ,,
8173,0.002,0.002,0.002,0.002, ,0,0.001,0.001,0.000666667, ,,
8174,0.002,0.002,0.001,0.001666667, ,0,0,0,0, ,,
8175,0.002,0.002,0.002,0.002, ,0.001,0.001,0.001,0.001, ,,
8176,0.002,0.002,0.002,0.002, ,0,0,0.001,0.000333333, ,,
8177,0.002,0.002,0.002,0.002, ,0.001,0.001,0,0.000666667, ,,
8178,0.002,0.002,0.002,0.002, ,0,0,0.001,0.000333333, ,,
8179,0.002,0.002,0.002,0.002, ,0,0.001,0,0.000333333, ,,
8180,0.002,0.002,0.002,0.002, ,0.001,0,0.001,0.000666667, ,,
8181,0.002,0.002,0.002,0.002, ,0,0.001,0.001,0.000666667, ,,
8182,0.002,0.005,0.002,0.003, ,0.001,0.001,0.001,0.001, ,,
8183,0.002,0.002,0.002,0.002, ,0,0,0.001,0.000333333, ,,
8184,0.002,0.003,0.002,0.002333333, ,0.001,0.001,0.001,0.001, ,,
8185,0.002,0.002,0.002,0.002, ,0,0,0,0, ,,
8186,0.001,0.002,0.002,0.001666667, ,0.001,0.001,0.001,0.001, ,,
8187,0.002,0.002,0.001,0.001666667, ,0,0.001,0.001,0.000666667, ,,
8188,0.002,0.001,0.002,0.001666667, ,0.001,0,0.001,0.000666667, ,,
8189,0.002,0.002,0.002,0.002, ,0,0,0,0, ,,
8190,0.002,0.002,0.002,0.002, ,0.001,0.001,0.001,0.001, ,,
8191,0.002,0.002,0.002,0.002, ,0,0,0.001,0.000333333, ,,
8192,0.002,0.002,0.002,0.002, ,0.001,0.001,0.001,0.001, ,,
8193,0.002,0.002,0.002,0.002, ,0,0,0.001,0.000333333, ,,
8194,0.002,0.002,0.002,0.002, ,0.001,0.001,0.001,0.001, ,,
8195,0.002,0.002,0.002,0.002, ,0,0,0,0, ,,
8196,0.001,0.002,0.002,0.001666667, ,0,0.001,0.001,0.000666667, ,,
8197,0.002,0.002,0.002,0.002, ,0.001,0.001,0.002,0.001333333, ,,
8198,0.002,0.002,0.002,0.002, ,0.001,0,0.001,0.000666667, ,,
8199,0.002,0.002,0.001,0.001666667, ,0,0.001,0.001,0.000666667, ,,
8200,0.002,0.001,0.002,0.001666667, ,0.001,0.001,0.002,0.001333333, ,,
8201,0.002,0.002,0.002,0.002, ,0,0,0.001,0.000333333, ,,
8202,0.002,0.002,0.002,0.002, ,0,0,0,0, ,,
8203,0.002,0.002,0.002,0.002, ,0.001,0.001,0.001,0.001, ,,
8204,0.002,0.002,0.002,0.002, ,0,0,0.001,0.000333333, ,,
8205,0.002,0.002,0.002,0.002, ,0.001,0.001,0.001,0.001, ,,
8206,0.002,0.002,0.002,0.002, ,0,0,0.001,0.000333333, ,,
8207,0.002,0.002,0.002,0.002, ,0,0.001,0,0.000333333, ,,
8208,0.001,0.002,0.001,0.001333333, ,0.001,0,0.002,0.001, ,,
8209,0.002,0.001,0.002,0.001666667, ,0,0.001,0,0.000333333, ,,
8210,0.002,0.002,0.002,0.002, ,0,0,0.001,0.000333333, ,,
8211,0.002,0.002,0.002,0.002, ,0,0,0,0, ,,
8212,0.002,0.002,0.002,0.002, ,0.001,0.001,0.001,0.001, ,,
8213,0.002,0.002,0.002,0.002, ,0,0.001,0.001,0.000666667, ,,
8214,0.002,0.002,0.002,0.002, ,0.001,0,0.001,0.000666667, ,,
8215,0.002,0.002,0.002,0.002, ,0,0.001,0.001,0.000666667, ,,
8216,0.001,0.002,0.001,0.001333333, ,0,0,0.001,0.000333333, ,,
8217,0.002,0.002,0.002,0.002, ,0.001,0.001,0.001,0.001, ,,
8218,0.002,0.002,0.002,0.002, ,0,0.001,0.001,0.000666667, ,,
8219,0.002,0.002,0.003,0.002333333, ,0.001,0,0.001,0.000666667, ,,
8220,0.002,0.002,0.002,0.002, ,0.001,0.001,0.001,0.001, ,,
8221,0.002,0.001,0.002,0.001666667, ,0,0,0.001,0.000333333, ,,
8222,0.002,0.002,0.002,0.002, ,0,0.001,0.001,0.000666667, ,,
8223,0.005,0.002,0.002,0.003, ,0.001,0,0.001,0.000666667, ,,
8224,0.002,0.002,0.002,0.002, ,0,0.001,0.001,0.000666667, ,,
8225,0.002,0.002,0.001,0.001666667, ,0.001,0.001,0.001,0.001, ,,
8226,0.002,0.002,0.003,0.002333333, ,0,0,0.001,0.000333333, ,,
8227,0.002,0.002,0.002,0.002, ,0.001,0.001,0,0.000666667, ,,
8228,0.002,0.002,0.001,0.001666667, ,0,0,0.002,0.000666667, ,,
8229,0.002,0.002,0.002,0.002, ,0.001,0.001,0.001,0.001, ,,
8230,0.002,0.001,0.002,0.001666667, ,0,0.001,0.002,0.001, ,,
8231,0.002,0.002,0.002,0.002, ,0.001,0.001,0.001,0.001, ,,
8232,0.001,0.002,0.002,0.001666667, ,0,0.001,0.002,0.001, ,,
8233,0.002,0.002,0.002,0.002, ,0.001,0,0.001,0.000666667, ,,
8234,0.002,0.002,0.002,0.002, ,0,0.001,0,0.000333333, ,,
8235,0.002,0.002,0.002,0.002, ,0.001,0,0.001,0.000666667, ,,
8236,0.002,0.002,0.001,0.001666667, ,0,0.001,0.001,0.000666667, ,,
8237,0.002,0.001,0.002,0.001666667, ,0,0.001,0.001,0.000666667, ,,
8238,0.002,0.002,0.002,0.002, ,0.001,0,0.001,0.000666667, ,,
8239,0.002,0.002,0.006,0.003333333, ,0,0.001,0.001,0.000666667, ,,
8240,0.002,0.002,0.002,0.002, ,0,0,0.001,0.000333333, ,,
8241,0.002,0.002,0.002,0.002, ,0.001,0.001,0.001,0.001, ,,
8242,0.002,0.002,0.001,0.001666667, ,0,0,0,0, ,,
8243,0.002,0.002,0.002,0.002, ,0.001,0.001,0.001,0.001, ,,
8244,0.002,0.002,0.002,0.002, ,0,0.001,0.001,0.000666667, ,,
8245,0.002,0.001,0.002,0.001666667, ,0.001,0,0.001,0.000666667, ,,
8246,0.002,0.002,0.002,0.002, ,0,0.001,0.001,0.000666667, ,,
8247,0.002,0.002,0.002,0.002, ,0.001,0,0.001,0.000666667, ,,
8248,0.001,0.002,0.002,0.001666667, ,0,0.001,0.001,0.000666667, ,,
8249,0.002,0.002,0.002,0.002, ,0.001,0,0.001,0.000666667, ,,
8250,0.002,0.002,0.001,0.001666667, ,0,0.001,0,0.000333333, ,,
8251,0.002,0.001,0.003,0.002, ,0.001,0,0.001,0.000666667, ,,
8252,0.002,0.002,0.002,0.002, ,0,0.001,0.001,0.000666667, ,,
8253,0.002,0.002,0.002,0.002, ,0,0,0,0, ,,
8254,0.002,0.002,0.001,0.001666667, ,0.001,0.001,0.001,0.001, ,,
8255,0.002,0.002,0.002,0.002, ,0,0,0.001,0.000333333, ,,
8256,0.002,0.002,0.002,0.002, ,0,0.001,0.001,0.000666667, ,,
8257,0.002,0.002,0.002,0.002, ,0.001,0.001,0.001,0.001, ,,
8258,0.001,0.002,0.002,0.001666667, ,0,0,0,0, ,,
8259,0.002,0.002,0.002,0.002, ,0.001,0.001,0.001,0.001, ,,
8260,0.003,0.002,0.002,0.002333333, ,0,0,0.001,0.000333333, ,,
8261,0.002,0.002,0.002,0.002, ,0.001,0.001,0.001,0.001, ,,
8262,0.002,0.002,0.002,0.002, ,0.001,0.001,0.002,0.001333333, ,,
8263,0.002,0.001,0.002,0.001666667, ,0,0,0.002,0.000666667, ,,
8264,0.002,0.002,0.001,0.001666667, ,0.001,0.001,0,0.000666667, ,,
8265,0.002,0.002,0.002,0.002, ,0,0,0.001,0.000333333, ,,
8266,0.002,0.002,0.002,0.002, ,0,0.001,0.001,0.000666667, ,,
8267,0.002,0.002,0.002,0.002, ,0,0,0,0, ,,
8268,0.001,0.002,0.002,0.001666667, ,0.001,0.001,0.001,0.001, ,,
8269,0.002,0.002,0.002,0.002, ,0,0,0.001,0.000333333, ,,
8270,0.002,0.002,0.002,0.002, ,0,0,0,0, ,,
8271,0.002,0.001,0.002,0.001666667, ,0.001,0.001,0.001,0.001, ,,
8272,0.002,0.002,0.002,0.002, ,0,0,0.001,0.000333333, ,,
8273,0.002,0.002,0.002,0.002, ,0,0.001,0,0.000333333, ,,
8274,0.002,0.002,0.002,0.002, ,0,0,0,0, ,,
8275,0.002,0.002,0.001,0.001666667, ,0.001,0,0.001,0.000666667, ,,
8276,0.002,0.002,0.002,0.002, ,0,0,0,0, ,,
8277,0.002,0.003,0.002,0.002333333, ,0,0.001,0.001,0.000666667, ,,
8278,0.002,0.002,0.002,0.002, ,0,0,0,0, ,,
8279,0.002,0.002,0.002,0.002, ,0.001,0.001,0.001,0.001, ,,
8280,0.002,0.002,0.002,0.002, ,0.001,0.001,0.002,0.001333333, ,,
8281,0.002,0.002,0.002,0.002, ,0,0,0.001,0.000333333, ,,
8282,0.002,0.002,0.002,0.002, ,0.001,0.001,0.002,0.001333333, ,,
8283,0.001,0.004,0.002,0.002333333, ,0.001,0.001,0.003,0.001666667, ,,
8284,0.003,0.002,0.002,0.002333333, ,0.001,0.001,0.003,0.001666667, ,,
8285,0.001,0.002,0.001,0.001333333, ,0.001,0.001,0.002,0.001333333, ,,
8286,0.003,0.002,0.002,0.002333333, ,0,0.001,0.001,0.000666667, ,,
8287,0.001,0.002,0.002,0.001666667, ,0.001,0,0.001,0.000666667, ,,
8288,0.002,0.002,0.002,0.002, ,0,0.001,0.002,0.001, ,,
8289,0.002,0.001,0.002,0.001666667, ,0.001,0.001,0.001,0.001, ,,
8290,0.002,0.002,0.002,0.002, ,0,0,0.001,0.000333333, ,,
8291,0.002,0.002,0.002,0.002, ,0.001,0.001,0.001,0.001, ,,
8292,0.002,0.002,0.002,0.002, ,0.001,0.001,0.002,0.001333333, ,,
8293,0.002,0.002,0.002,0.002, ,0.001,0.001,0.002,0.001333333, ,,
8294,0.002,0.002,0.001,0.001666667, ,0.001,0.001,0.002,0.001333333, ,,
8295,0.002,0.002,0.002,0.002, ,0.001,0.001,0.002,0.001333333, ,,
8296,0.002,0.002,0.002,0.002, ,0,0.001,0.002,0.001, ,,
8297,0.002,0.002,0.002,0.002, ,0.001,0.001,0.001,0.001, ,,
8298,0.001,0.002,0.002,0.001666667, ,0,0,0.001,0.000333333, ,,
8299,0.002,0.002,0.002,0.002, ,0.001,0.001,0.002,0.001333333, ,,
8300,0.002,0.001,0.002,0.001666667, ,0.001,0.001,0.001,0.001, ,,
8301,0.002,0.002,0.002,0.002, ,0.001,0.001,0.001,0.001, ,,
8302,0.002,0.002,0.001,0.001666667, ,0,0,0.001,0.000333333, ,,
8303,0.002,0.002,0.002,0.002, ,0,0.001,0.001,0.000666667, ,,
8304,0.002,0.002,0.002,0.002, ,0.001,0.001,0.001,0.001, ,,
8305,0.002,0.002,0.002,0.002, ,0.001,0,0.002,0.001, ,,
8306,0.002,0.002,0.002,0.002, ,0,0.001,0,0.000333333, ,,
8307,0.002,0.002,0.002,0.002, ,0.001,0.001,0.001,0.001, ,,
8308,0.002,0.002,0.002,0.002, ,0,0.001,0.002,0.001, ,,
8309,0.001,0.002,0.002,0.001666667, ,0.001,0.001,0.001,0.001, ,,
8310,0.002,0.001,0.002,0.001666667, ,0.001,0.001,0.002,0.001333333, ,,
8311,0.002,0.002,0.001,0.001666667, ,0.001,0.001,0.001,0.001, ,,
8312,0.002,0.002,0.002,0.002, ,0,0,0.002,0.000666667, ,,
8313,0.002,0.002,0.002,0.002, ,0.001,0.001,0.001,0.001, ,,
8314,0.002,0.002,0.002,0.002, ,0.001,0.001,0.002,0.001333333, ,,
8315,0.002,0.002,0.002,0.002, ,0,0.001,0.001,0.000666667, ,,
8316,0.002,0.002,0.002,0.002, ,0.001,0.001,0.001,0.001, ,,
8317,0.002,0.001,0.002,0.001666667, ,0,0,0.001,0.000333333, ,,
8318,0.002,0.002,0.002,0.002, ,0.001,0.001,0.001,0.001, ,,
8319,0.002,0.002,0.002,0.002, ,0,0,0.001,0.000333333, ,,
8320,0.001,0.002,0.002,0.001666667, ,0.001,0.001,0.001,0.001, ,,
8321,0.002,0.002,0.001,0.001666667, ,0,0.001,0.002,0.001, ,,
8322,0.002,0.002,0.002,0.002, ,0.001,0,0,0.000333333, ,,
8323,0.002,0.002,0.002,0.002, ,0,0.001,0.001,0.000666667, ,,
8324,0.004,0.002,0.002,0.002666667, ,0.001,0,0.002,0.001, ,,
8325,0.002,0.001,0.002,0.001666667, ,0.001,0.002,0.003,0.002, ,,
8326,0.002,0.001,0.002,0.001666667, ,0.001,0.001,0.002,0.001333333, ,,
8327,0.002,0.002,0.002,0.002, ,0.001,0.001,0.002,0.001333333, ,,
8328,0.002,0.002,0.002,0.002, ,0,0.001,0.001,0.000666667, ,,
8329,0.002,0.002,0.002,0.002, ,0.001,0,0.001,0.000666667, ,,
8330,0.002,0.002,0.002,0.002, ,0,0.001,0.001,0.000666667, ,,
8331,0.002,0.002,0.002,0.002, ,0.001,0,0.001,0.000666667, ,,
8332,0.002,0.002,0.002,0.002, ,0,0.001,0.002,0.001, ,,
8333,0.001,0.002,0.002,0.001666667, ,0.001,0.001,0.001,0.001, ,,
8334,0.002,0.002,0.002,0.002, ,0,0,0.001,0.000333333, ,,
8335,0.002,0.001,0.002,0.001666667, ,0.001,0.001,0.001,0.001, ,,
8336,0.002,0.002,0.002,0.002, ,0.001,0.001,0.001,0.001, ,,
8337,0.002,0.002,0.002,0.002, ,0,0,0.001,0.000333333, ,,
8338,0.002,0.002,0.001,0.001666667, ,0.001,0.001,0.001,0.001, ,,
8339,0.002,0.002,0.005,0.003, ,0,0,0.001,0.000333333, ,,
8340,0.002,0.002,0.001,0.001666667, ,0.001,0.001,0.001,0.001, ,,
8341,0.002,0.002,0.002,0.002, ,0.001,0.001,0.002,0.001333333, ,,
8342,0.002,0.002,0.002,0.002, ,0,0.001,0.001,0.000666667, ,,
8343,0.002,0.002,0.002,0.002, ,0.001,0.001,0.002,0.001333333, ,,
8344,0.001,0.002,0.002,0.001666667, ,0.001,0.001,0.001,0.001, ,,
8345,0.002,0.002,0.002,0.002, ,0.001,0.001,0.002,0.001333333, ,,
8346,0.002,0.001,0.002,0.001666667, ,0,0.001,0.001,0.000666667, ,,
8347,0.002,0.002,0.002,0.002, ,0.001,0.001,0.002,0.001333333, ,,
8348,0.002,0.002,0.002,0.002, ,0.001,0.001,0.001,0.001, ,,
8349,0.002,0.002,0.002,0.002, ,0.001,0.001,0.001,0.001, ,,
8350,0.002,0.002,0.002,0.002, ,0,0.001,0.001,0.000666667, ,,
8351,0.002,0.002,0.001,0.001666667, ,0.001,0,0.001,0.000666667, ,,
8352,0.002,0.002,0.002,0.002, ,0,0.001,0.001,0.000666667, ,,
8353,0.002,0.002,0.003,0.002333333, ,0.001,0.001,0.001,0.001, ,,
8354,0.002,0.002,0.002,0.002, ,0,0,0.001,0.000333333, ,,
8355,0.002,0.002,0.001,0.001666667, ,0.001,0.001,0.001,0.001, ,,
8356,0.002,0.002,0.002,0.002, ,0.001,0.001,0.002,0.001333333, ,,
8357,0.001,0.002,0.002,0.001666667, ,0.001,0.001,0.001,0.001, ,,
8358,0.002,0.002,0.002,0.002, ,0.001,0.002,0.002,0.001666667, ,,
8359,0.002,0.001,0.002,0.001666667, ,0.001,0.001,0.002,0.001333333, ,,
8360,0.002,0.002,0.002,0.002, ,0,0,0.001,0.000333333, ,,
8361,0.002,0.002,0.002,0.002, ,0.001,0.001,0.002,0.001333333, ,,
8362,0.002,0.002,0.002,0.002, ,0.001,0.001,0.001,0.001, ,,
8363,0.002,0.002,0.002,0.002, ,0,0.001,0.001,0.000666667, ,,
8364,0.002,0.003,0.002,0.002333333, ,0.001,0.001,0.001,0.001, ,,
8365,0.002,0.002,0.002,0.002, ,0.001,0,0.001,0.000666667, ,,
8366,0.002,0.003,0.002,0.002333333, ,0,0.001,0.001,0.000666667, ,,
8367,0.002,0.002,0.002,0.002, ,0,0,0,0, ,,
8368,0.002,0.002,0.001,0.001666667, ,0.001,0.001,0.002,0.001333333, ,,
8369,0.002,0.002,0.002,0.002, ,0.001,0.001,0.001,0.001, ,,
8370,0.001,0.001,0.002,0.001333333, ,0,0,0,0, ,,
8371,0.002,0.003,0.002,0.002333333, ,0,0.001,0.001,0.000666667, ,,
8372,0.002,0.001,0.002,0.001666667, ,0.001,0.001,0.002,0.001333333, ,,
8373,0.002,0.002,0.002,0.002, ,0.001,0.001,0.001,0.001, ,,
8374,0.002,0.002,0.002,0.002, ,0.001,0.001,0.001,0.001, ,,
8375,0.002,0.002,0.002,0.002, ,0,0.001,0.001,0.000666667, ,,
8376,0.002,0.002,0.002,0.002, ,0.001,0,0.001,0.000666667, ,,
8377,0.002,0.002,0.004,0.002666667, ,0.001,0.001,0.001,0.001, ,,
8378,0.002,0.002,0.002,0.002, ,0.001,0.001,0.001,0.001, ,,
8379,0.002,0.002,0.002,0.002, ,0,0.001,0.001,0.000666667, ,,
8380,0.002,0.002,0.002,0.002, ,0.001,0,0.001,0.000666667, ,,
8381,0.002,0.002,0.002,0.002, ,0,0.001,0.001,0.000666667, ,,
8382,0.002,0.002,0.002,0.002, ,0.001,0.001,0.001,0.001, ,,
8383,0.002,0.006,0.002,0.003333333, ,0,0,0.001,0.000333333, ,,
8384,0.002,0.002,0.002,0.002, ,0.001,0.001,0.001,0.001, ,,
8385,0.002,0.002,0.002,0.002, ,0.001,0,0.001,0.000666667, ,,
8386,0.002,0.002,0.002,0.002, ,0,0.001,0.001,0.000666667, ,,
8387,0.002,0.002,0.002,0.002, ,0.001,0.001,0,0.000666667, ,,
8388,0.002,0.001,0.002,0.001666667, ,0,0.001,0.001,0.000666667, ,,
8389,0.002,0.002,0.002,0.002, ,0.001,0.001,0.002,0.001333333, ,,
8390,0.002,0.002,0.002,0.002, ,0.002,0.001,0.002,0.001666667, ,,
8391,0.002,0.002,0.002,0.002, ,0.001,0.001,0.002,0.001333333, ,,
8392,0.002,0.002,0.002,0.002, ,0.001,0.001,0.001,0.001, ,,
8393,0.002,0.002,0.002,0.002, ,0,0,0.001,0.000333333, ,,
8394,0.002,0.002,0.001,0.001666667, ,0.001,0.001,0.001,0.001, ,,
8395,0.001,0.002,0.002,0.001666667, ,0.001,0.001,0.001,0.001, ,,
8396,0.002,0.002,0.002,0.002, ,0,0.001,0.001,0.000666667, ,,
8397,0.002,0.002,0.002,0.002, ,0.001,0,0.001,0.000666667, ,,
8398,0.002,0.002,0.002,0.002, ,0,0.001,0.001,0.000666667, ,,
8399,0.002,0.002,0.002,0.002, ,0,0,0.001,0.000333333, ,,
8400,0.002,0.002,0.002,0.002, ,0.001,0.001,0,0.000666667, ,,
8401,0.002,0.002,0.002,0.002, ,0,0.001,0.001,0.000666667, ,,
8402,0.002,0.002,0.002,0.002, ,0.001,0,0.001,0.000666667, ,,
8403,0.002,0.001,0.002,0.001666667, ,0,0.001,0.001,0.000666667, ,,
8404,0.002,0.002,0.002,0.002, ,0.001,0,0,0.000333333, ,,
8405,0.002,0.002,0.002,0.002, ,0,0.001,0.001,0.000666667, ,,
8406,0.002,0.002,0.002,0.002, ,0.001,0.001,0.001,0.001, ,,
8407,0.002,0.002,0.001,0.001666667, ,0,0,0.001,0.000333333, ,,
8408,0.001,0.002,0.002,0.001666667, ,0.001,0.001,0.002,0.001333333, ,,
8409,0.002,0.002,0.002,0.002, ,0.001,0.001,0.001,0.001, ,,
8410,0.002,0.002,0.002,0.002, ,0,0.001,0.001,0.000666667, ,,
8411,0.002,0.002,0.002,0.002, ,0.001,0.001,0.002,0.001333333, ,,
8412,0.002,0.002,0.002,0.002, ,0.001,0.001,0.001,0.001, ,,
8413,0.002,0.002,0.002,0.002, ,0,0,0.001,0.000333333, ,,
8414,0.002,0.002,0.002,0.002, ,0.001,0.001,0,0.000666667, ,,
8415,0.002,0.001,0.002,0.001666667, ,0.001,0,0.001,0.000666667, ,,
8416,0.002,0.002,0.002,0.002, ,0.001,0.001,0.001,0.001, ,,
8417,0.001,0.002,0.002,0.001666667, ,0,0.001,0.001,0.000666667, ,,
8418,0.002,0.002,0.001,0.001666667, ,0,0,0.001,0.000333333, ,,
8419,0.002,0.002,0.002,0.002, ,0.001,0.001,0,0.000666667, ,,
8420,0.002,0.002,0.002,0.002, ,0.001,0.001,0.002,0.001333333, ,,
8421,0.002,0.002,0.003,0.002333333, ,0.001,0,0.001,0.000666667, ,,
8422,0.002,0.002,0.002,0.002, ,0,0.001,0.002,0.001, ,,
8423,0.002,0.002,0.002,0.002, ,0.001,0.001,0.001,0.001, ,,
8424,0.005,0.002,0.002,0.003, ,0.001,0.001,0.001,0.001, ,,
8425,0.002,0.001,0.002,0.001666667, ,0,0.001,0.001,0.000666667, ,,
8426,0.003,0.002,0.002,0.002333333, ,0.001,0,0.001,0.000666667, ,,
8427,0.002,0.002,0.002,0.002, ,0.001,0.001,0,0.000666667, ,,
8428,0.002,0.002,0.002,0.002, ,0,0.001,0.001,0.000666667, ,,
8429,0.002,0.002,0.002,0.002, ,0.001,0.001,0.001,0.001, ,,
8430,0.002,0.002,0.002,0.002, ,0,0,0.001,0.000333333, ,,
8431,0.001,0.002,0.002,0.001666667, ,0.001,0.001,0.001,0.001, ,,
8432,0.002,0.002,0.002,0.002, ,0,0.001,0.001,0.000666667, ,,
8433,0.002,0.002,0.001,0.001666667, ,0.001,0,0,0.000333333, ,,
8434,0.002,0.002,0.002,0.002, ,0,0.001,0.001,0.000666667, ,,
8435,0.002,0.002,0.002,0.002, ,0.001,0,0.001,0.000666667, ,,
8436,0.002,0.002,0.002,0.002, ,0,0.001,0.001,0.000666667, ,,
8437,0.002,0.001,0.002,0.001666667, ,0.001,0.001,0.001,0.001, ,,
8438,0.002,0.002,0.002,0.002, ,0.001,0.001,0.001,0.001, ,,
8439,0.002,0.002,0.005,0.003, ,0,0,0.001,0.000333333, ,,
8440,0.002,0.002,0.002,0.002, ,0.001,0.001,0.001,0.001, ,,
8441,0.001,0.002,0.002,0.001666667, ,0.001,0.001,0.001,0.001, ,,
8442,0.002,0.002,0.002,0.002, ,0,0,0.001,0.000333333, ,,
8443,0.002,0.002,0.002,0.002, ,0.001,0.001,0.001,0.001, ,,
8444,0.002,0.002,0.002,0.002, ,0,0.001,0,0.000333333, ,,
8445,0.002,0.002,0.002,0.002, ,0.001,0,0.001,0.000666667, ,,
8446,0.002,0.002,0.002,0.002, ,0,0.001,0.001,0.000666667, ,,
8447,0.002,0.002,0.002,0.002, ,0.001,0,0.001,0.000666667, ,,
8448,0.002,0.002,0.002,0.002, ,0,0.001,0.001,0.000666667, ,,
8449,0.002,0.001,0.002,0.001666667, ,0.001,0.001,0.001,0.001, ,,
8450,0.002,0.003,0.001,0.002, ,0,0,0,0, ,,
8451,0.002,0.001,0.002,0.001666667, ,0.001,0.001,0.001,0.001, ,,
8452,0.002,0.002,0.002,0.002, ,0,0,0.001,0.000333333, ,,
8453,0.002,0.002,0.002,0.002, ,0.001,0.002,0.001,0.001333333, ,,
8454,0.002,0.002,0.002,0.002, ,0.001,0.001,0.002,0.001333333, ,,
8455,0.001,0.002,0.002,0.001666667, ,0.001,0.001,0.001,0.001, ,,
8456,0.002,0.002,0.002,0.002, ,0,0,0.001,0.000333333, ,,
8457,0.002,0.002,0.002,0.002, ,0.001,0.001,0.001,0.001, ,,
8458,0.002,0.002,0.002,0.002, ,0,0,0.001,0.000333333, ,,
8459,0.002,0.002,0.002,0.002, ,0,0.001,0.001,0.000666667, ,,
8460,0.002,0.002,0.002,0.002, ,0.001,0.001,0,0.000666667, ,,
8461,0.002,0.002,0.002,0.002, ,0,0,0.001,0.000333333, ,,
8462,0.002,0.002,0.002,0.002, ,0.001,0,0.001,0.000666667, ,,
8463,0.002,0.002,0.001,0.001666667, ,0,0.001,0,0.000333333, ,,
8464,0.002,0.002,0.002,0.002, ,0.001,0.001,0.001,0.001, ,,
8465,0.002,0.002,0.002,0.002, ,0,0,0.001,0.000333333, ,,
8466,0.002,0.002,0.002,0.002, ,0.001,0.001,0.001,0.001, ,,
8467,0.002,0.002,0.002,0.002, ,0,0,0,0, ,,
8468,0.002,0.002,0.002,0.002, ,0.001,0.001,0.001,0.001, ,,
8469,0.002,0.001,0.002,0.001666667, ,0,0.001,0.002,0.001, ,,
8470,0.002,0.002,0.002,0.002, ,0.001,0,0,0.000333333, ,,
8471,0.002,0.002,0.002,0.002, ,0.001,0.001,0.001,0.001, ,,
8472,0.001,0.002,0.002,0.001666667, ,0,0.001,0.001,0.000666667, ,,
8473,0.002,0.002,0.002,0.002, ,0.001,0,0.001,0.000666667, ,,
8474,0.002,0.002,0.002,0.002, ,0,0.001,0.001,0.000666667, ,,
8475,0.002,0.002,0.002,0.002, ,0.001,0.001,0.001,0.001, ,,
8476,0.002,0.002,0.001,0.001666667, ,0.001,0.001,0.001,0.001, ,,
8477,0.002,0.002,0.002,0.002, ,0,0.001,0.001,0.000666667, ,,
8478,0.002,0.002,0.003,0.002333333, ,0.001,0,0.001,0.000666667, ,,
8479,0.002,0.002,0.002,0.002, ,0,0.001,0.001,0.000666667, ,,
8480,0.002,0.002,0.002,0.002, ,0.001,0.001,0.001,0.001, ,,
8481,0.002,0.002,0.002,0.002, ,0,0,0,0, ,,
8482,0.002,0.002,0.002,0.002, ,0.001,0.001,0.001,0.001, ,,
8483,0.002,0.005,0.002,0.003, ,0,0,0.001,0.000333333, ,,
8484,0.002,0.002,0.002,0.002, ,0.001,0.001,0.001,0.001, ,,
8485,0.002,0.002,0.001,0.001666667, ,0.001,0.001,0.001,0.001, ,,
8486,0.001,0.002,0.002,0.001666667, ,0,0.001,0.002,0.001, ,,
8487,0.002,0.002,0.002,0.002, ,0.001,0.001,0.001,0.001, ,,
8488,0.002,0.002,0.002,0.002, ,0.001,0,0.001,0.000666667, ,,
8489,0.002,0.002,0.002,0.002, ,0.001,0.001,0.001,0.001, ,,
8490,0.002,0.002,0.002,0.002, ,0,0.001,0.001,0.000666667, ,,
8491,0.002,0.002,0.002,0.002, ,0,0,0.001,0.000333333, ,,
8492,0.002,0.001,0.002,0.001666667, ,0.001,0.001,0.001,0.001, ,,
8493,0.002,0.002,0.002,0.002, ,0,0,0.001,0.000333333, ,,
8494,0.002,0.002,0.002,0.002, ,0.001,0.001,0,0.000666667, ,,
8495,0.002,0.002,0.002,0.002, ,0,0,0.001,0.000333333, ,,
8496,0.002,0.003,0.001,0.002, ,0.001,0.001,0.001,0.001, ,,
8497,0.002,0.002,0.002,0.002, ,0,0.001,0.001,0.000666667, ,,
8498,0.002,0.002,0.002,0.002, ,0,0,0,0, ,,
8499,0.002,0.002,0.002,0.002, ,0.001,0.001,0.001,0.001, ,,
8500,0.002,0.002,0.002,0.002, ,0.001,0.001,0.001,0.001, ,,
8501,0.002,0.002,0.002,0.002, ,0,0,0.002,0.000666667, ,,
8502,0.002,0.002,0.002,0.002, ,0.001,0.001,0.001,0.001, ,,
8503,0.001,0.002,0.002,0.001666667, ,0,0.001,0.001,0.000666667, ,,
8504,0.002,0.002,0.002,0.002, ,0.001,0,0.001,0.000666667, ,,
8505,0.002,0.002,0.002,0.002, ,0,0.001,0.001,0.000666667, ,,
8506,0.002,0.002,0.001,0.001666667, ,0.001,0,0,0.000333333, ,,
8507,0.002,0.002,0.002,0.002, ,0,0.001,0.001,0.000666667, ,,
8508,0.002,0.001,0.002,0.001666667, ,0.001,0.001,0.001,0.001, ,,
8509,0.002,0.002,0.002,0.002, ,0,0,0.001,0.000333333, ,,
8510,0.002,0.002,0.002,0.002, ,0.001,0.001,0.001,0.001, ,,
8511,0.002,0.003,0.002,0.002333333, ,0,0.001,0.001,0.000666667, ,,
8512,0.002,0.001,0.002,0.001666667, ,0.001,0,0.001,0.000666667, ,,
8513,0.002,0.002,0.002,0.002, ,0,0.001,0.001,0.000666667, ,,
8514,0.002,0.002,0.002,0.002, ,0,0,0,0, ,,
8515,0.001,0.002,0.002,0.001666667, ,0.001,0.001,0.001,0.001, ,,
8516,0.002,0.002,0.002,0.002, ,0,0.001,0.001,0.000666667, ,,
8517,0.002,0.002,0.001,0.001666667, ,0.001,0.001,0.002,0.001333333, ,,
8518,0.002,0.002,0.003,0.002333333, ,0.001,0.001,0.002,0.001333333, ,,
8519,0.002,0.002,0.002,0.002, ,0.001,0.001,0.001,0.001, ,,
8520,0.002,0.002,0.001,0.001666667, ,0.001,0.001,0.001,0.001, ,,
8521,0.002,0.002,0.002,0.002, ,0,0,0.001,0.000333333, ,,
8522,0.002,0.002,0.002,0.002, ,0,0.001,0,0.000333333, ,,
8523,0.002,0.002,0.002,0.002, ,0.001,0.001,0.001,0.001, ,,
8524,0.005,0.002,0.002,0.003, ,0,0,0.001,0.000333333, ,,
8525,0.002,0.001,0.002,0.001666667, ,0.001,0.001,0.001,0.001, ,,
8526,0.002,0.002,0.002,0.002, ,0,0,0,0, ,,
8527,0.002,0.003,0.002,0.002333333, ,0.001,0.001,0.001,0.001, ,,
8528,0.002,0.002,0.002,0.002, ,0,0,0.001,0.000333333, ,,
8529,0.002,0.001,0.002,0.001666667, ,0.001,0.001,0.001,0.001, ,,
8530,0.002,0.003,0.002,0.002333333, ,0,0.001,0,0.000333333, ,,
8531,0.001,0.002,0.002,0.001666667, ,0,0,0.001,0.000333333, ,,
8532,0.002,0.002,0.002,0.002, ,0.001,0,0,0.000333333, ,,
8533,0.002,0.002,0.001,0.001666667, ,0,0.001,0.001,0.000666667, ,,
8534,0.002,0.002,0.002,0.002, ,0.001,0.001,0.001,0.001, ,,
8535,0.002,0.002,0.002,0.002, ,0.001,0,0.001,0.000666667, ,,
8536,0.002,0.002,0.002,0.002, ,0,0.001,0.001,0.000666667, ,,
8537,0.002,0.002,0.002,0.002, ,0.001,0.001,0.001,0.001, ,,
8538,0.002,0.002,0.002,0.002, ,0.001,0.001,0.002,0.001333333, ,,
8539,0.002,0.002,0.006,0.003333333, ,0,0.001,0.001,0.000666667, ,,
8540,0.001,0.003,0.002,0.002, ,0.001,0.001,0.001,0.001, ,,
8541,0.003,0.002,0.001,0.002, ,0.001,0,0.002,0.001, ,,
8542,0.001,0.002,0.002,0.001666667, ,0.001,0.001,0,0.000666667, ,,
8543,0.002,0.002,0.002,0.002, ,0,0.001,0.001,0.000666667, ,,
8544,0.002,0.002,0.002,0.002, ,0.001,0.001,0.001,0.001, ,,
8545,0.002,0.002,0.002,0.002, ,0.001,0.001,0.001,0.001, ,,
8546,0.002,0.002,0.002,0.002, ,0,0,0.001,0.000333333, ,,
8547,0.002,0.002,0.002,0.002, ,0.001,0.001,0.001,0.001, ,,
8548,0.002,0.002,0.002,0.002, ,0,0.001,0.001,0.000666667, ,,
8549,0.002,0.002,0.002,0.002, ,0.001,0.001,0.002,0.001333333, ,,
8550,0.002,0.002,0.002,0.002, ,0.002,0.001,0.002,0.001666667, ,,
8551,0.002,0.003,0.002,0.002333333, ,0.001,0.001,0.001,0.001, ,,
8552,0.002,0.002,0.001,0.001666667, ,0,0.001,0.001,0.000666667, ,,
8553,0.002,0.001,0.002,0.001666667, ,0.001,0.001,0.002,0.001333333, ,,
8554,0.001,0.001,0.002,0.001333333, ,0.001,0.001,0,0.000666667, ,,
8555,0.002,0.003,0.002,0.002333333, ,0,0,0.001,0.000333333, ,,
8556,0.002,0.002,0.002,0.002, ,0.001,0.001,0.001,0.001, ,,
8557,0.002,0.002,0.002,0.002, ,0.001,0.001,0.001,0.001, ,,
8558,0.002,0.002,0.002,0.002, ,0,0,0.001,0.000333333, ,,
8559,0.002,0.002,0.002,0.002, ,0.001,0.001,0.001,0.001, ,,
8560,0.002,0.002,0.002,0.002, ,0.001,0.001,0.001,0.001, ,,
8561,0.002,0.002,0.002,0.002, ,0.001,0,0.001,0.000666667, ,,
8562,0.002,0.002,0.002,0.002, ,0.001,0.001,0.001,0.001, ,,
8563,0.002,0.001,0.002,0.001666667, ,0,0.001,0.001,0.000666667, ,,
8564,0.002,0.002,0.002,0.002, ,0.001,0.001,0.001,0.001, ,,
8565,0.002,0.002,0.002,0.002, ,0.001,0,0.001,0.000666667, ,,
8566,0.001,0.002,0.002,0.001666667, ,0.001,0.001,0.001,0.001, ,,
8567,0.003,0.002,0.001,0.002, ,0,0.001,0.001,0.000666667, ,,
8568,0.001,0.002,0.002,0.001666667, ,0.001,0.001,0.001,0.001, ,,
8569,0.002,0.002,0.002,0.002, ,0,0,0.001,0.000333333, ,,
8570,0.003,0.002,0.002,0.002333333, ,0.001,0.001,0.001,0.001, ,,
8571,0.001,0.002,0.002,0.001666667, ,0.001,0.001,0.001,0.001, ,,
8572,0.002,0.002,0.002,0.002, ,0,0.001,0.001,0.000666667, ,,
8573,0.002,0.002,0.002,0.002, ,0.001,0,0.001,0.000666667, ,,
8574,0.002,0.002,0.002,0.002, ,0.001,0.001,0.001,0.001, ,,
8575,0.002,0.002,0.002,0.002, ,0,0.001,0.001,0.000666667, ,,
8576,0.002,0.003,0.002,0.002333333, ,0.001,0.001,0.001,0.001, ,,
8577,0.002,0.002,0.002,0.002, ,0,0,0.001,0.000333333, ,,
8578,0.002,0.001,0.002,0.001666667, ,0.001,0.001,0.001,0.001, ,,
8579,0.002,0.002,0.002,0.002, ,0,0.001,0.001,0.000666667, ,,
8580,0.002,0.002,0.003,0.002333333, ,0.001,0,0.001,0.000666667, ,,
8581,0.002,0.002,0.002,0.002, ,0.001,0.002,0.001,0.001333333, ,,
8582,0.002,0.002,0.002,0.002, ,0.001,0.001,0.002,0.001333333, ,,
8583,0.002,0.005,0.002,0.003, ,0.001,0.001,0.002,0.001333333, ,,
8584,0.001,0.002,0.002,0.001666667, ,0.001,0.001,0.001,0.001, ,,
8585,0.003,0.002,0.002,0.002333333, ,0,0.001,0.001,0.000666667, ,,
8586,0.001,0.002,0.002,0.001666667, ,0,0,0,0, ,,
8587,0.002,0.002,0.002,0.002, ,0.001,0.001,0.001,0.001, ,,
8588,0.002,0.002,0.002,0.002, ,0,0,0,0, ,,
8589,0.002,0.002,0.002,0.002, ,0.001,0.001,0.001,0.001, ,,
8590,0.002,0.002,0.002,0.002, ,0,0.001,0.001,0.000666667, ,,
8591,0.002,0.002,0.002,0.002, ,0,0,0,0, ,,
8592,0.002,0.002,0.002,0.002, ,0.001,0.001,0.001,0.001, ,,
8593,0.002,0.002,0.002,0.002, ,0.001,0.001,0.001,0.001, ,,
8594,0.002,0.002,0.001,0.001666667, ,0,0,0.001,0.000333333, ,,
8595,0.002,0.002,0.002,0.002, ,0.001,0.001,0,0.000666667, ,,
8596,0.002,0.002,0.002,0.002, ,0,0.001,0.002,0.001, ,,
8597,0.001,0.002,0.002,0.001666667, ,0.001,0.001,0.001,0.001, ,,
8598,0.002,0.002,0.002,0.002, ,0.001,0,0.001,0.000666667, ,,
8599,0.002,0.002,0.002,0.002, ,0.001,0.001,0.001,0.001, ,,
8600,0.002,0.002,0.002,0.002, ,0,0.001,0.001,0.000666667, ,,
8601,0.002,0.002,0.002,0.002, ,0.001,0.001,0.001,0.001, ,,
8602,0.002,0.002,0.002,0.002, ,0.001,0,0.001,0.000666667, ,,
8603,0.002,0.002,0.002,0.002, ,0,0.001,0.001,0.000666667, ,,
8604,0.002,0.002,0.002,0.002, ,0.001,0.001,0.002,0.001333333, ,,
8605,0.002,0.003,0.002,0.002333333, ,0.001,0.001,0.001,0.001, ,,
8606,0.002,0.002,0.002,0.002, ,0,0.001,0.001,0.000666667, ,,
8607,0.002,0.001,0.001,0.001333333, ,0.001,0.001,0.001,0.001, ,,
8608,0.002,0.002,0.002,0.002, ,0,0,0.001,0.000333333, ,,
8609,0.002,0.002,0.002,0.002, ,0.001,0.001,0.001,0.001, ,,
8610,0.002,0.003,0.002,0.002333333, ,0,0.001,0,0.000333333, ,,
8611,0.001,0.002,0.002,0.001666667, ,0.001,0,0.001,0.000666667, ,,
8612,0.002,0.002,0.002,0.002, ,0.001,0.001,0.001,0.001, ,,
8613,0.002,0.002,0.002,0.002, ,0.001,0.001,0.002,0.001333333, ,,
8614,0.002,0.002,0.002,0.002, ,0,0.001,0.002,0.001, ,,
8615,0.002,0.002,0.002,0.002, ,0.001,0.001,0.002,0.001333333, ,,
8616,0.002,0.002,0.002,0.002, ,0.001,0.001,0.001,0.001, ,,
8617,0.002,0.002,0.002,0.002, ,0.001,0.001,0.001,0.001, ,,
8618,0.002,0.002,0.002,0.002, ,0,0.001,0.001,0.000666667, ,,
8619,0.002,0.002,0.002,0.002, ,0.001,0,0,0.000333333, ,,
8620,0.002,0.002,0.002,0.002, ,0.001,0.001,0.001,0.001, ,,
8621,0.002,0.002,0.002,0.002, ,0.001,0,0.001,0.000666667, ,,
8622,0.002,0.002,0.002,0.002, ,0.001,0.001,0.001,0.001, ,,
8623,0.002,0.002,0.002,0.002, ,0.001,0,0.001,0.000666667, ,,
8624,0.005,0.002,0.002,0.003, ,0.001,0.001,0.001,0.001, ,,
8625,0.002,0.003,0.002,0.002333333, ,0,0.001,0.001,0.000666667, ,,
8626,0.002,0.003,0.002,0.002333333, ,0.001,0,0,0.000333333, ,,
8627,0.001,0.002,0.003,0.002, ,0,0.001,0.001,0.000666667, ,,
8628,0.002,0.002,0.002,0.002, ,0.001,0.001,0.001,0.001, ,,
8629,0.002,0.002,0.002,0.002, ,0.001,0.001,0.001,0.001, ,,
8630,0.002,0.002,0.002,0.002, ,0,0,0.001,0.000333333, ,,
8631,0.002,0.002,0.002,0.002, ,0.001,0.001,0.001,0.001, ,,
8632,0.002,0.002,0.002,0.002, ,0,0.001,0,0.000333333, ,,
8633,0.002,0.002,0.002,0.002, ,0.001,0,0.001,0.000666667, ,,
8634,0.002,0.002,0.002,0.002, ,0,0.001,0.001,0.000666667, ,,
8635,0.002,0.002,0.002,0.002, ,0.001,0,0.001,0.000666667, ,,
8636,0.002,0.002,0.003,0.002333333, ,0,0.001,0,0.000333333, ,,
8637,0.002,0.002,0.002,0.002, ,0.001,0.001,0.001,0.001, ,,
8638,0.002,0.002,0.002,0.002, ,0.001,0.001,0.002,0.001333333, ,,
8639,0.002,0.002,0.005,0.003, ,0.001,0.001,0.001,0.001, ,,
8640,0.001,0.002,0.002,0.001666667, ,0,0,0.001,0.000333333, ,,
8641,0.002,0.002,0.002,0.002, ,0.001,0.001,0.001,0.001, ,,
8642,0.002,0.002,0.002,0.002, ,0,0.001,0.001,0.000666667, ,,
8643,0.002,0.002,0.003,0.002333333, ,0.001,0,0,0.000333333, ,,
8644,0.002,0.001,0.002,0.001666667, ,0.001,0.001,0.001,0.001, ,,
8645,0.003,0.002,0.002,0.002333333, ,0.002,0.001,0.002,0.001666667, ,,
8646,0.002,0.002,0.002,0.002, ,0.001,0.001,0.001,0.001, ,,
8647,0.002,0.002,0.002,0.002, ,0.001,0.001,0.001,0.001, ,,
8648,0.002,0.002,0.002,0.002, ,0,0,0.001,0.000333333, ,,
8649,0.002,0.002,0.002,0.002, ,0,0.001,0,0.000333333, ,,
8650,0.002,0.002,0.002,0.002, ,0.001,0,0,0.000333333, ,,
8651,0.001,0.002,0.002,0.001666667, ,0,0,0.001,0.000333333, ,,
8652,0.002,0.002,0.002,0.002, ,0,0.001,0,0.000333333, ,,
8653,0.002,0.002,0.002,0.002, ,0.001,0,0.001,0.000666667, ,,
8654,0.002,0.002,0.002,0.002, ,0,0,0,0, ,,
8655,0.003,0.002,0.003,0.002666667, ,0,0.001,0,0.000333333, ,,
8656,0.001,0.002,0.002,0.001666667, ,0.001,0,0.001,0.000666667, ,,
8657,0.002,0.002,0.001,0.001666667, ,0,0.001,0,0.000333333, ,,
8658,0.002,0.002,0.003,0.002333333, ,0.001,0,0.001,0.000666667, ,,
8659,0.002,0.002,0.002,0.002, ,0,0,0,0, ,,
8660,0.002,0.002,0.002,0.002, ,0,0.001,0.001,0.000666667, ,,
8661,0.002,0.002,0.002,0.002, ,0.001,0,0,0.000333333, ,,
8662,0.002,0.002,0.002,0.002, ,0,0.001,0.001,0.000666667, ,,
8663,0.002,0.002,0.003,0.002333333, ,0,0,0.001,0.000333333, ,,
8664,0.002,0.002,0.002,0.002, ,0.001,0,0,0.000333333, ,,
8665,0.002,0.002,0.002,0.002, ,0,0.001,0.001,0.000666667, ,,
8666,0.002,0.002,0.003,0.002333333, ,0.001,0,0.001,0.000666667, ,,
8667,0.002,0.002,0.002,0.002, ,0,0.001,0.001,0.000666667, ,,
8668,0.002,0.002,0.003,0.002333333, ,0,0.001,0,0.000333333, ,,
8669,0.002,0.002,0.002,0.002, ,0.001,0,0.001,0.000666667, ,,
8670,0.002,0.002,0.002,0.002, ,0,0.001,0.001,0.000666667, ,,
8671,0.003,0.002,0.003,0.002666667, ,0.001,0,0.001,0.000666667, ,,
8672,0.002,0.002,0.002,0.002, ,0,0.001,0,0.000333333, ,,
8673,0.002,0.002,0.002,0.002, ,0.001,0,0.001,0.000666667, ,,
8674,0.002,0.002,0.003,0.002333333, ,0,0.001,0.001,0.000666667, ,,
8675,0.002,0.002,0.002,0.002, ,0.001,0,0,0.000333333, ,,
8676,0.002,0.002,0.002,0.002, ,0,0.001,0.001,0.000666667, ,,
8677,0.002,0.002,0.003,0.002333333, ,0.001,0,0.001,0.000666667, ,,
8678,0.002,0.002,0.002,0.002, ,0,0.002,0.001,0.001, ,,
8679,0.002,0.002,0.002,0.002, ,0.001,0,0.001,0.000666667, ,,
8680,0.002,0.002,0.002,0.002, ,0,0.001,0.001,0.000666667, ,,
8681,0.002,0.002,0.002,0.002, ,0.001,0,0,0.000333333, ,,
8682,0.002,0.002,0.003,0.002333333, ,0,0.001,0.001,0.000666667, ,,
8683,0.002,0.005,0.002,0.003, ,0,0,0,0, ,,
8684,0.002,0.002,0.002,0.002, ,0.001,0.001,0.001,0.001, ,,
8685,0.002,0.001,0.002,0.001666667, ,0,0,0,0, ,,
8686,0.002,0.002,0.002,0.002, ,0,0.001,0.001,0.000666667, ,,
8687,0.002,0.002,0.002,0.002, ,0.001,0,0,0.000333333, ,,
8688,0.001,0.002,0.002,0.001666667, ,0,0.001,0.001,0.000666667, ,,
8689,0.002,0.002,0.002,0.002, ,0.001,0.001,0.001,0.001, ,,
8690,0.002,0.002,0.003,0.002333333, ,0,0,0.001,0.000333333, ,,
8691,0.002,0.002,0.002,0.002, ,0,0.001,0,0.000333333, ,,
8692,0.002,0.002,0.002,0.002, ,0.001,0.001,0.002,0.001333333, ,,
8693,0.002,0.002,0.002,0.002, ,0.001,0.001,0.001,0.001, ,,
8694,0.002,0.002,0.002,0.002, ,0,0,0.001,0.000333333, ,,
8695,0.002,0.002,0.002,0.002, ,0,0.001,0,0.000333333, ,,
8696,0.002,0.001,0.002,0.001666667, ,0.001,0,0.001,0.000666667, ,,
8697,0.002,0.002,0.002,0.002, ,0,0.001,0,0.000333333, ,,
8698,0.002,0.002,0.002,0.002, ,0.001,0.001,0.001,0.001, ,,
8699,0.002,0.002,0.003,0.002333333, ,0,0.001,0.001,0.000666667, ,,
8700,0.002,0.002,0.002,0.002, ,0.001,0,0.001,0.000666667, ,,
8701,0.001,0.002,0.002,0.001666667, ,0,0.001,0.001,0.000666667, ,,
8702,0.002,0.002,0.002,0.002, ,0.001,0,0,0.000333333, ,,
8703,0.002,0.002,0.003,0.002333333, ,0.001,0.001,0.001,0.001, ,,
8704,0.002,0.002,0.002,0.002, ,0,0.001,0.002,0.001, ,,
8705,0.002,0.002,0.002,0.002, ,0.001,0.001,0.002,0.001333333, ,,
8706,0.002,0.002,0.002,0.002, ,0,0,0,0, ,,
8707,0.002,0.002,0.003,0.002333333, ,0,0.001,0.001,0.000666667, ,,
8708,0.002,0.002,0.002,0.002, ,0.001,0.001,0.001,0.001, ,,
8709,0.002,0.002,0.002,0.002, ,0.001,0.001,0.002,0.001333333, ,,
8710,0.002,0.002,0.003,0.002333333, ,0.001,0.001,0.001,0.001, ,,
8711,0.002,0.002,0.002,0.002, ,0.001,0.001,0.002,0.001333333, ,,
8712,0.001,0.002,0.003,0.002, ,0,0.001,0,0.000333333, ,,
8713,0.003,0.002,0.002,0.002333333, ,0.001,0,0.001,0.000666667, ,,
8714,0.001,0.002,0.003,0.002, ,0,0.001,0,0.000333333, ,,
8715,0.002,0.002,0.002,0.002, ,0,0,0.001,0.000333333, ,,
8716,0.002,0.001,0.002,0.001666667, ,0,0,0,0, ,,
8717,0.002,0.002,0.002,0.002, ,0.001,0.001,0,0.000666667, ,,
8718,0.002,0.003,0.002,0.002333333, ,0,0,0.001,0.000333333, ,,
8719,0.002,0.002,0.002,0.002, ,0,0.001,0,0.000333333, ,,
8720,0.002,0.002,0.002,0.002, ,0.001,0,0.001,0.000666667, ,,
8721,0.002,0.002,0.002,0.002, ,0,0.001,0.001,0.000666667, ,,
8722,0.002,0.002,0.003,0.002333333, ,0.001,0.001,0.001,0.001, ,,
8723,0.002,0.003,0.002,0.002333333, ,0,0,0,0, ,,
8724,0.005,0.002,0.002,0.003, ,0.001,0.001,0.001,0.001, ,,
8725,0.002,0.002,0.002,0.002, ,0,0.001,0.001,0.000666667, ,,
8726,0.002,0.002,0.003,0.002333333, ,0.001,0,0.001,0.000666667, ,,
8727,0.002,0.002,0.002,0.002, ,0,0.001,0,0.000333333, ,,
8728,0.002,0.002,0.002,0.002, ,0.001,0.001,0.001,0.001, ,,
8729,0.002,0.002,0.002,0.002, ,0,0,0.001,0.000333333, ,,
8730,0.002,0.003,0.002,0.002333333, ,0.001,0.001,0,0.000666667, ,,
8731,0.002,0.002,0.002,0.002, ,0,0.001,0.001,0.000666667, ,,
8732,0.002,0.002,0.002,0.002, ,0.001,0.001,0.001,0.001, ,,
8733,0.002,0.002,0.002,0.002, ,0,0,0.001,0.000333333, ,,
8734,0.002,0.002,0.003,0.002333333, ,0.001,0.001,0.001,0.001, ,,
8735,0.002,0.002,0.002,0.002, ,0.001,0.001,0.001,0.001, ,,
8736,0.002,0.002,0.002,0.002, ,0,0.001,0.001,0.000666667, ,,
8737,0.002,0.002,0.002,0.002, ,0.001,0,0.001,0.000666667, ,,
8738,0.002,0.002,0.002,0.002, ,0,0.001,0,0.000333333, ,,
8739,0.001,0.002,0.005,0.002666667, ,0.001,0.001,0.001,0.001, ,,
8740,0.002,0.002,0.002,0.002, ,0,0.001,0.001,0.000666667, ,,
8741,0.002,0.002,0.003,0.002333333, ,0.001,0,0.002,0.001, ,,
8742,0.002,0.002,0.002,0.002, ,0.001,0.002,0.001,0.001333333, ,,
8743,0.002,0.002,0.002,0.002, ,0.001,0.001,0.002,0.001333333, ,,
8744,0.002,0.002,0.002,0.002, ,0.001,0,0.001,0.000666667, ,,
8745,0.002,0.002,0.002,0.002, ,0,0.001,0.001,0.000666667, ,,
8746,0.002,0.002,0.003,0.002333333, ,0.001,0.001,0,0.000666667, ,,
8747,0.002,0.002,0.002,0.002, ,0,0,0.001,0.000333333, ,,
8748,0.002,0.002,0.002,0.002, ,0.001,0.001,0.001,0.001, ,,
8749,0.002,0.002,0.002,0.002, ,0,0.001,0.001,0.000666667, ,,
8750,0.002,0.002,0.002,0.002, ,0,0,0,0, ,,
8751,0.002,0.002,0.002,0.002, ,0.001,0.001,0.001,0.001, ,,
8752,0.002,0.002,0.002,0.002, ,0,0,0.001,0.000333333, ,,
8753,0.002,0.002,0.002,0.002, ,0.001,0.001,0.001,0.001, ,,
8754,0.002,0.002,0.002,0.002, ,0,0.001,0.001,0.000666667, ,,
8755,0.002,0.002,0.002,0.002, ,0.001,0,0,0.000333333, ,,
8756,0.002,0.002,0.002,0.002, ,0,0.001,0.002,0.001, ,,
8757,0.002,0.002,0.002,0.002, ,0.001,0.001,0.001,0.001, ,,
8758,0.002,0.002,0.002,0.002, ,0.001,0.001,0.001,0.001, ,,
8759,0.002,0.002,0.002,0.002, ,0,0.001,0.001,0.000666667, ,,
8760,0.002,0.002,0.003,0.002333333, ,0.001,0,0,0.000333333, ,,
8761,0.002,0.002,0.002,0.002, ,0,0.001,0.001,0.000666667, ,,
8762,0.002,0.002,0.002,0.002, ,0,0.001,0.001,0.000666667, ,,
8763,0.002,0.002,0.002,0.002, ,0.001,0,0.001,0.000666667, ,,
8764,0.002,0.002,0.002,0.002, ,0.001,0.001,0.001,0.001, ,,
8765,0.002,0.002,0.002,0.002, ,0,0.001,0.001,0.000666667, ,,
8766,0.002,0.002,0.002,0.002, ,0.001,0.001,0.001,0.001, ,,
8767,0.002,0.002,0.002,0.002, ,0.001,0.001,0.001,0.001, ,,
8768,0.002,0.002,0.002,0.002, ,0.026,0.001,0.001,0.009333333, ,,
8769,0.002,0.002,0.002,0.002, ,0,0.001,0.001,0.000666667, ,,
8770,0.002,0.002,0.002,0.002, ,0.001,0,0.001,0.000666667, ,,
8771,0.002,0.002,0.002,0.002, ,0,0.001,0.001,0.000666667, ,,
8772,0.002,0.002,0.002,0.002, ,0.001,0.001,0.001,0.001, ,,
8773,0.002,0.002,0.002,0.002, ,0.001,0.001,0.001,0.001, ,,
8774,0.003,0.002,0.002,0.002333333, ,0.001,0.001,0.002,0.001333333, ,,
8775,0.001,0.002,0.002,0.001666667, ,0.001,0.001,0.002,0.001333333, ,,
8776,0.002,0.002,0.003,0.002333333, ,0,0.001,0,0.000333333, ,,
8777,0.002,0.002,0.002,0.002, ,0.001,0,0.001,0.000666667, ,,
8778,0.002,0.002,0.002,0.002, ,0,0.001,0,0.000333333, ,,
8779,0.002,0.002,0.001,0.001666667, ,0,0,0.001,0.000333333, ,,
8780,0.002,0.003,0.002,0.002333333, ,0.001,0,0,0.000333333, ,,
8781,0.002,0.002,0.003,0.002333333, ,0,0.001,0.001,0.000666667, ,,
8782,0.002,0.002,0.002,0.002, ,0,0.001,0,0.000333333, ,,
8783,0.002,0.004,0.002,0.002666667, ,0.001,0,0.001,0.000666667, ,,
8784,0.002,0.002,0.002,0.002, ,0,0.001,0.001,0.000666667, ,,
8785,0.002,0.002,0.002,0.002, ,0.001,0.001,0.001,0.001, ,,
8786,0.002,0.002,0.002,0.002, ,0,0,0,0, ,,
8787,0.002,0.002,0.002,0.002, ,0.001,0.001,0.001,0.001, ,,
8788,0.002,0.002,0.002,0.002, ,0,0.001,0.001,0.000666667, ,,
8789,0.002,0.002,0.002,0.002, ,0.001,0,0.001,0.000666667, ,,
8790,0.002,0.002,0.002,0.002, ,0,0.001,0,0.000333333, ,,
8791,0.002,0.002,0.002,0.002, ,0.001,0.001,0.001,0.001, ,,
8792,0.002,0.002,0.002,0.002, ,0,0,0.001,0.000333333, ,,
8793,0.002,0.002,0.002,0.002, ,0,0.001,0,0.000333333, ,,
8794,0.002,0.001,0.002,0.001666667, ,0.001,0.001,0.001,0.001, ,,
8795,0.002,0.002,0.002,0.002, ,0.001,0.001,0.001,0.001, ,,
8796,0.002,0.002,0.002,0.002, ,0,0.001,0.002,0.001, ,,
8797,0.002,0.002,0.001,0.001666667, ,0.001,0.001,0.001,0.001, ,,
8798,0.002,0.002,0.003,0.002333333, ,0,0,0.001,0.000333333, ,,
8799,0.002,0.002,0.002,0.002, ,0.001,0.001,0.001,0.001, ,,
8800,0.001,0.002,0.002,0.001666667, ,0.001,0.001,0.001,0.001, ,,
8801,0.002,0.002,0.002,0.002, ,0,0.001,0.001,0.000666667, ,,
8802,0.002,0.002,0.002,0.002, ,0.001,0,0.001,0.000666667, ,,
8803,0.002,0.002,0.002,0.002, ,0,0.001,0.001,0.000666667, ,,
8804,0.002,0.002,0.002,0.002, ,0.001,0.001,0.001,0.001, ,,
8805,0.002,0.002,0.003,0.002333333, ,0.001,0.001,0.001,0.001, ,,
8806,0.002,0.002,0.002,0.002, ,0,0.001,0.002,0.001, ,,
8807,0.002,0.002,0.002,0.002, ,0.001,0.002,0.001,0.001333333, ,,
8808,0.002,0.002,0.002,0.002, ,0.001,0.001,0.001,0.001, ,,
8809,0.002,0.002,0.003,0.002333333, ,0,0.001,0.001,0.000666667, ,,
8810,0.002,0.002,0.002,0.002, ,0.001,0.001,0.001,0.001, ,,
8811,0.002,0.001,0.002,0.001666667, ,0,0.001,0.001,0.000666667, ,,
8812,0.002,0.002,0.002,0.002, ,0.001,0.001,0,0.000666667, ,,
8813,0.002,0.002,0.002,0.002, ,0,0.001,0.001,0.000666667, ,,
8814,0.002,0.002,0.002,0.002, ,0.001,0.001,0.001,0.001, ,,
8815,0.002,0.002,0.002,0.002, ,0,0.001,0.001,0.000666667, ,,
8816,0.002,0.002,0.002,0.002, ,0.001,0.001,0.001,0.001, ,,
8817,0.002,0.002,0.002,0.002, ,0,0,0.001,0.000333333, ,,
8818,0.002,0.002,0.002,0.002, ,0.001,0.001,0.001,0.001, ,,
8819,0.002,0.002,0.002,0.002, ,0,0.001,0.001,0.000666667, ,,
8820,0.002,0.002,0.002,0.002, ,0.001,0.001,0.001,0.001, ,,
8821,0.002,0.002,0.002,0.002, ,0.001,0.001,0.001,0.001, ,,
8822,0.001,0.002,0.002,0.001666667, ,0,0.001,0.001,0.000666667, ,,
8823,0.002,0.002,0.002,0.002, ,0.001,0,0.001,0.000666667, ,,
8824,0.006,0.002,0.002,0.003333333, ,0,0.001,0.001,0.000666667, ,,
8825,0.002,0.002,0.002,0.002, ,0.001,0,0.001,0.000666667, ,,
8826,0.002,0.002,0.002,0.002, ,0,0.001,0.002,0.001, ,,
8827,0.002,0.002,0.003,0.002333333, ,0,0.001,0.001,0.000666667, ,,
8828,0.001,0.002,0.002,0.001666667, ,0.001,0.001,0.001,0.001, ,,
8829,0.002,0.002,0.002,0.002, ,0.001,0.001,0.001,0.001, ,,
8830,0.002,0.002,0.002,0.002, ,0,0.001,0.001,0.000666667, ,,
8831,0.002,0.002,0.002,0.002, ,0.001,0.001,0.001,0.001, ,,
8832,0.002,0.002,0.001,0.001666667, ,0,0.002,0.001,0.001, ,,
8833,0.002,0.002,0.003,0.002333333, ,0.001,0.001,0.001,0.001, ,,
8834,0.002,0.002,0.001,0.001666667, ,0,0.001,0.001,0.000666667, ,,
8835,0.002,0.002,0.002,0.002, ,0.001,0.001,0.001,0.001, ,,
8836,0.002,0.001,0.003,0.002, ,0.001,0.001,0.001,0.001, ,,
8838,0.002,0.002,0.001,0.001666667, ,0.001,0.001,0.001,0.001, ,,
8839,0.002,0.002,0.005,0.003, ,0.001,0.001,0.002,0.001333333, ,,
8840,0.002,0.003,0.002,0.002333333, ,0,0.001,0,0.000333333, ,,
8841,0.002,0.001,0.003,0.002, ,0.001,0,0.001,0.000666667, ,,
8842,0.002,0.003,0.002,0.002333333, ,0,0.001,0,0.000333333, ,,
8843,0.002,0.001,0.002,0.001666667, ,0,0,0.001,0.000333333, ,,
8844,0.002,0.002,0.002,0.002, ,0.001,0.001,0,0.000666667, ,,
8845,0.002,0.002,0.002,0.002, ,0,0,0.001,0.000333333, ,,
8846,0.002,0.002,0.002,0.002, ,0,0.001,0,0.000333333, ,,
8847,0.002,0.002,0.002,0.002, ,0.001,0,0.001,0.000666667, ,,
8848,0.002,0.002,0.002,0.002, ,0,0.001,0.001,0.000666667, ,,
8849,0.002,0.002,0.003,0.002333333, ,0.001,0.001,0.001,0.001, ,,
8850,0.001,0.002,0.002,0.001666667, ,0,0,0,0, ,,
8851,0.002,0.002,0.002,0.002, ,0.001,0.001,0.001,0.001, ,,
8852,0.002,0.002,0.002,0.002, ,0.001,0.001,0.001,0.001, ,,
8853,0.002,0.002,0.002,0.002, ,0,0.001,0.001,0.000666667, ,,
8854,0.002,0.002,0.002,0.002, ,0.001,0,0.001,0.000666667, ,,
8855,0.002,0.002,0.002,0.002, ,0,0.001,0.001,0.000666667, ,,
8856,0.002,0.002,0.002,0.002, ,0.001,0.001,0.001,0.001, ,,
8857,0.002,0.002,0.002,0.002, ,0,0,0.001,0.000333333, ,,
8858,0.002,0.002,0.002,0.002, ,0.001,0.001,0.001,0.001, ,,
8859,0.002,0.002,0.002,0.002, ,0,0.001,0.001,0.000666667, ,,
8860,0.002,0.002,0.002,0.002, ,0.001,0.001,0.001,0.001, ,,
8861,0.002,0.002,0.003,0.002333333, ,0.001,0.001,0.001,0.001, ,,
8862,0.002,0.002,0.002,0.002, ,0,0.001,0.001,0.000666667, ,,
8863,0.002,0.002,0.002,0.002, ,0.001,0.001,0.002,0.001333333, ,,
8864,0.002,0.003,0.003,0.002666667, ,0.001,0,0.001,0.000666667, ,,
8865,0.002,0.003,0.002,0.002333333, ,0.001,0.001,0.001,0.001, ,,
8866,0.002,0.002,0.002,0.002, ,0,0.001,0,0.000333333, ,,
8867,0.002,0.002,0.002,0.002, ,0.001,0,0.001,0.000666667, ,,
8868,0.002,0.002,0.002,0.002, ,0,0.001,0.001,0.000666667, ,,
8869,0.002,0.002,0.002,0.002, ,0.001,0.001,0.001,0.001, ,,
8870,0.002,0.002,0.002,0.002, ,0.001,0.001,0.002,0.001333333, ,,
8871,0.002,0.002,0.002,0.002, ,0.001,0.001,0.002,0.001333333, ,,
8872,0.002,0.002,0.002,0.002, ,0.001,0.001,0.001,0.001, ,,
8873,0.002,0.002,0.002,0.002, ,0,0.001,0.001,0.000666667, ,,
8874,0.002,0.002,0.003,0.002333333, ,0.001,0,0.001,0.000666667, ,,
8875,0.002,0.002,0.002,0.002, ,0,0.001,0,0.000333333, ,,
8876,0.002,0.001,0.002,0.001666667, ,0.001,0,0.001,0.000666667, ,,
8877,0.002,0.001,0.002,0.001666667, ,0,0.001,0.001,0.000666667, ,,
8878,0.001,0.003,0.002,0.002, ,0.001,0.001,0,0.000666667, ,,
8879,0.002,0.001,0.002,0.001666667, ,0,0,0.001,0.000333333, ,,
8880,0.002,0.003,0.002,0.002333333, ,0.001,0.001,0.001,0.001, ,,
8881,0.002,0.002,0.002,0.002, ,0,0.001,0.001,0.000666667, ,,
8882,0.002,0.001,0.002,0.001666667, ,0.001,0,0.001,0.000666667, ,,
8883,0.002,0.005,0.002,0.003, ,0,0.001,0.001,0.000666667, ,,
8884,0.002,0.002,0.002,0.002, ,0.001,0.001,0.001,0.001, ,,
8885,0.002,0.003,0.002,0.002333333, ,0.001,0.001,0.001,0.001, ,,
8886,0.002,0.002,0.002,0.002, ,0,0.001,0.001,0.000666667, ,,
8887,0.002,0.001,0.002,0.001666667, ,0.001,0,0.001,0.000666667, ,,
8888,0.002,0.002,0.002,0.002, ,0,0.001,0.001,0.000666667, ,,
8889,0.002,0.002,0.002,0.002, ,0.001,0,0.001,0.000666667, ,,
8890,0.002,0.002,0.002,0.002, ,0,0.001,0.001,0.000666667, ,,
8891,0.001,0.002,0.002,0.001666667, ,0.001,0.001,0.001,0.001, ,,
8892,0.002,0.002,0.002,0.002, ,0,0.001,0.001,0.000666667, ,,
8893,0.002,0.002,0.002,0.002, ,0.001,0,0.001,0.000666667, ,,
8894,0.002,0.002,0.002,0.002, ,0,0.001,0.001,0.000666667, ,,
8895,0.002,0.002,0.002,0.002, ,0.001,0.001,0.002,0.001333333, ,,
8896,0.002,0.002,0.002,0.002, ,0.001,0.001,0.001,0.001, ,,
8897,0.002,0.002,0.002,0.002, ,0,0.001,0.001,0.000666667, ,,
8898,0.002,0.002,0.002,0.002, ,0.001,0,0.001,0.000666667, ,,
8899,0.002,0.002,0.002,0.002, ,0,0.001,0.001,0.000666667, ,,
8900,0.002,0.002,0.002,0.002, ,0.001,0.001,0.001,0.001, ,,
8901,0.002,0.002,0.002,0.002, ,0.001,0.001,0.001,0.001, ,,
8902,0.002,0.002,0.003,0.002333333, ,0.001,0.001,0.002,0.001333333, ,,
8903,0.002,0.002,0.002,0.002, ,0,0.001,0.002,0.001, ,,
8904,0.002,0.002,0.002,0.002, ,0.001,0.001,0,0.000666667, ,,
8905,0.002,0.002,0.002,0.002, ,0,0.001,0.001,0.000666667, ,,
8906,0.002,0.002,0.002,0.002, ,0,0,0.001,0.000333333, ,,
8907,0.002,0.002,0.002,0.002, ,0.001,0,0,0.000333333, ,,
8908,0.002,0.002,0.002,0.002, ,0,0.001,0,0.000333333, ,,
8909,0.002,0.002,0.002,0.002, ,0,0,0.001,0.000333333, ,,
8910,0.002,0.002,0.002,0.002, ,0,0.001,0,0.000333333, ,,
8911,0.002,0.002,0.002,0.002, ,0.001,0,0.001,0.000666667, ,,
8912,0.002,0.002,0.002,0.002, ,0,0.001,0,0.000333333, ,,
8913,0.002,0.002,0.002,0.002, ,0.001,0,0.001,0.000666667, ,,
8914,0.002,0.002,0.002,0.002, ,0,0.001,0.001,0.000666667, ,,
8915,0.002,0.001,0.002,0.001666667, ,0,0,0,0, ,,
8916,0.002,0.003,0.002,0.002333333, ,0,0,0.001,0.000333333, ,,
8917,0.002,0.001,0.002,0.001666667, ,0.001,0.001,0,0.000666667, ,,
8918,0.002,0.002,0.002,0.002, ,0,0,0.001,0.000333333, ,,
8919,0.002,0.002,0.002,0.002, ,0.001,0.001,0.001,0.001, ,,
8920,0.002,0.002,0.002,0.002, ,0,0,0.001,0.000333333, ,,
8921,0.002,0.002,0.002,0.002, ,0,0.001,0,0.000333333, ,,
8922,0.001,0.002,0.002,0.001666667, ,0.001,0,0.001,0.000666667, ,,
8923,0.002,0.002,0.002,0.002, ,0,0.001,0.001,0.000666667, ,,
8924,0.005,0.002,0.002,0.003, ,0.001,0.001,0.001,0.001, ,,
8925,0.002,0.002,0.002,0.002, ,0,0,0.001,0.000333333, ,,
8926,0.002,0.002,0.002,0.002, ,0.001,0.001,0.001,0.001, ,,
8927,0.002,0.002,0.002,0.002, ,0,0.001,0,0.000333333, ,,
8928,0.002,0.002,0.002,0.002, ,0.001,0,0.001,0.000666667, ,,
8929,0.002,0.002,0.002,0.002, ,0,0,0.001,0.000333333, ,,
8930,0.002,0.002,0.002,0.002, ,0,0.001,0,0.000333333, ,,
8931,0.002,0.002,0.002,0.002, ,0.001,0,0.001,0.000666667, ,,
8932,0.002,0.002,0.002,0.002, ,0,0.001,0,0.000333333, ,,
8933,0.002,0.002,0.002,0.002, ,0.001,0.001,0.001,0.001, ,,
8934,0.003,0.002,0.002,0.002333333, ,0,0.001,0.001,0.000666667, ,,
8935,0.002,0.002,0.002,0.002, ,0.001,0,0.001,0.000666667, ,,
8936,0.002,0.002,0.002,0.002, ,0,0.001,0.001,0.000666667, ,,
8937,0.002,0.002,0.002,0.002, ,0.001,0,0.001,0.000666667, ,,
8938,0.002,0.002,0.002,0.002, ,0,0.001,0,0.000333333, ,,
8939,0.002,0.002,0.005,0.003, ,0,0,0,0, ,,
8940,0.002,0.002,0.002,0.002, ,0.001,0,0.001,0.000666667, ,,
8941,0.002,0.002,0.002,0.002, ,0,0.001,0.001,0.000666667, ,,
8942,0.002,0.002,0.002,0.002, ,0,0,0,0, ,,
8943,0.002,0.002,0.002,0.002, ,0.001,0.001,0.001,0.001, ,,
8944,0.002,0.002,0.002,0.002, ,0,0,0.001,0.000333333, ,,
8945,0.002,0.002,0.002,0.002, ,0.001,0.001,0.001,0.001, ,,
8946,0.002,0.002,0.002,0.002, ,0,0,0,0, ,,
8947,0.002,0.002,0.002,0.002, ,0,0.001,0.001,0.000666667, ,,
8948,0.002,0.002,0.002,0.002, ,0.001,0.001,0.001,0.001, ,,
8949,0.002,0.002,0.002,0.002, ,0,0.001,0.001,0.000666667, ,,
8950,0.002,0.002,0.002,0.002, ,0.001,0,0.001,0.000666667, ,,
8951,0.002,0.002,0.002,0.002, ,0,0.001,0.001,0.000666667, ,,
8952,0.002,0.002,0.002,0.002, ,0.001,0,0,0.000333333, ,,
8953,0.002,0.002,0.002,0.002, ,0,0.001,0.001,0.000666667, ,,
8954,0.002,0.001,0.002,0.001666667, ,0.001,0,0.001,0.000666667, ,,
8955,0.002,0.002,0.002,0.002, ,0,0.001,0.001,0.000666667, ,,
8956,0.002,0.002,0.002,0.002, ,0.001,0.001,0.001,0.001, ,,
8957,0.003,0.002,0.002,0.002333333, ,0,0,0.001,0.000333333, ,,
8958,0.002,0.002,0.002,0.002, ,0.001,0.001,0.001,0.001, ,,
8959,0.002,0.002,0.002,0.002, ,0,0.001,0.001,0.000666667, ,,
8960,0.002,0.002,0.002,0.002, ,0.001,0,0.001,0.000666667, ,,
8961,0.002,0.002,0.002,0.002, ,0,0.001,0.001,0.000666667, ,,
8962,0.002,0.002,0.002,0.002, ,0.001,0.001,0.001,0.001, ,,
8963,0.002,0.002,0.002,0.002, ,0,0.001,0.001,0.000666667, ,,
8964,0.002,0.002,0.002,0.002, ,0.001,0,0.001,0.000666667, ,,
8965,0.002,0.002,0.002,0.002, ,0,0.002,0.001,0.001, ,,
8966,0.002,0.002,0.002,0.002, ,0.001,0.001,0.001,0.001, ,,
8967,0.002,0.002,0.002,0.002, ,0.001,0.001,0.001,0.001, ,,
8968,0.002,0.002,0.002,0.002, ,0,0,0.001,0.000333333, ,,
8969,0.002,0.002,0.002,0.002, ,0.001,0.001,0,0.000666667, ,,
8970,0.001,0.002,0.002,0.001666667, ,0,0,0.001,0.000333333, ,,
8971,0.002,0.002,0.002,0.002, ,0,0,0,0, ,,
8972,0.003,0.002,0.002,0.002333333, ,0,0.001,0.001,0.000666667, ,,
8973,0.001,0.002,0.002,0.001666667, ,0.001,0,0,0.000333333, ,,
8974,0.002,0.002,0.002,0.002, ,0,0.001,0,0.000333333, ,,
8975,0.002,0.002,0.002,0.002, ,0,0,0.001,0.000333333, ,,
8976,0.002,0.002,0.002,0.002, ,0.001,0.001,0.001,0.001, ,,
8977,0.001,0.002,0.002,0.001666667, ,0,0.001,0.001,0.000666667, ,,
8978,0.002,0.002,0.002,0.002, ,0.001,0,0,0.000333333, ,,
8979,0.002,0.002,0.002,0.002, ,0,0.001,0.001,0.000666667, ,,
8980,0.002,0.002,0.002,0.002, ,0.001,0,0.001,0.000666667, ,,
8981,0.001,0.002,0.002,0.001666667, ,0,0.001,0.001,0.000666667, ,,
8982,0.002,0.002,0.002,0.002, ,0.001,0.001,0,0.000666667, ,,
8983,0.002,0.005,0.002,0.003, ,0,0,0.001,0.000333333, ,,
8984,0.002,0.002,0.002,0.002, ,0.001,0.001,0.001,0.001, ,,
8985,0.002,0.002,0.002,0.002, ,0,0.001,0,0.000333333, ,,
8986,0.002,0.002,0.002,0.002, ,0.001,0,0.001,0.000666667, ,,
8987,0.002,0.002,0.002,0.002, ,0,0.001,0.001,0.000666667, ,,
8988,0.002,0.002,0.002,0.002, ,0.001,0.001,0.001,0.001, ,,
8989,0.002,0.002,0.002,0.002, ,0,0.001,0.001,0.000666667, ,,
8990,0.002,0.002,0.002,0.002, ,0.001,0,0.001,0.000666667, ,,
8991,0.002,0.002,0.002,0.002, ,0.001,0.001,0.001,0.001, ,,
8992,0.002,0.002,0.003,0.002333333, ,0,0.001,0.001,0.000666667, ,,
8993,0.002,0.003,0.002,0.002333333, ,0.001,0.001,0.001,0.001, ,,
8994,0.002,0.002,0.002,0.002, ,0,0,0,0, ,,
8995,0.002,0.002,0.002,0.002, ,0.001,0.001,0.001,0.001, ,,
8996,0.002,0.002,0.002,0.002, ,0,0,0.001,0.000333333, ,,
8997,0.003,0.002,0.002,0.002333333, ,0.001,0.001,0.001,0.001, ,,
8998,0.002,0.002,0.002,0.002, ,0.001,0.001,0.002,0.001333333, ,,
8999,0.001,0.002,0.002,0.001666667, ,0,0.001,0.001,0.000666667, ,,
9000,0.002,0.002,0.002,0.002, ,0.001,0.001,0.001,0.001, ,,
9001,0.002,0.002,0.002,0.002, ,0.001,0,0.001,0.000666667, ,,
9002,0.002,0.002,0.002,0.002, ,0,0.001,0.001,0.000666667, ,,
9003,0.002,0.002,0.002,0.002, ,0,0,0,0, ,,
9004,0.002,0.002,0.002,0.002, ,0.001,0.001,0.001,0.001, ,,
9005,0.002,0.002,0.002,0.002, ,0,0.001,0.001,0.000666667, ,,
9006,0.002,0.002,0.002,0.002, ,0.001,0,0,0.000333333, ,,
9007,0.002,0.002,0.002,0.002, ,0,0.001,0.001,0.000666667, ,,
9008,0.002,0.002,0.002,0.002, ,0.001,0.001,0.001,0.001, ,,
9009,0.002,0.002,0.002,0.002, ,0,0.001,0.001,0.000666667, ,,
9010,0.002,0.002,0.002,0.002, ,0,0,0,0, ,,
9011,0.002,0.002,0.002,0.002, ,0.001,0.001,0.001,0.001, ,,
9012,0.002,0.001,0.002,0.001666667, ,0.001,0,0.001,0.000666667, ,,
9013,0.002,0.002,0.002,0.002, ,0,0.001,0.001,0.000666667, ,,
9014,0.002,0.002,0.002,0.002, ,0.001,0.001,0.001,0.001, ,,
9015,0.002,0.002,0.002,0.002, ,0,0.001,0.001,0.000666667, ,,
9016,0.002,0.002,0.003,0.002333333, ,0.001,0,0.001,0.000666667, ,,
9017,0.002,0.002,0.001,0.001666667, ,0,0.001,0,0.000333333, ,,
9018,0.002,0.002,0.003,0.002333333, ,0,0.001,0.001,0.000666667, ,,
9019,0.002,0.002,0.001,0.001666667, ,0.001,0,0.001,0.000666667, ,,
9020,0.002,0.002,0.002,0.002, ,0,0.001,0.001,0.000666667, ,,
9021,0.002,0.002,0.002,0.002, ,0.001,0.001,0.001,0.001, ,,
9022,0.002,0.002,0.002,0.002, ,0,0,0.001,0.000333333, ,,
9023,0.002,0.003,0.002,0.002333333, ,0.001,0.001,0.001,0.001, ,,
9024,0.005,0.001,0.002,0.002666667, ,0.001,0.001,0.001,0.001, ,,
9025,0.002,0.002,0.002,0.002, ,0,0.001,0.001,0.000666667, ,,
9026,0.002,0.002,0.002,0.002, ,0.001,0,0.001,0.000666667, ,,
9027,0.002,0.002,0.002,0.002, ,0,0.001,0,0.000333333, ,,
9028,0.002,0.002,0.002,0.002, ,0.001,0.001,0.001,0.001, ,,
9029,0.002,0.002,0.002,0.002, ,0,0.001,0.002,0.001, ,,
9030,0.002,0.002,0.002,0.002, ,0.001,0.001,0.002,0.001333333, ,,
9031,0.002,0.002,0.002,0.002, ,0.001,0.001,0.001,0.001, ,,
9032,0.002,0.002,0.002,0.002, ,0.001,0,0.001,0.000666667, ,,
9033,0.002,0.002,0.002,0.002, ,0,0.001,0.001,0.000666667, ,,
9034,0.002,0.002,0.002,0.002, ,0,0,0,0, ,,
9035,0.002,0.002,0.002,0.002, ,0.001,0.001,0.001,0.001, ,,
9036,0.002,0.002,0.002,0.002, ,0,0,0,0, ,,
9037,0.002,0.002,0.002,0.002, ,0,0.001,0.001,0.000666667, ,,
9038,0.002,0.002,0.002,0.002, ,0.001,0,0,0.000333333, ,,
9039,0.002,0.002,0.005,0.003, ,0,0.001,0.001,0.000666667, ,,
9040,0.002,0.002,0.002,0.002, ,0.001,0,0.001,0.000666667, ,,
9041,0.002,0.003,0.002,0.002333333, ,0,0.001,0.001,0.000666667, ,,
9042,0.002,0.002,0.003,0.002333333, ,0.001,0.001,0.001,0.001, ,,
9043,0.002,0.002,0.002,0.002, ,0,0,0,0, ,,
9044,0.002,0.002,0.002,0.002, ,0.001,0.001,0.001,0.001, ,,
9045,0.002,0.002,0.002,0.002, ,0,0,0.001,0.000333333, ,,
9046,0.002,0.002,0.002,0.002, ,0.001,0.001,0.001,0.001, ,,
9047,0.002,0.002,0.002,0.002, ,0,0,0.001,0.000333333, ,,
9048,0.002,0.002,0.002,0.002, ,0,0.001,0,0.000333333, ,,
9049,0.002,0.002,0.002,0.002, ,0.001,0,0.001,0.000666667, ,,
9050,0.002,0.001,0.002,0.001666667, ,0,0.001,0,0.000333333, ,,
9051,0.002,0.002,0.002,0.002, ,0.001,0,0.001,0.000666667, ,,
9052,0.001,0.002,0.002,0.001666667, ,0.001,0.001,0.001,0.001, ,,
9053,0.002,0.002,0.002,0.002, ,0,0.001,0.001,0.000666667, ,,
9054,0.002,0.002,0.002,0.002, ,0.001,0,0,0.000333333, ,,
9055,0.002,0.002,0.002,0.002, ,0,0.001,0.001,0.000666667, ,,
9056,0.002,0.002,0.002,0.002, ,0,0,0,0, ,,
9057,0.002,0.002,0.002,0.002, ,0.001,0.001,0.001,0.001, ,,
9058,0.002,0.002,0.002,0.002, ,0,0,0,0, ,,
9059,0.002,0.002,0.002,0.002, ,0,0,0,0, ,,
9060,0.002,0.002,0.002,0.002, ,0.001,0.001,0.001,0.001, ,,
9061,0.002,0.002,0.002,0.002, ,0,0,0.001,0.000333333, ,,
9062,0.002,0.002,0.002,0.002, ,0.001,0.001,0.001,0.001, ,,
9063,0.002,0.002,0.002,0.002, ,0,0.001,0.001,0.000666667, ,,
9064,0.002,0.002,0.002,0.002, ,0.001,0,0.001,0.000666667, ,,
9065,0.002,0.002,0.002,0.002, ,0,0.001,0,0.000333333, ,,
9066,0.002,0.002,0.002,0.002, ,0.001,0,0.001,0.000666667, ,,
9067,0.002,0.001,0.002,0.001666667, ,0,0.001,0,0.000333333, ,,
9068,0.002,0.002,0.001,0.001666667, ,0.001,0,0.001,0.000666667, ,,
9069,0.001,0.002,0.002,0.001666667, ,0,0.001,0,0.000333333, ,,
9070,0.002,0.003,0.002,0.002333333, ,0.001,0,0.001,0.000666667, ,,
9071,0.002,0.001,0.002,0.001666667, ,0,0.001,0,0.000333333, ,,
9072,0.002,0.002,0.002,0.002, ,0,0,0.001,0.000333333, ,,
9073,0.002,0.002,0.002,0.002, ,0.001,0.001,0.001,0.001, ,,
9074,0.002,0.002,0.002,0.002, ,0,0,0,0, ,,
9075,0.002,0.002,0.002,0.002, ,0,0.001,0,0.000333333, ,,
9076,0.002,0.002,0.003,0.002333333, ,0.001,0,0.001,0.000666667, ,,
9077,0.002,0.002,0.002,0.002, ,0,0.001,0.001,0.000666667, ,,
9078,0.002,0.002,0.002,0.002, ,0.001,0,0.001,0.000666667, ,,
9079,0.002,0.002,0.002,0.002, ,0,0.001,0,0.000333333, ,,
9080,0.002,0.002,0.001,0.001666667, ,0,0,0.001,0.000333333, ,,
9081,0.002,0.002,0.003,0.002333333, ,0.001,0.001,0,0.000666667, ,,
9082,0.002,0.002,0.001,0.001666667, ,0,0,0.001,0.000333333, ,,
9083,0.002,0.005,0.003,0.003333333, ,0,0.001,0,0.000333333, ,,
9084,0.002,0.002,0.001,0.001666667, ,0.001,0,0.001,0.000666667, ,,
9085,0.002,0.002,0.002,0.002, ,0,0.001,0,0.000333333, ,,
9086,0.001,0.002,0.002,0.001666667, ,0.001,0,0.001,0.000666667, ,,
9087,0.002,0.002,0.002,0.002, ,0,0.001,0.001,0.000666667, ,,
9088,0.002,0.002,0.002,0.002, ,0.001,0,0,0.000333333, ,,
9089,0.002,0.002,0.002,0.002, ,0,0.001,0.001,0.000666667, ,,
9090,0.003,0.002,0.002,0.002333333, ,0,0,0,0, ,,
9091,0.002,0.001,0.002,0.001666667, ,0.001,0.001,0.001,0.001, ,,
9092,0.002,0.002,0.002,0.002, ,0,0,0,0, ,,
9093,0.002,0.003,0.002,0.002333333, ,0.001,0.001,0.001,0.001, ,,
9094,0.002,0.002,0.002,0.002, ,0.001,0.001,0.001,0.001, ,,
9095,0.002,0.001,0.002,0.001666667, ,0,0,0.001,0.000333333, ,,
9096,0.002,0.002,0.002,0.002, ,0.001,0.001,0.001,0.001, ,,
9097,0.002,0.002,0.002,0.002, ,0,0.001,0.001,0.000666667, ,,
9098,0.002,0.002,0.002,0.002, ,0.001,0,0,0.000333333, ,,
9099,0.002,0.002,0.002,0.002, ,0,0,0,0, ,,
9100,0.002,0.002,0.002,0.002, ,0,0.001,0.001,0.000666667, ,,
9101,0.002,0.002,0.002,0.002, ,0.001,0,0,0.000333333, ,,
9102,0.002,0.002,0.002,0.002, ,0,0.001,0.001,0.000666667, ,,
9103,0.002,0.002,0.002,0.002, ,0,0,0,0, ,,
9104,0.002,0.002,0.002,0.002, ,0.001,0.001,0.001,0.001, ,,
9105,0.002,0.002,0.002,0.002, ,0,0,0.001,0.000333333, ,,
9106,0.002,0.002,0.002,0.002, ,0.001,0.001,0,0.000666667, ,,
9107,0.002,0.002,0.002,0.002, ,0,0,0.001,0.000333333, ,,
9108,0.002,0.002,0.002,0.002, ,0.001,0.001,0.001,0.001, ,,
9109,0.002,0.002,0.002,0.002, ,0,0,0,0, ,,
9110,0.002,0.002,0.002,0.002, ,0.001,0.001,0.001,0.001, ,,
9111,0.001,0.002,0.002,0.001666667, ,0,0.001,0.001,0.000666667, ,,
9112,0.002,0.002,0.002,0.002, ,0.001,0,0,0.000333333, ,,
9113,0.003,0.002,0.002,0.002333333, ,0,0.001,0.001,0.000666667, ,,
9114,0.001,0.002,0.002,0.001666667, ,0,0,0.001,0.000333333, ,,
9115,0.002,0.002,0.002,0.002, ,0.001,0.001,0,0.000666667, ,,
9116,0.002,0.002,0.002,0.002, ,0,0,0.001,0.000333333, ,,
9117,0.002,0.002,0.002,0.002, ,0.001,0.001,0.001,0.001, ,,
9118,0.002,0.002,0.002,0.002, ,0,0.001,0.001,0.000666667, ,,
9119,0.002,0.002,0.002,0.002, ,0.001,0,0,0.000333333, ,,
9120,0.002,0.001,0.001,0.001333333, ,0,0.001,0.001,0.000666667, ,,
9121,0.002,0.004,0.002,0.002666667, ,0.001,0,0,0.000333333, ,,
9122,0.002,0.002,0.003,0.002333333, ,0,0.001,0.001,0.000666667, ,,
9123,0.002,0.003,0.001,0.002, ,0.001,0,0,0.000333333, ,,
9124,0.005,0.002,0.002,0.003, ,0,0,0.001,0.000333333, ,,
9125,0.002,0.002,0.001,0.001666667, ,0.001,0.001,0.001,0.001, ,,
9126,0.002,0.002,0.002,0.002, ,0,0.001,0.001,0.000666667, ,,
9127,0.002,0.002,0.002,0.002, ,0.001,0.001,0.001,0.001, ,,
9128,0.002,0.002,0.002,0.002, ,0.001,0,0.001,0.000666667, ,,
9129,0.002,0.002,0.002,0.002, ,0,0.001,0.001,0.000666667, ,,
9130,0.002,0.002,0.002,0.002, ,0.001,0.001,0.001,0.001, ,,
9131,0.002,0.002,0.002,0.002, ,0,0,0,0, ,,
9132,0.002,0.002,0.003,0.002333333, ,0.001,0.001,0.001,0.001, ,,
9133,0.002,0.002,0.002,0.002, ,0,0,0.001,0.000333333, ,,
9134,0.002,0.002,0.002,0.002, ,0,0.001,0,0.000333333, ,,
9135,0.002,0.002,0.002,0.002, ,0.001,0,0.001,0.000666667, ,,
9136,0.002,0.002,0.001,0.001666667, ,0,0.001,0,0.000333333, ,,
9137,0.002,0.002,0.003,0.002333333, ,0.001,0,0.001,0.000666667, ,,
9138,0.002,0.002,0.002,0.002, ,0,0,0,0, ,,
9139,0.002,0.002,0.005,0.003, ,0,0.001,0.001,0.000666667, ,,
9140,0.002,0.002,0.002,0.002, ,0.001,0,0,0.000333333, ,,
9141,0.002,0.002,0.002,0.002, ,0,0.001,0.001,0.000666667, ,,
9142,0.002,0.002,0.002,0.002, ,0.001,0,0.001,0.000666667, ,,
9143,0.003,0.002,0.001,0.002, ,0,0.001,0,0.000333333, ,,
9144,0.002,0.002,0.003,0.002333333, ,0,0,0.001,0.000333333, ,,
9145,0.002,0.002,0.002,0.002, ,0.001,0.001,0,0.000666667, ,,
9146,0.002,0.002,0.002,0.002, ,0,0,0.001,0.000333333, ,,
9147,0.002,0.002,0.002,0.002, ,0,0.001,0,0.000333333, ,,
9148,0.002,0.002,0.002,0.002, ,0.001,0,0.001,0.000666667, ,,
9149,0.002,0.002,0.002,0.002, ,0,0.001,0,0.000333333, ,,
9150,0.002,0.002,0.002,0.002, ,0.001,0,0.001,0.000666667, ,,
9151,0.002,0.002,0.002,0.002, ,0,0.001,0.001,0.000666667, ,,
9152,0.002,0.002,0.002,0.002, ,0,0.001,0,0.000333333, ,,
9153,0.002,0.002,0.002,0.002, ,0,0,0.001,0.000333333, ,,
9154,0.002,0.003,0.002,0.002333333, ,0.001,0,0,0.000333333, ,,
9155,0.002,0.001,0.002,0.001666667, ,0,0,0,0, ,,
9156,0.002,0.002,0.002,0.002, ,0,0,0,0, ,,
9157,0.002,0.002,0.002,0.002, ,0,0.001,0.001,0.000666667, ,,
9158,0.002,0.003,0.002,0.002333333, ,0,0,0,0, ,,
9159,0.002,0.001,0.002,0.001666667, ,0.001,0.001,0.001,0.001, ,,
9160,0.002,0.003,0.002,0.002333333, ,0,0,0,0, ,,
9161,0.002,0.002,0.002,0.002, ,0,0,0,0, ,,
9162,0.002,0.002,0.002,0.002, ,0,0.001,0.001,0.000666667, ,,
9163,0.002,0.002,0.002,0.002, ,0.001,0,0,0.000333333, ,,
9164,0.002,0.002,0.002,0.002, ,0,0,0,0, ,,
9165,0.002,0.002,0.002,0.002, ,0,0,0,0, ,,
9166,0.002,0.002,0.002,0.002, ,0,0,0.001,0.000333333, ,,
9167,0.002,0.002,0.002,0.002, ,0,0.001,0,0.000333333, ,,
9168,0.002,0.002,0.001,0.001666667, ,0,0,0,0, ,,
9169,0.002,0.002,0.002,0.002, ,0.001,0,0,0.000333333, ,,
9170,0.002,0.002,0.002,0.002, ,0,0.001,0.001,0.000666667, ,,
9171,0.002,0.002,0.003,0.002333333, ,0,0,0,0, ,,
9172,0.002,0.002,0.002,0.002, ,0,0,0,0, ,,
9173,0.003,0.002,0.002,0.002333333, ,0,0,0,0, ,,
9174,0.002,0.002,0.002,0.002, ,0.001,0.001,0.001,0.001, ,,
9175,0.002,0.002,0.002,0.002, ,0,0,0,0, ,,
9176,0.002,0.001,0.002,0.001666667, ,0,0,0,0, ,,
9177,0.002,0.003,0.002,0.002333333, ,0,0,0.001,0.000333333, ,,
9178,0.002,0.002,0.002,0.002, ,0,0.001,0,0.000333333, ,,
9179,0.002,0.002,0.002,0.002, ,0.001,0,0,0.000333333, ,,
9180,0.003,0.002,0.001,0.002, ,0,0,0.001,0.000333333, ,,
9181,0.002,0.002,0.002,0.002, ,0,0,0,0, ,,
9182,0.002,0.002,0.002,0.002, ,0,0.001,0,0.000333333, ,,
9183,0.002,0.005,0.003,0.003333333, ,0,0,0,0, ,,
9184,0.001,0.002,0.001,0.001333333, ,0,0,0.001,0.000333333, ,,
9185,0.002,0.002,0.002,0.002, ,0.001,0,0,0.000333333, ,,
9186,0.002,0.002,0.002,0.002, ,0,0,0,0, ,,
9187,0.002,0.002,0.002,0.002, ,0,0,0,0, ,,
9188,0.002,0.002,0.002,0.002, ,0,0.001,0,0.000333333, ,,
9189,0.002,0.002,0.002,0.002, ,0,0,0,0, ,,
9190,0.002,0.002,0.002,0.002, ,0,0,0,0, ,,
9191,0.002,0.002,0.002,0.002, ,0,0,0,0, ,,
9192,0.002,0.002,0.002,0.002, ,0,0,0,0, ,,
9193,0.002,0.002,0.002,0.002, ,0,0,0,0, ,,
9194,0.002,0.002,0.002,0.002, ,0,0,0,0, ,,
9195,0.002,0.002,0.002,0.002, ,0,0,0,0, ,,
9196,0.003,0.002,0.002,0.002333333, ,0,0,0,0, ,,
9197,0.002,0.002,0.002,0.002, ,0,0,0,0, ,,
9198,0.002,0.002,0.002,0.002, ,0,0.001,0,0.000333333, ,,
9199,0.002,0.002,0.002,0.002, ,0,0,0,0, ,,
9200,0.002,0.002,0.002,0.002, ,0,0,0.001,0.000333333, ,,
9201,0.002,0.002,0.002,0.002, ,0,0,0,0, ,,
9202,0.002,0.002,0.002,0.002, ,0.001,0,0,0.000333333, ,,
9203,0.002,0.002,0.002,0.002, ,0,0,0,0, ,,
9204,0.001,0.002,0.002,0.001666667, ,0,0,0,0, ,,
9205,0.002,0.001,0.002,0.001666667, ,0,0,0,0, ,,
9206,0.002,0.003,0.002,0.002333333, ,0,0,0,0, ,,
9207,0.002,0.001,0.002,0.001666667, ,0,0,0,0, ,,
9208,0.002,0.002,0.002,0.002, ,0,0.001,0,0.000333333, ,,
9209,0.002,0.002,0.002,0.002, ,0,0,0,0, ,,
9210,0.002,0.002,0.002,0.002, ,0,0,0,0, ,,
9211,0.002,0.002,0.002,0.002, ,0,0,0,0, ,,
9212,0.002,0.002,0.002,0.002, ,0,0,0,0, ,,
9213,0.002,0.002,0.002,0.002, ,0,0,0,0, ,,
9214,0.002,0.002,0.002,0.002, ,0,0,0,0, ,,
9215,0.002,0.002,0.002,0.002, ,0,0.001,0.001,0.000666667, ,,
9216,0.002,0.002,0.002,0.002, ,0.001,0,0,0.000333333, ,,
9217,0.002,0.002,0.002,0.002, ,0,0,0,0, ,,
9218,0.002,0.002,0.002,0.002, ,0,0,0,0, ,,
9219,0.002,0.002,0.002,0.002, ,0,0,0,0, ,,
9220,0.002,0.002,0.002,0.002, ,0,0,0,0, ,,
9221,0.002,0.002,0.002,0.002, ,0,0.001,0,0.000333333, ,,
9222,0.002,0.002,0.002,0.002, ,0,0,0.001,0.000333333, ,,
9223,0.002,0.002,0.002,0.002, ,0,0,0,0, ,,
9224,0.005,0.002,0.002,0.003, ,0.001,0,0,0.000333333, ,,
9225,0.002,0.002,0.002,0.002, ,0,0,0,0, ,,
9226,0.002,0.002,0.002,0.002, ,0,0,0,0, ,,
9227,0.002,0.002,0.002,0.002, ,0,0,0,0, ,,
9228,0.002,0.002,0.002,0.002, ,0,0.001,0,0.000333333, ,,
9229,0.002,0.002,0.002,0.002, ,0,0,0,0, ,,
9230,0.002,0.002,0.002,0.002, ,0,0,0.001,0.000333333, ,,
9231,0.002,0.002,0.002,0.002, ,0,0,0,0, ,,
9232,0.002,0.002,0.003,0.002333333, ,0,0,0,0, ,,
9233,0.002,0.002,0.002,0.002, ,0,0,0,0, ,,
9234,0.002,0.002,0.002,0.002, ,0,0,0,0, ,,
9235,0.002,0.002,0.002,0.002, ,0,0.001,0,0.000333333, ,,
9236,0.002,0.002,0.002,0.002, ,0.001,0,0,0.000333333, ,,
9237,0.002,0.002,0.002,0.002, ,0,0,0.001,0.000333333, ,,
9238,0.002,0.002,0.002,0.002, ,0,0,0,0, ,,
9239,0.002,0.002,0.005,0.003, ,0,0,0,0, ,,
9240,0.002,0.002,0.002,0.002, ,0,0,0,0, ,,
9241,0.002,0.002,0.002,0.002, ,0,0,0,0, ,,
9242,0.002,0.002,0.002,0.002, ,0,0,0,0, ,,
9243,0.002,0.002,0.002,0.002, ,0,0.001,0,0.000333333, ,,
9244,0.002,0.002,0.002,0.002, ,0,0,0.001,0.000333333, ,,
9245,0.002,0.002,0.002,0.002, ,0,0,0,0, ,,
9246,0.002,0.002,0.002,0.002, ,0.001,0,0,0.000333333, ,,
9247,0.002,0.002,0.002,0.002, ,0,0,0,0, ,,
9248,0.002,0.002,0.002,0.002, ,0,0,0,0, ,,
9249,0.002,0.002,0.002,0.002, ,0,0.001,0.001,0.000666667, ,,
9250,0.002,0.002,0.002,0.002, ,0,0,0,0, ,,
9251,0.002,0.002,0.002,0.002, ,0,0,0,0, ,,
9252,0.002,0.002,0.002,0.002, ,0,0,0,0, ,,
9253,0.002,0.002,0.002,0.002, ,0.001,0,0,0.000333333, ,,
9254,0.002,0.002,0.002,0.002, ,0,0,0.001,0.000333333, ,,
9255,0.002,0.002,0.002,0.002, ,0,0.001,0,0.000333333, ,,
9256,0.002,0.002,0.002,0.002, ,0,0,0,0, ,,
9257,0.002,0.002,0.002,0.002, ,0,0,0,0, ,,
9258,0.002,0.002,0.002,0.002, ,0,0,0,0, ,,
9259,0.002,0.002,0.002,0.002, ,0,0,0,0, ,,
9260,0.002,0.002,0.002,0.002, ,0,0.001,0.001,0.000666667, ,,
9261,0.002,0.002,0.002,0.002, ,0,0,0,0, ,,
9262,0.001,0.002,0.002,0.001666667, ,0.001,0,0,0.000333333, ,,
9263,0.002,0.002,0.002,0.002, ,0,0,0,0, ,,
9264,0.002,0.002,0.002,0.002, ,0,0,0,0, ,,
9265,0.002,0.002,0.002,0.002, ,0,0,0,0, ,,
9266,0.002,0.002,0.002,0.002, ,0,0.001,0,0.000333333, ,,
9267,0.002,0.002,0.002,0.002, ,0,0,0.001,0.000333333, ,,
9268,0.002,0.002,0.002,0.002, ,0,0,0,0, ,,
9269,0.002,0.002,0.002,0.002, ,0,0,0,0, ,,
9270,0.002,0.002,0.002,0.002, ,0,0,0,0, ,,
9271,0.002,0.002,0.002,0.002, ,0,0,0,0, ,,
9272,0.002,0.002,0.002,0.002, ,0,0,0,0, ,,
9273,0.002,0.002,0.001,0.001666667, ,0,0,0,0, ,,
9274,0.003,0.002,0.003,0.002666667, ,0,0.001,0,0.000333333, ,,
9275,0.002,0.002,0.001,0.001666667, ,0.001,0,0,0.000333333, ,,
9276,0.002,0.002,0.002,0.002, ,0,0,0,0, ,,
9277,0.002,0.002,0.002,0.002, ,0,0,0,0, ,,
9278,0.002,0.002,0.002,0.002, ,0,0,0.001,0.000333333, ,,
9279,0.002,0.002,0.002,0.002, ,0,0,0,0, ,,
9280,0.002,0.002,0.002,0.002, ,0,0,0,0, ,,
9281,0.002,0.002,0.002,0.002, ,0,0.001,0,0.000333333, ,,
9282,0.002,0.002,0.002,0.002, ,0,0,0,0, ,,
9283,0.002,0.005,0.002,0.003, ,0.001,0,0,0.000333333, ,,
9284,0.002,0.002,0.002,0.002, ,0,0,0,0, ,,
9285,0.002,0.002,0.002,0.002, ,0,0,0.001,0.000333333, ,,
9286,0.002,0.002,0.002,0.002, ,0,0,0,0, ,,
9287,0.002,0.002,0.002,0.002, ,0,0,0,0, ,,
9288,0.002,0.002,0.002,0.002, ,0,0.001,0,0.000333333, ,,
9289,0.001,0.002,0.002,0.001666667, ,0,0,0,0, ,,
9290,0.002,0.002,0.002,0.002, ,0,0,0,0, ,,
9291,0.003,0.002,0.002,0.002333333, ,0.001,0,0,0.000333333, ,,
9292,0.001,0.002,0.002,0.001666667, ,0,0,0,0, ,,
9293,0.002,0.002,0.002,0.002, ,0,0,0.001,0.000333333, ,,
9294,0.002,0.002,0.002,0.002, ,0,0,0,0, ,,
9295,0.002,0.002,0.002,0.002, ,0,0,0,0, ,,
9296,0.002,0.002,0.002,0.002, ,0,0.001,0,0.000333333, ,,
9297,0.003,0.001,0.002,0.002, ,0,0,0,0, ,,
9298,0.001,0.003,0.003,0.002333333, ,0,0,0,0, ,,
9299,0.002,0.002,0.002,0.002, ,0,0,0,0, ,,
9300,0.002,0.002,0.002,0.002, ,0,0,0.001,0.000333333, ,,
9301,0.002,0.001,0.002,0.001666667, ,0.001,0,0,0.000333333, ,,
9302,0.002,0.002,0.002,0.002, ,0,0,0,0, ,,
9303,0.002,0.002,0.002,0.002, ,0,0.001,0,0.000333333, ,,
9304,0.002,0.002,0.002,0.002, ,0,0,0,0, ,,
9305,0.002,0.002,0.002,0.002, ,0,0,0,0, ,,
9306,0.002,0.002,0.002,0.002, ,0,0,0,0, ,,
9307,0.002,0.002,0.002,0.002, ,0,0,0,0, ,,
9308,0.002,0.002,0.002,0.002, ,0,0,0,0, ,,
9309,0.002,0.002,0.002,0.002, ,0,0,0,0, ,,
9310,0.002,0.002,0.002,0.002, ,0.001,0.001,0.001,0.001, ,,
9311,0.002,0.002,0.002,0.002, ,0,0,0,0, ,,
9312,0.002,0.002,0.002,0.002, ,0,0,0,0, ,,
9313,0.002,0.002,0.003,0.002333333, ,0,0,0,0, ,,
9314,0.002,0.002,0.003,0.002333333, ,0,0,0,0, ,,
9315,0.002,0.002,0.002,0.002, ,0,0,0,0, ,,
9316,0.002,0.002,0.002,0.002, ,0,0.001,0,0.000333333, ,,
9317,0.002,0.002,0.002,0.002, ,0,0,0.001,0.000333333, ,,
9318,0.002,0.002,0.002,0.002, ,0,0,0,0, ,,
9319,0.002,0.002,0.002,0.002, ,0.001,0,0,0.000333333, ,,
9320,0.002,0.002,0.002,0.002, ,0,0,0,0, ,,
9321,0.002,0.002,0.002,0.002, ,0,0,0,0, ,,
9322,0.002,0.002,0.002,0.002, ,0,0.001,0,0.000333333, ,,
9323,0.002,0.002,0.002,0.002, ,0,0,0,0, ,,
9324,0.005,0.002,0.002,0.003, ,0,0,0,0, ,,
9325,0.002,0.002,0.002,0.002, ,0,0,0,0, ,,
9326,0.002,0.002,0.002,0.002, ,0,0,0.001,0.000333333, ,,
9327,0.002,0.002,0.002,0.002, ,0,0,0,0, ,,
9328,0.002,0.002,0.002,0.002, ,0,0,0,0, ,,
9329,0.002,0.002,0.002,0.002, ,0.001,0,0,0.000333333, ,,
9330,0.002,0.002,0.002,0.002, ,0,0.001,0,0.000333333, ,,
9331,0.002,0.002,0.002,0.002, ,0,0,0,0, ,,
9332,0.002,0.002,0.002,0.002, ,0,0,0,0, ,,
9333,0.002,0.002,0.002,0.002, ,0,0,0,0, ,,
9334,0.002,0.002,0.002,0.002, ,0,0,0,0, ,,
9335,0.002,0.002,0.002,0.002, ,0,0,0,0, ,,
9336,0.002,0.002,0.002,0.002, ,0,0,0,0, ,,
9337,0.002,0.002,0.002,0.002, ,0,0,0,0, ,,
9338,0.002,0.002,0.002,0.002, ,0,0,0,0, ,,
9339,0.002,0.002,0.005,0.003, ,0,0.001,0.001,0.000666667, ,,
9340,0.002,0.002,0.002,0.002, ,0,0,0,0, ,,
9341,0.002,0.002,0.002,0.002, ,0,0,0,0, ,,
9342,0.002,0.001,0.002,0.001666667, ,0,0,0,0, ,,
9343,0.002,0.002,0.002,0.002, ,0.001,0,0,0.000333333, ,,
9344,0.002,0.002,0.002,0.002, ,0,0,0,0, ,,
9345,0.002,0.002,0.002,0.002, ,0,0,0,0, ,,
9346,0.002,0.002,0.002,0.002, ,0,0,0,0, ,,
9347,0.002,0.002,0.002,0.002, ,0,0.001,0,0.000333333, ,,
9348,0.002,0.002,0.002,0.002, ,0,0,0.001,0.000333333, ,,
9349,0.002,0.002,0.002,0.002, ,0,0,0,0, ,,
9350,0.002,0.002,0.002,0.002, ,0,0,0,0, ,,
9351,0.001,0.002,0.002,0.001666667, ,0,0,0,0, ,,
9352,0.002,0.002,0.002,0.002, ,0.001,0,0,0.000333333, ,,
9353,0.002,0.002,0.002,0.002, ,0,0.001,0,0.000333333, ,,
9354,0.002,0.002,0.002,0.002, ,0,0,0,0, ,,
9355,0.002,0.002,0.002,0.002, ,0,0,0,0, ,,
9356,0.002,0.002,0.001,0.001666667, ,0,0,0,0, ,,
9357,0.002,0.002,0.003,0.002333333, ,0,0,0.001,0.000333333, ,,
9358,0.002,0.002,0.003,0.002333333, ,0,0,0,0, ,,
9359,0.002,0.002,0.002,0.002, ,0,0,0,0, ,,
9360,0.002,0.002,0.003,0.002333333, ,0,0,0,0, ,,
9361,0.002,0.003,0.002,0.002333333, ,0,0.001,0,0.000333333, ,,
9362,0.002,0.002,0.002,0.002, ,0,0,0,0, ,,
9363,0.002,0.002,0.002,0.002, ,0,0,0,0, ,,
9364,0.002,0.002,0.002,0.002, ,0,0,0,0, ,,
9365,0.002,0.002,0.002,0.002, ,0.001,0,0,0.000333333, ,,
9366,0.002,0.002,0.002,0.002, ,0,0,0.001,0.000333333, ,,
9367,0.002,0.002,0.002,0.002, ,0,0,0,0, ,,
9368,0.002,0.002,0.002,0.002, ,0,0.001,0,0.000333333, ,,
9369,0.002,0.002,0.002,0.002, ,0,0,0,0, ,,
9370,0.002,0.002,0.002,0.002, ,0,0,0,0, ,,
9371,0.002,0.002,0.002,0.002, ,0,0,0,0, ,,
9372,0.002,0.002,0.002,0.002, ,0,0,0,0, ,,
9373,0.002,0.002,0.002,0.002, ,0,0,0,0, ,,
9374,0.002,0.002,0.002,0.002, ,0,0,0.001,0.000333333, ,,
9375,0.002,0.002,0.002,0.002, ,0,0.001,0,0.000333333, ,,
9376,0.001,0.002,0.002,0.001666667, ,0.001,0,0,0.000333333, ,,
9377,0.003,0.002,0.002,0.002333333, ,0,0,0,0, ,,
9378,0.001,0.002,0.002,0.001666667, ,0,0,0,0, ,,
9379,0.002,0.002,0.002,0.002, ,0,0,0,0, ,,
9380,0.003,0.002,0.002,0.002333333, ,0,0,0,0, ,,
9381,0.001,0.002,0.002,0.001666667, ,0,0,0,0, ,,
9382,0.002,0.002,0.002,0.002, ,0,0.001,0,0.000333333, ,,
9383,0.002,0.005,0.002,0.003, ,0,0,0.001,0.000333333, ,,
9384,0.002,0.002,0.002,0.002, ,0,0,0,0, ,,
9385,0.002,0.002,0.002,0.002, ,0,0,0,0, ,,
9386,0.002,0.002,0.002,0.002, ,0.001,0,0,0.000333333, ,,
9387,0.002,0.002,0.002,0.002, ,0,0,0,0, ,,
9388,0.002,0.002,0.002,0.002, ,0,0,0,0, ,,
9389,0.002,0.002,0.002,0.002, ,0,0.001,0,0.000333333, ,,
9390,0.002,0.002,0.002,0.002, ,0,0,0,0, ,,
9391,0.002,0.002,0.002,0.002, ,0,0,0,0, ,,
9392,0.002,0.002,0.002,0.002, ,0,0,0.001,0.000333333, ,,
9393,0.002,0.002,0.002,0.002, ,0,0,0,0, ,,
9394,0.002,0.002,0.002,0.002, ,0,0,0,0, ,,
9395,0.002,0.002,0.003,0.002333333, ,0,0,0,0, ,,
9396,0.002,0.001,0.002,0.001666667, ,0,0,0,0, ,,
9397,0.002,0.002,0.002,0.002, ,0,0,0,0, ,,
9398,0.002,0.002,0.002,0.002, ,0,0.001,0,0.000333333, ,,
9399,0.002,0.002,0.002,0.002, ,0,0,0,0, ,,
9400,0.001,0.002,0.002,0.001666667, ,0.001,0,0,0.000333333, ,,
9401,0.002,0.002,0.002,0.002, ,0,0,0,0, ,,
9402,0.002,0.002,0.002,0.002, ,0,0,0,0, ,,
9403,0.002,0.002,0.002,0.002, ,0,0,0,0, ,,
9404,0.002,0.002,0.002,0.002, ,0,0,0,0, ,,
9405,0.002,0.002,0.002,0.002, ,0,0,0.001,0.000333333, ,,
9406,0.002,0.002,0.002,0.002, ,0,0.001,0,0.000333333, ,,
9407,0.002,0.002,0.002,0.002, ,0,0,0,0, ,,
9408,0.002,0.002,0.002,0.002, ,0,0,0,0, ,,
9409,0.002,0.002,0.002,0.002, ,0,0,0,0, ,,
9410,0.002,0.002,0.002,0.002, ,0,0,0,0, ,,
9411,0.002,0.002,0.002,0.002, ,0,0,0,0, ,,
9412,0.002,0.002,0.002,0.002, ,0,0,0,0, ,,
9413,0.002,0.002,0.002,0.002, ,0.001,0.001,0.001,0.001, ,,
9414,0.002,0.002,0.002,0.002, ,0,0,0,0, ,,
9415,0.002,0.002,0.002,0.002, ,0,0,0,0, ,,
9416,0.002,0.002,0.002,0.002, ,0,0,0,0, ,,
9417,0.002,0.002,0.002,0.002, ,0,0,0,0, ,,
9418,0.002,0.002,0.002,0.002, ,0,0,0,0, ,,
9419,0.002,0.002,0.002,0.002, ,0,0,0,0, ,,
9420,0.002,0.002,0.002,0.002, ,0,0,0,0, ,,
9421,0.002,0.002,0.002,0.002, ,0,0,0,0, ,,
9422,0.002,0.002,0.002,0.002, ,0,0.001,0,0.000333333, ,,
9423,0.002,0.002,0.002,0.002, ,0,0,0,0, ,,
9424,0.005,0.002,0.002,0.003, ,0,0,0,0, ,,
9425,0.002,0.002,0.002,0.002, ,0,0,0,0, ,,
9426,0.002,0.002,0.002,0.002, ,0,0,0.001,0.000333333, ,,
9427,0.002,0.002,0.002,0.002, ,0,0,0,0, ,,
9428,0.002,0.002,0.002,0.002, ,0.001,0,0,0.000333333, ,,
9429,0.002,0.001,0.002,0.001666667, ,0,0,0,0, ,,
9430,0.002,0.003,0.002,0.002333333, ,0,0,0,0, ,,
9431,0.002,0.002,0.002,0.002, ,0,0,0,0, ,,
9432,0.002,0.002,0.002,0.002, ,0,0.001,0,0.000333333, ,,
9433,0.002,0.002,0.002,0.002, ,0,0,0,0, ,,
9434,0.003,0.002,0.002,0.002333333, ,0,0,0,0, ,,
9435,0.002,0.002,0.002,0.002, ,0,0,0,0, ,,
9436,0.003,0.002,0.002,0.002333333, ,0,0,0,0, ,,
9437,0.002,0.001,0.002,0.001666667, ,0,0,0,0, ,,
9438,0.002,0.002,0.002,0.002, ,0,0,0,0, ,,
9439,0.002,0.002,0.004,0.002666667, ,0,0,0,0, ,,
9440,0.001,0.003,0.002,0.002, ,0,0,0,0, ,,
9441,0.002,0.001,0.002,0.001666667, ,0,0.001,0.001,0.000666667, ,,
9442,0.002,0.002,0.002,0.002, ,0,0,0,0, ,,
9443,0.002,0.002,0.002,0.002, ,0,0,0,0, ,,
9444,0.002,0.002,0.002,0.002, ,0.001,0,0,0.000333333, ,,
9445,0.002,0.002,0.002,0.002, ,0,0,0,0, ,,
9446,0.002,0.002,0.002,0.002, ,0,0,0,0, ,,
9447,0.002,0.002,0.002,0.002, ,0,0,0,0, ,,
9448,0.002,0.002,0.002,0.002, ,0,0,0,0, ,,
9449,0.002,0.002,0.002,0.002, ,0,0,0,0, ,,
9450,0.002,0.002,0.002,0.002, ,0,0,0,0, ,,
9451,0.002,0.002,0.002,0.002, ,0,0.001,0,0.000333333, ,,
9452,0.002,0.002,0.002,0.002, ,0,0,0,0, ,,
9453,0.002,0.002,0.002,0.002, ,0,0,0,0, ,,
9454,0.002,0.002,0.002,0.002, ,0,0,0,0, ,,
9455,0.002,0.002,0.002,0.002, ,0,0,0,0, ,,
9456,0.002,0.002,0.002,0.002, ,0,0,0.001,0.000333333, ,,
9457,0.002,0.002,0.002,0.002, ,0,0,0,0, ,,
9458,0.002,0.002,0.002,0.002, ,0,0,0,0, ,,
9459,0.002,0.002,0.002,0.002, ,0,0,0,0, ,,
9460,0.002,0.002,0.002,0.002, ,0,0,0,0, ,,
9461,0.002,0.002,0.002,0.002, ,0.001,0.001,0,0.000666667, ,,
9462,0.001,0.002,0.002,0.001666667, ,0,0,0,0, ,,
9463,0.002,0.002,0.002,0.002, ,0,0,0,0, ,,
9464,0.002,0.002,0.002,0.002, ,0,0,0,0, ,,
9465,0.003,0.002,0.002,0.002333333, ,0,0,0,0, ,,
9466,0.002,0.002,0.002,0.002, ,0,0,0,0, ,,
9467,0.002,0.002,0.002,0.002, ,0,0,0,0, ,,
9468,0.002,0.002,0.002,0.002, ,0,0,0,0, ,,
9469,0.002,0.002,0.002,0.002, ,0,0,0,0, ,,
9470,0.002,0.002,0.001,0.001666667, ,0,0.001,0.001,0.000666667, ,,
9471,0.003,0.002,0.002,0.002333333, ,0,0,0,0, ,,
9472,0.002,0.002,0.002,0.002, ,0,0,0,0, ,,
9473,0.002,0.002,0.002,0.002, ,0.001,0,0,0.000333333, ,,
9474,0.003,0.002,0.002,0.002333333, ,0,0,0,0, ,,
9475,0.002,0.002,0.002,0.002, ,0,0.001,0,0.000333333, ,,
9476,0.002,0.002,0.002,0.002, ,0,0,0.001,0.000333333, ,,
9477,0.002,0.001,0.002,0.001666667, ,0,0,0,0, ,,
9478,0.003,0.002,0.002,0.002333333, ,0,0,0,0, ,,
9479,0.002,0.002,0.002,0.002, ,0,0,0,0, ,,
9480,0.002,0.002,0.002,0.002, ,0,0.001,0.001,0.000666667, ,,
9481,0.002,0.002,0.002,0.002, ,0.001,0,0,0.000333333, ,,
9482,0.002,0.002,0.002,0.002, ,0,0,0,0, ,,
9483,0.003,0.005,0.002,0.003333333, ,0,0,0,0, ,,
9484,0.002,0.002,0.002,0.002, ,0,0,0,0, ,,
9485,0.002,0.002,0.002,0.002, ,0,0,0,0, ,,
9486,0.002,0.002,0.002,0.002, ,0,0,0,0, ,,
9487,0.003,0.002,0.002,0.002333333, ,0,0,0,0, ,,
9488,0.002,0.002,0.002,0.002, ,0,0.001,0,0.000333333, ,,
9489,0.002,0.002,0.002,0.002, ,0,0,0.001,0.000333333, ,,
9490,0.003,0.002,0.002,0.002333333, ,0,0,0,0, ,,
9491,0.002,0.003,0.002,0.002333333, ,0,0,0,0, ,,
9492,0.002,0.002,0.002,0.002, ,0.001,0,0,0.000333333, ,,
9493,0.003,0.002,0.002,0.002333333, ,0,0,0,0, ,,
9494,0.002,0.002,0.002,0.002, ,0,0.001,0.001,0.000666667, ,,
9495,0.002,0.002,0.002,0.002, ,0,0,0,0, ,,
9496,0.003,0.002,0.002,0.002333333, ,0,0,0,0, ,,
9497,0.002,0.002,0.002,0.002, ,0,0,0,0, ,,
9498,0.002,0.002,0.002,0.002, ,0,0,0,0, ,,
9499,0.003,0.002,0.002,0.002333333, ,0,0,0,0, ,,
9500,0.002,0.002,0.002,0.002, ,0,0,0,0, ,,
9501,0.003,0.002,0.002,0.002333333, ,0.001,0.001,0.001,0.001, ,,
9502,0.002,0.002,0.002,0.002, ,0,0,0,0, ,,
9503,0.002,0.002,0.002,0.002, ,0,0,0,0, ,,
9504,0.003,0.002,0.002,0.002333333, ,0,0,0,0, ,,
9505,0.002,0.002,0.002,0.002, ,0,0,0,0, ,,
9506,0.002,0.002,0.002,0.002, ,0,0,0,0, ,,
9507,0.002,0.002,0.002,0.002, ,0,0.001,0.001,0.000666667, ,,
9508,0.003,0.002,0.002,0.002333333, ,0,0,0,0, ,,
9509,0.002,0.002,0.002,0.002, ,0.001,0,0,0.000333333, ,,
9510,0.002,0.002,0.002,0.002, ,0,0,0.001,0.000333333, ,,
9511,0.002,0.002,0.002,0.002, ,0,0,0,0, ,,
9512,0.003,0.002,0.002,0.002333333, ,0,0.001,0.001,0.000666667, ,,
9513,0.002,0.002,0.002,0.002, ,0,0,0,0, ,,
9514,0.002,0.002,0.002,0.002, ,0,0,0,0, ,,
9515,0.002,0.002,0.002,0.002, ,0,0,0,0, ,,
9516,0.002,0.003,0.002,0.002333333, ,0,0,0.001,0.000333333, ,,
9517,0.002,0.002,0.002,0.002, ,0,0.001,0,0.000333333, ,,
9518,0.002,0.002,0.002,0.002, ,0.001,0,0,0.000333333, ,,
9519,0.002,0.002,0.002,0.002, ,0,0,0,0, ,,
9520,0.002,0.002,0.002,0.002, ,0,0,0,0, ,,
9521,0.002,0.002,0.002,0.002, ,0,0,0,0, ,,
9522,0.002,0.003,0.002,0.002333333, ,0,0,0.001,0.000333333, ,,
9523,0.002,0.002,0.002,0.002, ,0,0.001,0,0.000333333, ,,
9524,0.005,0.002,0.002,0.003, ,0,0,0,0, ,,
9525,0.002,0.002,0.002,0.002, ,0,0,0,0, ,,
9526,0.002,0.002,0.002,0.002, ,0,0,0,0, ,,
9527,0.002,0.002,0.002,0.002, ,0,0,0,0, ,,
9528,0.002,0.003,0.002,0.002333333, ,0,0,0,0, ,,
9529,0.002,0.002,0.002,0.002, ,0,0,0,0, ,,
9530,0.002,0.002,0.002,0.002, ,0.001,0,0,0.000333333, ,,
9531,0.002,0.002,0.002,0.002, ,0,0.001,0,0.000333333, ,,
9532,0.002,0.002,0.002,0.002, ,0,0,0.001,0.000333333, ,,
9533,0.002,0.002,0.002,0.002, ,0,0,0,0, ,,
9534,0.002,0.003,0.002,0.002333333, ,0,0,0,0, ,,
9535,0.002,0.002,0.002,0.002, ,0,0,0,0, ,,
9536,0.002,0.002,0.002,0.002, ,0,0,0,0, ,,
9537,0.002,0.002,0.002,0.002, ,0,0,0,0, ,,
9538,0.002,0.002,0.002,0.002, ,0,0.001,0.001,0.000666667, ,,
9539,0.002,0.002,0.006,0.003333333, ,0,0,0,0, ,,
9540,0.002,0.002,0.002,0.002, ,0,0,0,0, ,,
9541,0.003,0.002,0.002,0.002333333, ,0.001,0,0,0.000333333, ,,
9542,0.002,0.003,0.002,0.002333333, ,0,0,0,0, ,,
9543,0.002,0.002,0.002,0.002, ,0,0.001,0.001,0.000666667, ,,
9544,0.002,0.002,0.002,0.002, ,0,0,0,0, ,,
9545,0.002,0.002,0.002,0.002, ,0,0,0,0, ,,
9546,0.002,0.003,0.002,0.002333333, ,0,0,0,0, ,,
9547,0.002,0.002,0.003,0.002333333, ,0,0,0,0, ,,
9548,0.002,0.002,0.002,0.002, ,0,0,0,0, ,,
9549,0.002,0.002,0.002,0.002, ,0,0,0,0, ,,
9550,0.003,0.002,0.001,0.002, ,0,0.001,0,0.000333333, ,,
9551,0.003,0.002,0.002,0.002333333, ,0,0,0.001,0.000333333, ,,
9552,0.002,0.003,0.003,0.002666667, ,0.001,0,0,0.000333333, ,,
9553,0.003,0.002,0.001,0.002, ,0,0,0,0, ,,
9554,0.002,0.002,0.003,0.002333333, ,0,0,0,0, ,,
9555,0.002,0.002,0.002,0.002, ,0,0,0,0, ,,
9556,0.002,0.002,0.002,0.002, ,0,0,0,0, ,,
9557,0.002,0.002,0.002,0.002, ,0,0.001,0.001,0.000666667, ,,
9558,0.002,0.003,0.002,0.002333333, ,0,0,0,0, ,,
9559,0.002,0.002,0.002,0.002, ,0,0,0,0, ,,
9560,0.002,0.002,0.002,0.002, ,0,0,0,0, ,,
9561,0.002,0.002,0.002,0.002, ,0,0,0,0, ,,
9562,0.003,0.002,0.002,0.002333333, ,0,0,0,0, ,,
9563,0.002,0.002,0.002,0.002, ,0.001,0,0,0.000333333, ,,
9564,0.002,0.002,0.002,0.002, ,0,0.001,0,0.000333333, ,,
9565,0.002,0.002,0.002,0.002, ,0,0,0.001,0.000333333, ,,
9566,0.002,0.002,0.002,0.002, ,0,0,0,0, ,,
9567,0.002,0.002,0.002,0.002, ,0,0,0,0, ,,
9568,0.002,0.002,0.002,0.002, ,0,0,0,0, ,,
9569,0.002,0.002,0.002,0.002, ,0,0,0,0, ,,
9570,0.002,0.002,0.002,0.002, ,0,0.001,0,0.000333333, ,,
9571,0.002,0.002,0.002,0.002, ,0,0,0,0, ,,
9572,0.002,0.002,0.002,0.002, ,0.001,0,0.001,0.000666667, ,,
9573,0.002,0.002,0.002,0.002, ,0,0,0,0, ,,
9574,0.002,0.002,0.002,0.002, ,0,0,0,0, ,,
9575,0.002,0.002,0.002,0.002, ,0,0,0,0, ,,
9576,0.002,0.003,0.002,0.002333333, ,0,0.001,0,0.000333333, ,,
9577,0.001,0.002,0.002,0.001666667, ,0,0,0,0, ,,
9578,0.003,0.002,0.002,0.002333333, ,0,0,0.001,0.000333333, ,,
9579,0.002,0.002,0.002,0.002, ,0,0,0,0, ,,
9580,0.002,0.002,0.002,0.002, ,0,0,0,0, ,,
9581,0.002,0.002,0.002,0.002, ,0,0,0,0, ,,
9582,0.002,0.002,0.002,0.002, ,0.001,0,0,0.000333333, ,,
9583,0.002,0.005,0.002,0.003, ,0,0,0,0, ,,
9584,0.002,0.002,0.002,0.002, ,0,0.001,0,0.000333333, ,,
9585,0.002,0.002,0.002,0.002, ,0,0,0,0, ,,
9586,0.002,0.003,0.002,0.002333333, ,0,0,0,0, ,,
9587,0.002,0.002,0.002,0.002, ,0,0,0,0, ,,
9588,0.002,0.002,0.002,0.002, ,0,0,0,0, ,,
9589,0.002,0.002,0.002,0.002, ,0,0,0.001,0.000333333, ,,
9590,0.002,0.002,0.002,0.002, ,0,0,0,0, ,,
9591,0.002,0.002,0.002,0.002, ,0,0,0,0, ,,
9592,0.002,0.002,0.002,0.002, ,0,0,0,0, ,,
9593,0.002,0.003,0.002,0.002333333, ,0,0.001,0,0.000333333, ,,
9594,0.002,0.002,0.002,0.002, ,0,0,0,0, ,,
9595,0.002,0.002,0.002,0.002, ,0,0,0,0, ,,
9596,0.002,0.002,0.002,0.002, ,0,0,0,0, ,,
9597,0.002,0.002,0.002,0.002, ,0.001,0,0,0.000333333, ,,
9598,0.002,0.002,0.002,0.002, ,0,0,0,0, ,,
9599,0.002,0.002,0.002,0.002, ,0,0,0,0, ,,
9600,0.002,0.003,0.002,0.002333333, ,0,0,0.001,0.000333333, ,,
9601,0.002,0.002,0.002,0.002, ,0,0.001,0,0.000333333, ,,
9602,0.002,0.002,0.002,0.002, ,0,0,0,0, ,,
9603,0.002,0.003,0.002,0.002333333, ,0,0,0,0, ,,
9604,0.002,0.002,0.002,0.002, ,0,0,0,0, ,,
9605,0.002,0.002,0.002,0.002, ,0,0,0,0, ,,
9606,0.002,0.002,0.002,0.002, ,0,0,0,0, ,,
9607,0.002,0.002,0.002,0.002, ,0.001,0.001,0.001,0.001, ,,
9608,0.002,0.003,0.002,0.002333333, ,0,0,0,0, ,,
9609,0.002,0.002,0.002,0.002, ,0,0,0,0, ,,
9610,0.002,0.002,0.002,0.002, ,0,0,0,0, ,,
9611,0.002,0.002,0.002,0.002, ,0,0,0,0, ,,
9612,0.002,0.002,0.002,0.002, ,0,0,0,0, ,,
9613,0.002,0.002,0.002,0.002, ,0,0,0,0, ,,
9614,0.002,0.002,0.002,0.002, ,0,0,0,0, ,,
9615,0.002,0.002,0.002,0.002, ,0,0.001,0,0.000333333, ,,
9616,0.002,0.002,0.002,0.002, ,0,0,0,0, ,,
9617,0.002,0.002,0.002,0.002, ,0,0,0.001,0.000333333, ,,
9618,0.002,0.002,0.002,0.002, ,0,0,0,0, ,,
9619,0.002,0.003,0.002,0.002333333, ,0,0,0,0, ,,
9620,0.002,0.002,0.002,0.002, ,0.001,0,0,0.000333333, ,,
9621,0.002,0.002,0.002,0.002, ,0,0,0,0, ,,
9622,0.001,0.002,0.002,0.001666667, ,0,0.001,0,0.000333333, ,,
9623,0.002,0.002,0.002,0.002, ,0,0,0,0, ,,
9624,0.005,0.002,0.002,0.003, ,0,0,0,0, ,,
9625,0.002,0.002,0.002,0.002, ,0,0,0,0, ,,
9626,0.002,0.002,0.002,0.002, ,0,0,0.001,0.000333333, ,,
9627,0.003,0.002,0.002,0.002333333, ,0,0,0,0, ,,
9628,0.002,0.002,0.002,0.002, ,0,0,0,0, ,,
9629,0.002,0.002,0.002,0.002, ,0,0,0,0, ,,
9630,0.002,0.002,0.002,0.002, ,0,0.001,0,0.000333333, ,,
9631,0.002,0.002,0.002,0.002, ,0,0,0,0, ,,
9632,0.002,0.002,0.002,0.002, ,0.001,0,0,0.000333333, ,,
9633,0.002,0.002,0.002,0.002, ,0,0,0,0, ,,
9634,0.002,0.002,0.002,0.002, ,0,0,0,0, ,,
9635,0.002,0.002,0.002,0.002, ,0,0,0.001,0.000333333, ,,
9636,0.002,0.002,0.002,0.002, ,0,0,0,0, ,,
9637,0.002,0.002,0.002,0.002, ,0,0.001,0,0.000333333, ,,
9638,0.003,0.002,0.002,0.002333333, ,0,0,0,0, ,,
9639,0.002,0.002,0.004,0.002666667, ,0,0,0,0, ,,
9640,0.002,0.002,0.002,0.002, ,0,0,0,0, ,,
9641,0.002,0.002,0.002,0.002, ,0,0,0,0, ,,
9642,0.002,0.002,0.002,0.002, ,0.001,0,0.001,0.000666667, ,,
9643,0.002,0.002,0.002,0.002, ,0,0.001,0,0.000333333, ,,
9644,0.002,0.002,0.002,0.002, ,0,0,0,0, ,,
9645,0.002,0.002,0.002,0.002, ,0,0,0,0, ,,
9646,0.002,0.002,0.002,0.002, ,0,0,0,0, ,,
9647,0.002,0.002,0.002,0.002, ,0,0,0,0, ,,
9648,0.002,0.002,0.002,0.002, ,0,0,0,0, ,,
9649,0.002,0.002,0.002,0.002, ,0,0,0,0, ,,
9650,0.002,0.002,0.002,0.002, ,0,0,0,0, ,,
9651,0.002,0.002,0.002,0.002, ,0,0,0,0, ,,
9652,0.002,0.002,0.002,0.002, ,0,0.001,0.001,0.000666667, ,,
9653,0.002,0.002,0.002,0.002, ,0.001,0,0,0.000333333, ,,
9654,0.002,0.002,0.002,0.002, ,0,0,0,0, ,,
9655,0.002,0.002,0.002,0.002, ,0,0,0,0, ,,
9656,0.002,0.002,0.002,0.002, ,0,0,0,0, ,,
9657,0.002,0.002,0.002,0.002, ,0,0.001,0,0.000333333, ,,
9658,0.002,0.002,0.002,0.002, ,0,0,0,0, ,,
9659,0.002,0.002,0.002,0.002, ,0,0,0,0, ,,
9660,0.004,0.002,0.002,0.002666667, ,0,0,0,0, ,,
9661,0.002,0.002,0.002,0.002, ,0,0,0,0, ,,
9662,0.002,0.002,0.002,0.002, ,0,0,0,0, ,,
9663,0.002,0.002,0.002,0.002, ,0,0,0,0, ,,
9664,0.003,0.002,0.002,0.002333333, ,0,0,0,0, ,,
9665,0.002,0.002,0.002,0.002, ,0,0.001,0,0.000333333, ,,
9666,0.002,0.002,0.002,0.002, ,0.001,0,0.001,0.000666667, ,,
9667,0.002,0.002,0.002,0.002, ,0,0,0,0, ,,
9668,0.002,0.002,0.002,0.002, ,0,0,0,0, ,,
9669,0.002,0.002,0.002,0.002, ,0,0,0,0, ,,
9670,0.002,0.002,0.002,0.002, ,0,0,0,0, ,,
9671,0.002,0.002,0.002,0.002, ,0,0,0,0, ,,
9672,0.002,0.002,0.002,0.002, ,0,0,0,0, ,,
9673,0.002,0.002,0.002,0.002, ,0,0.001,0,0.000333333, ,,
9674,0.002,0.002,0.002,0.002, ,0,0,0,0, ,,
9675,0.002,0.002,0.002,0.002, ,0,0,0,0, ,,
9676,0.002,0.002,0.002,0.002, ,0,0,0,0, ,,
9677,0.002,0.002,0.002,0.002, ,0,0,0,0, ,,
9678,0.002,0.003,0.002,0.002333333, ,0,0,0,0, ,,
9679,0.002,0.002,0.002,0.002, ,0,0,0,0, ,,
9680,0.002,0.002,0.002,0.002, ,0,0,0.001,0.000333333, ,,
9681,0.002,0.001,0.002,0.001666667, ,0,0,0,0, ,,
9682,0.002,0.002,0.002,0.002, ,0,0,0,0, ,,
9683,0.002,0.005,0.002,0.003, ,0.001,0.001,0,0.000666667, ,,
9684,0.002,0.002,0.002,0.002, ,0,0,0,0, ,,
9685,0.002,0.002,0.002,0.002, ,0,0,0,0, ,,
9686,0.002,0.002,0.002,0.002, ,0,0,0,0, ,,
9687,0.002,0.002,0.002,0.002, ,0,0,0,0, ,,
9688,0.002,0.002,0.002,0.002, ,0,0,0,0, ,,
9689,0.002,0.002,0.002,0.002, ,0,0,0,0, ,,
9690,0.002,0.002,0.002,0.002, ,0,0,0,0, ,,
9691,0.002,0.002,0.002,0.002, ,0,0,0,0, ,,
9692,0.002,0.002,0.002,0.002, ,0,0,0,0, ,,
9693,0.002,0.002,0.002,0.002, ,0,0.001,0,0.000333333, ,,
9694,0.002,0.002,0.002,0.002, ,0,0,0,0, ,,
9695,0.002,0.002,0.002,0.002, ,0,0,0,0, ,,
9696,0.002,0.002,0.002,0.002, ,0,0,0,0, ,,
9697,0.002,0.003,0.002,0.002333333, ,0,0,0,0, ,,
9698,0.002,0.002,0.002,0.002, ,0,0,0.001,0.000333333, ,,
9699,0.002,0.002,0.002,0.002, ,0,0,0,0, ,,
9700,0.002,0.002,0.002,0.002, ,0.001,0,0,0.000333333, ,,
9701,0.002,0.002,0.002,0.002, ,0,0,0,0, ,,
9702,0.002,0.002,0.002,0.002, ,0,0,0,0, ,,
9703,0.002,0.002,0.002,0.002, ,0,0,0,0, ,,
9704,0.002,0.002,0.002,0.002, ,0,0.001,0,0.000333333, ,,
9705,0.002,0.002,0.002,0.002, ,0,0,0,0, ,,
9706,0.002,0.002,0.002,0.002, ,0,0,0,0, ,,
9707,0.002,0.002,0.002,0.002, ,0,0,0,0, ,,
9708,0.002,0.002,0.002,0.002, ,0,0,0,0, ,,
9709,0.002,0.002,0.003,0.002333333, ,0,0,0,0, ,,
9710,0.002,0.002,0.002,0.002, ,0,0,0,0, ,,
9711,0.002,0.001,0.002,0.001666667, ,0,0,0,0, ,,
9712,0.002,0.003,0.002,0.002333333, ,0,0,0,0, ,,
9713,0.002,0.002,0.002,0.002, ,0,0,0,0, ,,
9714,0.002,0.002,0.002,0.002, ,0,0.001,0,0.000333333, ,,
9715,0.002,0.002,0.002,0.002, ,0,0,0,0, ,,
9716,0.002,0.002,0.002,0.002, ,0,0,0.001,0.000333333, ,,
9717,0.002,0.002,0.002,0.002, ,0,0,0,0, ,,
9718,0.002,0.002,0.002,0.002, ,0.001,0,0,0.000333333, ,,
9719,0.002,0.002,0.002,0.002, ,0,0,0,0, ,,
9720,0.002,0.002,0.002,0.002, ,0,0,0,0, ,,
9721,0.003,0.002,0.002,0.002333333, ,0,0,0,0, ,,
9722,0.002,0.002,0.002,0.002, ,0,0,0,0, ,,
9723,0.001,0.002,0.003,0.002, ,0,0,0,0, ,,
9724,0.006,0.002,0.002,0.003333333, ,0,0.001,0,0.000333333, ,,
9725,0.002,0.002,0.002,0.002, ,0,0,0,0, ,,
9726,0.002,0.002,0.002,0.002, ,0,0,0,0, ,,
9727,0.002,0.002,0.002,0.002, ,0,0,0,0, ,,
9728,0.002,0.002,0.002,0.002, ,0,0,0.001,0.000333333, ,,
9729,0.002,0.002,0.002,0.002, ,0,0,0,0, ,,
9730,0.002,0.002,0.002,0.002, ,0.001,0.001,0,0.000666667, ,,
9731,0.002,0.002,0.002,0.002, ,0,0,0,0, ,,
9732,0.002,0.002,0.002,0.002, ,0,0,0,0, ,,
9733,0.002,0.002,0.002,0.002, ,0,0,0,0, ,,
9734,0.002,0.002,0.002,0.002, ,0,0,0.001,0.000333333, ,,
9735,0.002,0.002,0.002,0.002, ,0,0.001,0,0.000333333, ,,
9736,0.002,0.002,0.002,0.002, ,0,0,0,0, ,,
9737,0.002,0.002,0.002,0.002, ,0,0,0,0, ,,
9738,0.002,0.002,0.004,0.002666667, ,0.001,0,0,0.000333333, ,,
9739,0.002,0.002,0.005,0.003, ,0,0,0,0, ,,
9740,0.002,0.002,0.002,0.002, ,0,0,0,0, ,,
9741,0.002,0.002,0.002,0.002, ,0,0,0.001,0.000333333, ,,
9742,0.002,0.002,0.002,0.002, ,0,0.001,0,0.000333333, ,,
9743,0.002,0.002,0.003,0.002333333, ,0,0,0,0, ,,
9744,0.002,0.002,0.002,0.002, ,0,0,0,0, ,,
9745,0.002,0.002,0.001,0.001666667, ,0,0,0,0, ,,
9746,0.002,0.002,0.003,0.002333333, ,0,0,0,0, ,,
9747,0.002,0.002,0.002,0.002, ,0,0,0.001,0.000333333, ,,
9748,0.002,0.002,0.002,0.002, ,0,0,0,0, ,,
9749,0.002,0.002,0.002,0.002, ,0.001,0.001,0,0.000666667, ,,
9750,0.002,0.002,0.002,0.002, ,0,0,0,0, ,,
9751,0.002,0.002,0.002,0.002, ,0,0,0,0, ,,
9752,0.002,0.002,0.002,0.002, ,0,0,0,0, ,,
9753,0.002,0.002,0.002,0.002, ,0,0,0,0, ,,
9754,0.002,0.002,0.002,0.002, ,0,0,0.001,0.000333333, ,,
9755,0.002,0.002,0.002,0.002, ,0,0,0,0, ,,
9756,0.002,0.002,0.002,0.002, ,0,0.001,0,0.000333333, ,,
9757,0.002,0.002,0.002,0.002, ,0,0,0,0, ,,
9758,0.002,0.002,0.002,0.002, ,0,0,0,0, ,,
9759,0.003,0.002,0.002,0.002333333, ,0.001,0,0.001,0.000666667, ,,
9760,0.002,0.002,0.002,0.002, ,0,0,0,0, ,,
9761,0.002,0.002,0.002,0.002, ,0,0.001,0,0.000333333, ,,
9762,0.002,0.003,0.002,0.002333333, ,0,0,0,0, ,,
9763,0.002,0.002,0.002,0.002, ,0,0,0,0, ,,
9764,0.002,0.002,0.002,0.002, ,0,0,0,0, ,,
9765,0.002,0.002,0.002,0.002, ,0,0,0.001,0.000333333, ,,
9766,0.002,0.002,0.002,0.002, ,0,0.001,0,0.000333333, ,,
9767,0.002,0.002,0.002,0.002, ,0,0,0,0, ,,
9768,0.002,0.002,0.002,0.002, ,0.001,0,0,0.000333333, ,,
9769,0.002,0.002,0.002,0.002, ,0,0,0.001,0.000333333, ,,
9770,0.002,0.002,0.002,0.002, ,0,0,0,0, ,,
9771,0.002,0.002,0.002,0.002, ,0,0.001,0,0.000333333, ,,
9772,0.002,0.002,0.002,0.002, ,0,0,0,0, ,,
9773,0.002,0.002,0.002,0.002, ,0,0,0,0, ,,
9774,0.002,0.002,0.002,0.002, ,0,0,0.001,0.000333333, ,,
9775,0.001,0.002,0.002,0.001666667, ,0,0,0,0, ,,
9776,0.002,0.002,0.002,0.002, ,0,0,0,0, ,,
9777,0.002,0.002,0.002,0.002, ,0,0.001,0,0.000333333, ,,
9778,0.002,0.002,0.002,0.002, ,0.001,0,0,0.000333333, ,,
9779,0.002,0.002,0.002,0.002, ,0,0,0,0, ,,
9780,0.002,0.002,0.002,0.002, ,0,0,0,0, ,,
9781,0.002,0.002,0.002,0.002, ,0,0,0,0, ,,
9782,0.002,0.002,0.002,0.002, ,0,0,0.001,0.000333333, ,,
9783,0.002,0.005,0.002,0.003, ,0,0,0,0, ,,
9784,0.002,0.002,0.002,0.002, ,0,0,0,0, ,,
9785,0.002,0.002,0.002,0.002, ,0,0.001,0,0.000333333, ,,
9786,0.002,0.002,0.002,0.002, ,0,0,0,0, ,,
9787,0.002,0.002,0.002,0.002, ,0,0,0,0, ,,
9788,0.002,0.002,0.002,0.002, ,0,0,0,0, ,,
9789,0.002,0.002,0.003,0.002333333, ,0,0,0,0, ,,
9790,0.002,0.002,0.002,0.002, ,0,0,0,0, ,,
9791,0.002,0.002,0.002,0.002, ,0,0,0,0, ,,
9792,0.002,0.002,0.002,0.002, ,0.001,0,0.001,0.000666667, ,,
9793,0.002,0.002,0.002,0.002, ,0,0.001,0,0.000333333, ,,
9794,0.002,0.002,0.001,0.001666667, ,0,0,0,0, ,,
9795,0.002,0.002,0.003,0.002333333, ,0,0,0,0, ,,
9796,0.002,0.002,0.002,0.002, ,0,0,0,0, ,,
9797,0.002,0.002,0.002,0.002, ,0,0,0,0, ,,
9798,0.002,0.002,0.001,0.001666667, ,0,0,0.001,0.000333333, ,,
9799,0.002,0.002,0.002,0.002, ,0,0,0,0, ,,
9800,0.002,0.002,0.002,0.002, ,0,0.001,0,0.000333333, ,,
9801,0.002,0.002,0.002,0.002, ,0,0,0,0, ,,
9802,0.002,0.002,0.002,0.002, ,0,0,0,0, ,,
9803,0.002,0.002,0.002,0.002, ,0,0,0,0, ,,
9804,0.002,0.002,0.002,0.002, ,0,0,0,0, ,,
9805,0.002,0.002,0.002,0.002, ,0.001,0,0,0.000333333, ,,
9806,0.002,0.002,0.002,0.002, ,0,0,0,0, ,,
9807,0.002,0.002,0.002,0.002, ,0,0,0.001,0.000333333, ,,
9808,0.002,0.002,0.002,0.002, ,0,0,0,0, ,,
9809,0.002,0.002,0.002,0.002, ,0,0.001,0,0.000333333, ,,
9810,0.002,0.002,0.002,0.002, ,0,0,0,0, ,,
9811,0.002,0.002,0.002,0.002, ,0,0,0,0, ,,
9812,0.002,0.002,0.002,0.002, ,0,0,0,0, ,,
9813,0.002,0.002,0.002,0.002, ,0,0,0,0, ,,
9814,0.002,0.002,0.002,0.002, ,0,0,0,0, ,,
9815,0.002,0.002,0.002,0.002, ,0,0,0.001,0.000333333, ,,
9816,0.002,0.002,0.002,0.002, ,0,0,0,0, ,,
9817,0.002,0.002,0.002,0.002, ,0.001,0.001,0,0.000666667, ,,
9818,0.002,0.002,0.002,0.002, ,0,0,0,0, ,,
9819,0.002,0.002,0.002,0.002, ,0,0,0,0, ,,
9820,0.002,0.002,0.002,0.002, ,0,0,0,0, ,,
9821,0.002,0.002,0.002,0.002, ,0,0,0,0, ,,
9822,0.002,0.002,0.002,0.002, ,0,0,0,0, ,,
9823,0.002,0.002,0.002,0.002, ,0,0,0.001,0.000333333, ,,
9824,0.005,0.002,0.002,0.003, ,0,0.001,0,0.000333333, ,,
9825,0.002,0.002,0.002,0.002, ,0,0,0,0, ,,
9826,0.002,0.002,0.002,0.002, ,0,0,0,0, ,,
9827,0.002,0.002,0.002,0.002, ,0,0,0,0, ,,
9828,0.002,0.001,0.002,0.001666667, ,0,0,0,0, ,,
9829,0.002,0.002,0.002,0.002, ,0.001,0,0,0.000333333, ,,
9830,0.002,0.002,0.002,0.002, ,0,0,0,0, ,,
9831,0.002,0.003,0.002,0.002333333, ,0,0,0.001,0.000333333, ,,
9832,0.002,0.001,0.002,0.001666667, ,0,0.001,0,0.000333333, ,,
9833,0.002,0.002,0.002,0.002, ,0,0,0,0, ,,
9834,0.002,0.002,0.002,0.002, ,0,0,0,0, ,,
9835,0.002,0.002,0.002,0.002, ,0,0,0,0, ,,
9836,0.002,0.002,0.002,0.002, ,0,0,0,0, ,,
9837,0.002,0.002,0.002,0.002, ,0,0,0,0, ,,
9838,0.002,0.002,0.002,0.002, ,0,0,0,0, ,,
9839,0.002,0.002,0.005,0.003, ,0,0,0.001,0.000333333, ,,
9840,0.002,0.002,0.002,0.002, ,0.001,0.001,0,0.000666667, ,,
9841,0.002,0.002,0.002,0.002, ,0,0,0,0, ,,
9842,0.002,0.002,0.002,0.002, ,0,0,0,0, ,,
9843,0.002,0.002,0.002,0.002, ,0,0,0,0, ,,
9844,0.002,0.002,0.002,0.002, ,0,0,0,0, ,,
9845,0.002,0.002,0.002,0.002, ,0,0,0,0, ,,
9846,0.002,0.002,0.002,0.002, ,0,0,0,0, ,,
9847,0.002,0.002,0.002,0.002, ,0,0,0,0, ,,
9848,0.002,0.002,0.002,0.002, ,0,0,0,0, ,,
9849,0.002,0.002,0.002,0.002, ,0,0,0,0, ,,
9850,0.002,0.003,0.003,0.002666667, ,0,0.001,0,0.000333333, ,,
9851,0.002,0.002,0.002,0.002, ,0,0,0,0, ,,
9852,0.002,0.002,0.002,0.002, ,0,0,0,0, ,,
9853,0.002,0.002,0.002,0.002, ,0,0,0.001,0.000333333, ,,
9854,0.002,0.002,0.002,0.002, ,0,0,0,0, ,,
9855,0.002,0.002,0.002,0.002, ,0,0,0,0, ,,
9856,0.002,0.002,0.002,0.002, ,0.001,0,0,0.000333333, ,,
9857,0.002,0.003,0.002,0.002333333, ,0,0,0,0, ,,
9858,0.002,0.002,0.002,0.002, ,0,0,0,0, ,,
9859,0.001,0.002,0.002,0.001666667, ,0,0.001,0,0.000333333, ,,
9860,0.002,0.002,0.002,0.002, ,0,0,0,0, ,,
9861,0.002,0.002,0.002,0.002, ,0,0,0.001,0.000333333, ,,
9862,0.002,0.002,0.002,0.002, ,0,0,0,0, ,,
9863,0.002,0.002,0.002,0.002, ,0,0,0,0, ,,
9864,0.002,0.002,0.002,0.002, ,0,0,0,0, ,,
9865,0.002,0.002,0.002,0.002, ,0,0.001,0,0.000333333, ,,
9866,0.002,0.002,0.002,0.002, ,0.001,0,0,0.000333333, ,,
9867,0.002,0.002,0.002,0.002, ,0,0,0,0, ,,
9868,0.002,0.002,0.002,0.002, ,0,0,0,0, ,,
9869,0.002,0.002,0.002,0.002, ,0,0,0.001,0.000333333, ,,
9870,0.002,0.002,0.002,0.002, ,0,0,0,0, ,,
9871,0.002,0.002,0.002,0.002, ,0,0,0,0, ,,
9872,0.002,0.002,0.002,0.002, ,0,0,0,0, ,,
9873,0.002,0.002,0.002,0.002, ,0,0,0,0, ,,
9874,0.002,0.002,0.002,0.002, ,0,0.001,0,0.000333333, ,,
9875,0.002,0.002,0.002,0.002, ,0,0,0,0, ,,
9876,0.002,0.002,0.002,0.002, ,0,0,0,0, ,,
9877,0.002,0.002,0.002,0.002, ,0,0,0,0, ,,
9878,0.002,0.002,0.002,0.002, ,0,0,0.001,0.000333333, ,,
9879,0.002,0.002,0.002,0.002, ,0.001,0,0,0.000333333, ,,
9880,0.002,0.002,0.004,0.002666667, ,0,0,0,0, ,,
9881,0.003,0.002,0.002,0.002333333, ,0,0,0,0, ,,
9882,0.002,0.002,0.003,0.002333333, ,0,0.001,0,0.000333333, ,,
9883,0.002,0.005,0.002,0.003, ,0,0,0,0, ,,
9884,0.002,0.002,0.002,0.002, ,0,0,0,0, ,,
9885,0.002,0.002,0.002,0.002, ,0,0,0,0, ,,
9886,0.002,0.003,0.002,0.002333333, ,0,0,0.001,0.000333333, ,,
9887,0.002,0.002,0.002,0.002, ,0,0,0,0, ,,
9888,0.002,0.002,0.002,0.002, ,0,0,0,0, ,,
9889,0.002,0.002,0.002,0.002, ,0,0,0,0, ,,
9890,0.002,0.002,0.002,0.002, ,0,0.001,0,0.000333333, ,,
9891,0.002,0.002,0.002,0.002, ,0.001,0,0,0.000333333, ,,
9892,0.002,0.002,0.002,0.002, ,0,0,0,0, ,,
9893,0.002,0.002,0.002,0.002, ,0,0.001,0,0.000333333, ,,
9894,0.002,0.002,0.002,0.002, ,0,0.001,0,0.000333333, ,,
9895,0.002,0.002,0.002,0.002, ,0,0,0.001,0.000333333, ,,
9896,0.002,0.002,0.002,0.002, ,0,0,0,0, ,,
9897,0.002,0.002,0.002,0.002, ,0,0,0.001,0.000333333, ,,
9898,0.002,0.003,0.002,0.002333333, ,0,0,0,0, ,,
9899,0.002,0.002,0.002,0.002, ,0,0,0,0, ,,
9900,0.002,0.002,0.002,0.002, ,0,0.001,0,0.000333333, ,,
9901,0.002,0.002,0.002,0.002, ,0,0,0,0, ,,
9902,0.002,0.002,0.003,0.002333333, ,0,0,0,0, ,,
9903,0.002,0.002,0.002,0.002, ,0.001,0,0,0.000333333, ,,
9904,0.002,0.002,0.002,0.002, ,0,0,0,0, ,,
9905,0.002,0.002,0.002,0.002, ,0,0,0.001,0.000333333, ,,
9906,0.002,0.002,0.002,0.002, ,0,0,0,0, ,,
9907,0.002,0.002,0.002,0.002, ,0,0.001,0,0.000333333, ,,
9908,0.002,0.002,0.002,0.002, ,0,0,0,0, ,,
9909,0.002,0.002,0.002,0.002, ,0,0,0,0, ,,
9910,0.002,0.002,0.002,0.002, ,0,0,0,0, ,,
9911,0.003,0.002,0.002,0.002333333, ,0,0,0,0, ,,
9912,0.002,0.002,0.002,0.002, ,0,0,0,0, ,,
9913,0.002,0.002,0.002,0.002, ,0,0,0,0, ,,
9914,0.002,0.002,0.002,0.002, ,0,0,0,0, ,,
9915,0.002,0.002,0.002,0.002, ,0,0.001,0,0.000333333, ,,
9916,0.002,0.003,0.002,0.002333333, ,0,0,0,0, ,,
9917,0.002,0.002,0.002,0.002, ,0,0,0,0, ,,
9918,0.002,0.002,0.002,0.002, ,0,0,0,0, ,,
9919,0.002,0.002,0.002,0.002, ,0,0,0.001,0.000333333, ,,
9920,0.002,0.002,0.002,0.002, ,0.001,0,0,0.000333333, ,,
9921,0.002,0.002,0.002,0.002, ,0,0,0,0, ,,
9922,0.002,0.002,0.002,0.002, ,0,0,0,0, ,,
9923,0.002,0.002,0.002,0.002, ,0,0.001,0,0.000333333, ,,
9924,0.006,0.002,0.003,0.003666667, ,0,0,0,0, ,,
9925,0.002,0.003,0.002,0.002333333, ,0,0,0,0, ,,
9926,0.002,0.002,0.002,0.002, ,0,0,0,0, ,,
9927,0.002,0.002,0.002,0.002, ,0,0,0,0, ,,
9928,0.002,0.002,0.002,0.002, ,0,0,0,0, ,,
9929,0.002,0.002,0.002,0.002, ,0,0,0,0, ,,
9930,0.002,0.002,0.002,0.002, ,0,0,0,0, ,,
9931,0.002,0.002,0.002,0.002, ,0,0,0.001,0.000333333, ,,
9932,0.002,0.002,0.002,0.002, ,0,0.001,0,0.000333333, ,,
9933,0.002,0.002,0.002,0.002, ,0,0,0,0, ,,
9934,0.002,0.002,0.002,0.002, ,0,0,0,0, ,,
9935,0.002,0.002,0.002,0.002, ,0,0,0,0, ,,
9936,0.002,0.002,0.002,0.002, ,0,0,0,0, ,,
9937,0.002,0.002,0.002,0.002, ,0,0,0,0, ,,
9938,0.003,0.002,0.002,0.002333333, ,0.001,0,0,0.000333333, ,,
9939,0.002,0.002,0.005,0.003, ,0,0,0,0, ,,
9940,0.002,0.002,0.002,0.002, ,0,0,0,0, ,,
9941,0.002,0.002,0.002,0.002, ,0,0,0,0, ,,
9942,0.002,0.002,0.002,0.002, ,0,0,0,0, ,,
9943,0.002,0.002,0.002,0.002, ,0,0,0,0, ,,
9944,0.002,0.002,0.002,0.002, ,0,0.001,0,0.000333333, ,,
9945,0.002,0.002,0.002,0.002, ,0,0,0,0, ,,
9946,0.002,0.002,0.002,0.002, ,0,0,0,0, ,,
9947,0.002,0.002,0.002,0.002, ,0,0,0,0, ,,
9948,0.002,0.002,0.002,0.002, ,0,0,0,0, ,,
9949,0.002,0.002,0.002,0.002, ,0,0,0,0, ,,
9950,0.002,0.002,0.002,0.002, ,0,0,0,0, ,,
9951,0.002,0.002,0.002,0.002, ,0,0,0,0, ,,
9952,0.002,0.002,0.002,0.002, ,0,0,0.001,0.000333333, ,,
9953,0.002,0.002,0.002,0.002, ,0,0,0,0, ,,
9954,0.002,0.002,0.002,0.002, ,0,0,0,0, ,,
9955,0.002,0.002,0.002,0.002, ,0,0,0,0, ,,
9956,0.002,0.002,0.002,0.002, ,0,0.001,0,0.000333333, ,,
9957,0.002,0.002,0.002,0.002, ,0,0,0,0, ,,
9958,0.002,0.002,0.002,0.002, ,0,0,0,0, ,,
9959,0.002,0.002,0.002,0.002, ,0,0,0,0, ,,
9960,0.002,0.002,0.002,0.002, ,0.001,0,0,0.000333333, ,,
9961,0.002,0.002,0.002,0.002, ,0,0,0,0, ,,
9962,0.003,0.002,0.002,0.002333333, ,0,0,0,0, ,,
9963,0.002,0.002,0.002,0.002, ,0,0,0,0, ,,
9964,0.002,0.002,0.002,0.002, ,0,0,0,0, ,,
9965,0.002,0.002,0.002,0.002, ,0,0,0,0, ,,
9966,0.002,0.002,0.002,0.002, ,0,0,0,0, ,,
9967,0.002,0.002,0.002,0.002, ,0,0.001,0,0.000333333, ,,
9968,0.002,0.002,0.002,0.002, ,0,0,0,0, ,,
9969,0.002,0.002,0.002,0.002, ,0,0,0,0, ,,
9970,0.002,0.002,0.002,0.002, ,0,0,0,0, ,,
9971,0.002,0.002,0.002,0.002, ,0,0,0,0, ,,
9972,0.002,0.002,0.002,0.002, ,0,0,0,0, ,,
9973,0.002,0.002,0.002,0.002, ,0,0,0.001,0.000333333, ,,
9974,0.002,0.002,0.002,0.002, ,0,0,0,0, ,,
9975,0.002,0.002,0.002,0.002, ,0,0,0,0, ,,
9976,0.002,0.002,0.002,0.002, ,0,0,0,0, ,,
9977,0.002,0.002,0.002,0.002, ,0,0,0,0, ,,
9978,0.002,0.003,0.002,0.002333333, ,0,0,0,0, ,,
9979,0.002,0.002,0.002,0.002, ,0,0.001,0,0.000333333, ,,
9980,0.002,0.002,0.002,0.002, ,0,0,0,0, ,,
9981,0.002,0.002,0.002,0.002, ,0,0,0,0, ,,
9982,0.002,0.002,0.002,0.002, ,0.001,0,0,0.000333333, ,,
9983,0.002,0.005,0.002,0.003, ,0,0,0,0, ,,
9984,0.002,0.002,0.002,0.002, ,0,0,0,0, ,,
9985,0.003,0.002,0.002,0.002333333, ,0,0,0.001,0.000333333, ,,
9986,0.002,0.002,0.002,0.002, ,0,0.001,0,0.000333333, ,,
9987,0.002,0.002,0.002,0.002, ,0,0,0,0, ,,
9988,0.002,0.002,0.002,0.002, ,0,0,0,0, ,,
9989,0.002,0.002,0.002,0.002, ,0,0,0,0, ,,
9990,0.002,0.002,0.002,0.002, ,0,0,0,0, ,,
9991,0.002,0.002,0.002,0.002, ,0.001,0.001,0.001,0.001, ,,
9992,0.002,0.002,0.002,0.002, ,0,0,0,0, ,,
9993,0.002,0.002,0.002,0.002, ,0,0,0,0, ,,
9994,0.002,0.002,0.002,0.002, ,0,0,0,0, ,,
9995,0.002,0.002,0.002,0.002, ,0,0,0,0, ,,
9996,0.002,0.002,0.002,0.002, ,0,0,0,0, ,,
9997,0.002,0.002,0.002,0.002, ,0,0,0,0, ,,
9998,0.002,0.002,0.002,0.002, ,0,0.001,0,0.000333333, ,,
9999,0.002,0.002,0.002,0.002, ,0,0,0,0, ,,
10000,0.002,0.002,0.003,0.002333333, ,0,0,0.001,0.000333333, ,,
10001,0.003,0.002,0.002,0.002333333, ,0,0.001,0,0.000333333, ,,
